N,P,K,temperature,humidity,ph,rainfall,total_npk,ratio_n_p,ratio_n_k,ratio_p_k,temp_humidity,log_rainfall,label,label_name
-0.578125,-0.825,-0.6206896551724138,0.7372769669092634,0.38585468169574927,0.7957668318507739,0.3327152558804925,-1.3571428571428572,-0.5413530181409243,-0.8654099275470282,0.012302837821685075,1.048117733920564,0.2905118180662388,16,orange
-0.4375,1.775,5.827586206896552,0.7053766528291364,0.012688812756622994,-0.8825397023458689,-0.4523754105609932,2.2142857142857144,-0.49660064323700626,-0.8377315703168565,-0.3478997320610235,0.603393941466239,-0.5090895325833449,7,grapes
-0.40625,0.5,-0.27586206896551724,-0.7590687983628485,-1.9460909531676018,-0.8453091194590616,0.79323939947585,-0.47619047619047616,-0.44736602789452184,-0.5820911979613662,0.8999382492291197,-1.8638275811245568,0.6199059581578366,9,kidneybeans
0.015625,-0.325,-0.4827586206896552,0.13727814429134305,-0.6513939647687005,-0.14075275306001536,-0.9999695630893005,-0.6190476190476191,0.06529027512037558,0.4395732936318608,0.45032932263692027,-0.4076672220943974,-1.4921584652004072,13,mothbeans
-0.296875,-0.975,-0.8275862068965517,-2.241163299678176,0.3794429358045839,-0.2310138166954944,0.41698805546270046,-1.2857142857142858,0.36861186986706396,0.5254273563340287,0.12602120488754628,-0.9926744604386287,0.35623192817498295,16,orange
0.984375,-0.125,-0.4827586206896552,-0.23105445906091143,-0.15145866334476812,0.00021713804974703938,-0.4351601552862303,0.21428571428571427,0.7774367558540741,2.5687564439763637,0.6861897317057185,-0.11212180893563967,-0.48634070312648786,6,cotton
0.71875,0.7,0.7931034482758621,-0.06434735020539242,0.09438849965409708,-0.8879320721158053,0.06595884484062736,0.8452380952380952,0.096006399939647,0.06743457259975498,0.09225036644817303,0.2189430227499827,0.062061634751375584,1,banana
-0.484375,-0.95,-0.7931034482758621,1.5594846150758561,0.337199623616799,1.3888502698391645,0.3989584281012821,-1.3571428571428572,-0.2613638200359717,-0.45330998585866106,0.09653866644782053,1.5463100691565144,0.3424028878107986,16,orange
-0.015625,2.05,5.724137931034483,0.00012862181939391759,0.11581470385297678,-0.20786132540342836,-0.4335977496741866,2.630952380952381,-0.3771488153746289,-0.7530190224390455,-0.3135367569118599,0.279845401256391,-0.4842924426896568,7,grapes
-0.546875,0.7,-0.5862068965517241,-0.6904759382254342,-0.5071879192993034,1.1004303723757936,-0.9996809842079157,-0.5952380952380952,-0.5259949598739225,-0.7829899355462444,1.8150592523529459,-0.6653268932451795,-1.4914364109328857,10,lentil
-0.09375,-0.65,-0.6896551724137931,-1.2945276249589466,0.319637620824831,0.5995095183853385,0.28805442709501083,-0.9285714285714286,0.210884655209309,0.7314773908533709,0.43558801635913236,-0.3877248911184652,0.25452499060031686,16,orange
-0.25,0.0,-0.5862068965517241,0.666786556575135,0.29099688619484937,0.253790191020039,-0.7871056295467703,-0.7023809523809523,-0.2915587192400765,-1.1538798407977658e-08,1.1343244888883024,0.8932006078833188,-1.0339677747257334,14,mungbean
1.25,-0.475,0.06896551724137931,0.13067322585532734,-0.9563148719580101,0.3354305088950609,0.5488237361057502,0.44047619047619047,1.6766865119014296,1.2617531805439774,-0.170538505824401,-0.7175138750527067,0.45378393920374893,5,coffee
-0.46875,0.3,-0.27586206896551724,-1.0334312362692868,-0.5415027296686615,0.39680394336049446,-0.7067351171348989,-0.6190476190476191,-0.4739482070746645,-0.6851161905379705,0.7230429399706416,-0.8579967959145742,-0.8908796591428435,10,lentil
0.90625,-0.35,0.10344827586206896,0.3110992950672488,-0.407868837446074,-0.08520151173233274,1.6540602794284651,0.25,1.016244625611348,0.8124256878150419,-0.10899677515927146,-0.07381530523057753,1.0945612689581385,5,coffee
0.84375,-0.75,-0.20689655172413793,0.14131091238533736,-0.7800514294488358,0.8504113627598605,1.6409527509226995,-0.09523809523809523,2.0874345299896366,1.2981149234960376,-0.24137667740128124,-0.535602631146048,1.0883189706041985,5,coffee
1.171875,0.9,0.5517241379310345,0.2909798818527551,-0.10585485383622881,-0.23710314913911978,0.07955481377417924,1.2023809523809523,0.2396130721154065,0.5769399985743885,0.29186064369202336,0.2305613629390735,0.07455246442788649,1,banana
-0.265625,-0.275,-0.5862068965517241,0.7029168699674383,0.2535169159477703,0.7870602882532819,-0.842270005431614,-0.8452380952380952,-0.23803137111116696,-0.04121000753919043,0.7451548182488921,0.8747072389178295,-1.140389106176999,14,mungbean
0.75,-1.05,0.7241379310344828,0.46591475997055104,0.41482480108319897,0.016586628938504787,-1.1176432609454923,0.011904761904761904,5.188055376833227,0.12596266513177803,-0.5798911400838406,0.8937636356592675,-1.818606919262295,15,muskmelon
-0.109375,1.775,5.689655172413793,-0.7178552576771909,0.40985896656806287,-0.8795156857312834,0.1925656655963962,2.4166666666666665,-0.39217843512786427,-0.7712754131188977,-0.3413594704012512,0.07224425704901989,0.1746731008713466,0,apple
-0.359375,1.75,5.896551724137931,-2.375617376266567,0.10787671189366775,-0.2795518365323716,-0.3439759604392636,2.2857142857142856,-0.4711628837692861,-0.8227788945697316,-0.3536874252672173,-1.4331001743651084,-0.37109464593432095,7,grapes
0.8125,-1.0,0.5172413793103449,0.7399893247946557,0.4749147240350581,-0.10622471493224282,-1.1332360104953338,0.011904761904761904,4.36694240120296,0.30512937368006793,-0.5458045284280051,1.1515838998034684,-1.8674920274097895,15,muskmelon
0.84375,0.825,0.6896551724137931,0.6292344600564467,-0.06165911293398297,-0.041745804994695594,0.3855706995641376,0.9642857142857143,0.11584389236303305,0.21635251877762796,0.18725428212311448,0.47457315776477016,0.3320542192707043,1,banana
0.0625,0.275,-0.5862068965517241,0.6701009612414539,-0.5517137093159974,0.9504936521876349,-0.5001771395750297,-0.3333333333333333,-0.14018567496218015,0.8241999084690392,1.5234941595277123,-0.05305540447101613,-0.5740566843626457,2,blackgram
-0.125,-0.25,-0.3793103448275862,1.03588913816278,-0.5954696001266743,2.385080232566771,-0.5115908255156107,-0.6547619047619048,-0.11226385866645713,-0.01177427985061361,0.36609347047823076,0.06864412958177231,-0.5899782560247465,13,mothbeans
-0.03125,0.575,-0.3448275862068966,0.20878680159421417,-0.5914562074990476,0.47901778024976405,-0.8790570979904325,-0.17857142857142858,-0.25442713251970794,0.11801045241366366,1.115026857134184,-0.31378249480933773,-1.2156277175144952,10,lentil
0.96875,-0.55,0.7931034482758621,0.637124963918295,0.36751961138134903,0.2351669446100805,-1.1566698538345404,0.44047619047619047,1.5296016557342282,0.24726001841118309,-0.3901913974050198,0.959096562266637,-1.943973157927154,15,muskmelon
-0.359375,0.2,-0.3448275862068966,-0.2932264704038898,-0.4255441820965109,0.3434383835361813,-0.8107224127766216,-0.6071428571428571,-0.39740376076449885,-0.47204177556275145,0.753195544112416,-0.39741811057170173,-1.078641216195954,10,lentil
-0.203125,-0.6,-0.7931034482758621,-1.1528208077726856,0.4275766271232987,-0.2811446888205533,0.41702236760634775,-1.0238095238095237,-0.0021145410233002343,0.7829898392064405,0.9220500523268735,-0.21483932781706586,0.35625812944935087,16,orange
-0.578125,0.1,-0.2413793103448276,0.46048860010159653,-1.2410448215533973,-1.8884115188160668,-0.8297860478842096,-0.7857142857142857,-0.5413530181409243,-0.8654099275470282,0.49750142261193087,-0.8969455188930134,-1.1156607886781655,13,mothbeans
-0.140625,0.6,-0.3793103448275862,-0.12906048544986956,-1.009530177981797,-0.43448152824369596,0.33044494474255004,-0.2619047619047619,-0.31487285238310364,-0.04120999184014512,1.2252992531908034,-0.8686860986429902,0.2887023719276941,18,pigeonpeas
0.765625,-0.375,-0.27586206896551724,0.17877149676702717,-0.2574786930191038,-0.6601820109004162,-0.36307732874231724,0.0,0.9078504025312403,1.3496274128499657,0.12602127122327889,0.011793969728891391,-0.3945403975534836,11,maize
0.078125,0.55,-0.2413793103448276,1.4767137395241496,-0.44866589766549825,0.07213701251327279,-0.36478166464462974,-0.07142857142857142,-0.1923253655594528,0.17308199935596358,0.879595291247066,0.46604430818644477,-0.3966496213642506,2,blackgram
-0.4375,0.65,-0.5172413793103449,-0.93526981945632,-1.8877396106978022,-0.664120273246846,0.19284512376189974,-0.5119047619047619,-0.47044665824320986,-0.5381540743889685,1.7336874229501695,-1.8486164716264724,0.17491287343625808,9,kidneybeans
1.390625,-0.325,-0.3103448275862069,-0.027082038061173836,0.10400985743403723,-0.26107784835287245,-0.10732281743845797,0.4880952380952381,1.470148427936017,2.520976778836166,0.206777823861596,0.25138493909848697,-0.10658711718452059,6,cotton
0.390625,-0.225,0.13793103448275862,-0.4745443716522797,0.0513200419628196,-0.001503789968576278,2.6074681751744806,-0.07142857142857142,0.35416803606064623,0.19918167719721092,-0.05087402943612169,-0.07285871938227496,1.4922906514885286,20,rice
0.015625,0.225,-0.41379310344827586,0.7505800720664885,-0.6698628575796731,1.0860150885793556,-0.8124623223333222,-0.3333333333333333,-0.1571455953681699,0.3090749780388878,0.9220501496192818,-0.1497419535185303,-1.0819836754392336,10,lentil
1.265625,-0.75,0.6551724137931034,-0.18873235372766353,0.19509094337086014,0.25345980755235703,-0.7823491349716216,0.5238095238095238,2.86740446185255,0.5648194127126549,-0.4514898806532725,0.2360852144923525,-1.0251234077297986,21,watermelon
1.390625,-0.125,-0.2413793103448276,-0.18726144005848355,0.038895352165001035,0.3340628090612587,-0.5754728859414933,0.6071428571428571,1.1203220970927739,2.2500658531619475,0.3064544882943631,0.0908220065934451,-0.682227338647981,6,cotton
-0.0625,0.6,-0.3793103448275862,1.305101453918602,-0.39052228117997023,0.26560357306620186,-0.5499594033589253,-0.20238095238095238,-0.27442996564063565,0.10596856810751258,1.2252992531908034,0.45387439571910243,-0.644726522759813,2,blackgram
-0.4375,0.225,-0.3103448275862069,1.1183913473111788,-0.7864772241005811,-0.1593281528440757,-0.5168901250596969,-0.6428571428571429,-0.450356523273693,-0.6235251628053715,0.7143904495098139,-0.12669337259184402,-0.5974262432518704,13,mothbeans
-0.4375,2.15,5.793103448275862,-0.7622921919058194,0.3414523890450466,-0.8144965779695093,0.13599447319068617,2.380952380952381,-0.5015005382637134,-0.8375931785313977,-0.3064877465846381,-0.013734321837233698,0.12535909293129996,0,apple
0.828125,-0.075,0.4482758620689655,-0.25204939103002055,-0.3106018126126682,0.07962362240676744,0.9970551756846809,0.44047619047619047,0.5961031629600664,0.3708900074113887,-0.1039426198059233,-0.2706816883287585,0.7460497161195937,8,jute
-0.25,-0.55,-0.6896551724137931,-0.5574366936064207,0.39099287612400646,0.007369673166119405,0.3827256845795922,-1.0,-0.10205960247043736,0.2163524494338873,0.612483318246973,0.16672871905066608,0.32984614346974844,16,orange
-0.140625,0.725,-0.5172413793103449,-1.0222372217542082,-2.082278310190361,-0.6374815953618371,0.83644839843562,-0.25,-0.3290278625660298,0.15271939338915771,1.8150592523529459,-2.010639268606163,0.6475153072146622,9,kidneybeans
0.359375,-0.175,-0.3103448275862069,-0.12550436336710893,-0.3532721447923455,-0.72647450051829,-0.3056210002385449,-0.2261904761904762,0.2858878392748703,0.747155170730683,0.34521763085656443,-0.24410203300620367,-0.32505629864653685,11,maize
1.0,0.475,0.5517241379310345,-0.02740196041466788,-0.18545418792316093,-0.42916439068049506,0.36891029746501597,0.8690476190476191,0.3339466012374425,0.4352806308303208,0.10390937368923926,-0.029991750577171947,0.3190789854409925,1,banana
-0.578125,-0.65,-0.6206896551724138,-1.0719762915694293,0.38493218332637624,-0.07153694824959615,0.3671704102659173,-1.2738095238095237,-0.5413530181409243,-0.8654099275470282,0.27764579381229054,-0.19036615035896975,0.3177176933427666,16,orange
-0.5625,-0.55,-0.10344827586206896,0.3139499205850242,-1.0513550038329915,-0.3888598498734461,-0.021012576214920562,-1.0357142857142858,-0.5204342840613773,-0.8440944116883952,-0.1393216888520392,-0.7459611532247958,-0.020302093002533973,12,mango
1.25,-0.35,0.0,-0.4180979304434524,-0.4536749288464335,0.36501260331483626,1.148442213201709,0.47619047619047616,1.3769514483750322,1.39470087064505,-0.0564020100578015,-0.4853603213053597,0.8335451940026555,5,coffee
-0.546875,-0.3,-0.5862068965517241,0.4426846310098237,0.07974051432022129,0.048246822969987155,-0.764797827666309,-1.0714285714285714,-0.510243105644994,-0.7829899355462444,0.709775757281673,0.5174277841932193,-0.992915890566904,14,mungbean
0.046875,2.3,5.827586206896552,-0.09467145973713358,0.07356944335589434,0.04640279459835054,-0.47547843879910695,2.738095238095238,-0.37166258318055057,-0.7423950065240429,-0.2924549316023693,0.18023589565783296,-0.5401505091847681,7,grapes
-0.546875,0.0,-0.5172413793103449,0.06209229469691812,-1.163765719551493,-0.6076712331126969,-0.9525696071230206,-0.9047619047619048,-0.5175630849122722,-0.792686404623015,0.922050135571714,-0.9497107506732679,-1.3778329080398841,13,mothbeans
0.40625,-0.1,0.10344827586206896,0.25434964525097886,0.2865268965641596,1.0261169266162418,1.6786038008332007,-0.011904761904761904,0.27180714500912784,0.24726000685097616,0.042627777619269135,0.6150554093278924,1.1061829427305108,8,jute
0.359375,-0.075,0.2413793103448276,-0.21437162503189564,-0.008146823858998158,0.6259664008175841,2.3088250176705825,0.011904761904761904,0.21695110259306943,0.08559001916970305,-0.016855698864467687,0.030600511132279917,1.378270865522189,20,rice
-0.078125,-0.65,0.10344827586206896,-1.2862741913157403,0.17384818213458725,-0.5519171634519167,0.2071895002025414,-0.6428571428571429,0.23515038660770365,-0.3002442465829625,-0.29094623849352014,-0.4832658084534596,0.18717089500798,19,pomegranate
1.015625,-0.575,0.7586206896551724,-0.0628302791367085,-0.008988366931256327,0.441357859747694,-0.6652597271225319,0.4523809523809524,1.6685618151125063,0.30220668201598244,-0.39483713300144135,0.12027485927548612,-0.8218813506124697,21,watermelon
-0.203125,0.25,-0.5172413793103449,-0.4995423108110728,-0.5080908406772241,-0.20312303988455252,-0.9564387596500684,-0.5238095238095238,-0.30267368727641614,0.007272347541131103,1.2342183230249664,-0.5731554938329675,-1.3868567923963149,10,lentil
-0.09375,0.275,0.6896551724137931,1.4349724823734769,0.419521594917048,0.5734374595738615,1.4778754857809842,-0.011904761904761904,-0.23803136842041048,-0.49689744583203543,-0.037266692357667636,1.569027002708194,1.008487690616615,17,papaya
-0.0625,0.225,-0.5862068965517241,0.5951605736637685,0.03798113570877205,0.0813310723290992,-0.6480576121894429,-0.4523809523809524,-0.20769920362774286,0.4945199404659042,1.452736037593274,0.5651238731181618,-0.7941373823289108,14,mungbean
1.234375,-1.125,0.7586206896551724,-0.024728652122658235,0.015172281457408178,0.22802662196861156,-0.6358752297263162,0.34523809523809523,7.666096351493642,0.4624677852893369,-0.5963012405584729,0.16650151202415123,-0.7747841256532233,21,watermelon
0.625,0.175,-0.4482758620689655,-0.4703377396861275,-0.8088944237580955,-0.6556918342553463,0.11556028745539486,0.09523809523809523,0.2640182578073463,1.6397240750049886,0.9499809834273675,-0.8216986397699559,0.10715522981450178,11,maize
-0.5625,-1.125,0.10344827586206896,0.260741508065331,0.5107886213813929,-0.20476914458910658,0.8874559202785244,-1.2380952380952381,-0.44024581678785835,-0.8477485000169012,-0.5790328887727474,0.8514071238924693,0.6794899039514797,4,coconut
-0.125,2.2,5.931034482758621,-0.3254390026691199,0.44432803160836576,-0.28236997297612976,0.3712489043012578,2.7023809523809526,-0.41478714878138156,-0.7779643208747612,-0.3101766610520164,0.37400964783826585,0.32090684446555806,0,apple
-0.125,0.425,-0.3103448275862069,-0.23487151737442022,-2.061837060647979,-0.6190755643736031,0.3719469831530629,-0.30952380952380953,-0.28263749301111857,-0.08600346337946768,0.8989768588364387,-1.882402569465611,0.32145204849297526,9,kidneybeans
0.890625,-0.3,-0.4827586206896552,-0.2821468863665209,-0.7759098583299769,-0.5517334085922543,0.13647675206668247,0.05952380952380952,0.9208128691677998,2.3627064616849607,0.4798118737705202,-0.7124404426174363,0.1257861724971747,11,maize
-0.046875,0.375,-0.4482758620689655,1.2918264003249955,-0.68526036884209,1.1838060934900851,-0.3612069759601229,-0.32142857142857145,-0.2288398029718776,0.2407531385149013,1.1734276874090555,0.07486100568407957,-0.39222900065300437,2,blackgram
0.3125,0.425,1.6896551724137931,-1.447310439340903,-2.1282896222693424,1.690518926604896,-0.37239500019001626,0.7142857142857143,-0.032843192885788935,-0.43041550169134407,-0.2244934951704211,-2.0999160256187936,-0.40610665122178546,3,chickpea
0.953125,-0.1,0.1724137931034483,-0.35276246690004676,0.02659880585683133,0.9674112758836837,2.189784028484644,0.42857142857142855,0.7235627912036013,0.7718521406122589,0.004106946332851635,-0.020779259000201875,1.330387799230238,20,rice
0.359375,-0.2,0.41379310344827586,-0.7799878120281433,0.08110591465000282,1.009184207698632,2.972171142449853,0.011904761904761904,0.3051259983022572,-0.022478154137467128,-0.1513827266550752,-0.23527134157757135,1.621071445221712,20,rice
0.203125,0.125,1.5172413793103448,-0.784222232049005,-2.0422815342535285,1.5731899714692648,-0.3601813479108375,0.42857142857142855,0.00029278399539804233,-0.45873231367707945,-0.2789758730364545,-1.945429479235677,-0.3909629763828264,3,chickpea
-0.203125,-0.6,0.06896551724137931,0.5824889901459245,0.49038837922307205,-0.23375672708128042,0.8517187471339102,-0.7261904761904762,-0.0021145410233002343,-0.429068777169386,-0.2485805549830683,1.0578466793155223,0.657156731029648,4,coconut
-0.421875,0.125,-0.4827586206896552,0.4295236507700106,-0.4004808041655276,0.9178387619644708,-0.8242961677390824,-0.7380952380952381,-0.43302385771365987,-0.521993290394689,0.9810152430417165,-0.0056404498299838625,-1.104909485624381,10,lentil
-0.03125,-0.325,-0.4482758620689655,-0.033245012182326755,-0.5842746613486492,2.385080232566771,-1.0511675449376963,-0.6428571428571429,0.017397383547115036,0.2732873463402522,0.39136422347314703,-0.42014055602992895,-1.625870974521354,13,mothbeans
0.640625,-0.4,0.41379310344827586,0.1776649171043166,0.13903753058287338,0.6570756264356626,1.50489869048897,0.13095238095238096,0.8105948895061804,0.2304013778854012,-0.24787107898713037,0.41432477297578735,1.02200252601851,20,rice
-0.484375,-0.1,-0.4827586206896552,0.6315703226524577,-0.008815704456370154,0.2908356693929523,-0.9249120171524605,-0.8928571428571429,-0.46390919307901457,-0.6593599452556247,0.7156722828393185,0.5349646383405398,-1.314807528490891,14,mungbean
-0.140625,0.475,-0.3793103448275862,-0.022237256859835543,-0.6745665396578454,1.0308366367117627,-0.9415398862310314,-0.32142857142857145,-0.29869569791721867,-0.04120999184014512,1.0989454616154248,-0.5027791904711778,-1.3523920500778877,10,lentil
1.203125,1.075,0.7241379310344828,0.1416002000944508,-0.12415874009560098,-0.24668867529303695,0.40503274290041985,1.369047619047619,0.19436332777398754,0.46419566733984136,0.27120895216756385,0.12612826555588696,0.3470757256981113,1,banana
-0.140625,1.8,5.862068965517241,-0.4771288167652791,0.3897986086326011,0.01107974146838211,0.434676358464576,2.4642857142857144,-0.40325535537491575,-0.7797257721591058,-0.34686716740520196,0.22072111068927056,0.36968085224284486,0,apple
0.375,-0.25,-0.5172413793103449,-0.06528675253453195,-0.5142698734921378,-0.41973056176771506,-0.30636694146503657,-0.32142857142857145,0.36121383454674805,1.3526575216353767,0.6098819481184621,-0.36777921790457424,-0.3259388124097387,11,maize
-0.46875,-0.7,0.10344827586206896,-0.9999071716186605,0.27511882742274724,0.6382790534738887,0.13179536328144897,-0.9642857142857143,-0.3567224537953324,-0.7417799348361388,-0.32127114904922827,-0.2241494187423019,0.12163563459860866,19,pomegranate
-0.234375,2.175,5.620689655172414,0.4015418199295129,0.10002805575484734,-0.2288168532305357,-0.36828619077109187,2.488095238095238,-0.4446417666463454,-0.795669930023904,-0.2944452578301713,0.5136919933060422,-0.4009956929791391,7,grapes
-0.265625,0.55,-0.3448275862068966,-1.6436314700111383,-1.9590912470351753,-0.46645063015134536,0.6032744387115717,-0.36904761904761907,-0.37514937405450927,-0.30345542471234715,1.0909047695993994,-2.0212417074306717,0.4923569553602506,9,kidneybeans
-0.03125,2.0,5.896551724137931,-0.5358409803925961,0.450137267645223,-0.5513257822712178,0.13466239372868188,2.6547619047619047,-0.3792727459209578,-0.7588323451037867,-0.32754526037691534,0.23233527532618148,0.12417886790467314,0,apple
-0.140625,0.425,-0.4482758620689655,1.5810802260066166,-0.644713797455033,1.2994693898191525,-0.37840023643604204,-0.36904761904761907,-0.2915587180155947,0.045547891562796095,1.2292893634044775,0.2580966070680517,-0.41360688634560666,2,blackgram
0.234375,0.0,0.7241379310344828,2.230058479461856,0.42276070237100094,0.5680706553499044,1.9563066117421293,0.11904761904761904,0.07718524580403227,-0.25892316496705264,-0.15934756508902898,2.1236612105765786,1.231969157751789,17,papaya
-0.453125,-0.025,-0.3793103448275862,0.5392323175253101,0.28851010782510134,-0.21782387136873357,-0.7498846406396338,-0.7976190476190477,-0.4442900906060873,-0.6299242316307758,0.5935302953139118,0.8058807247581085,-0.9660634046759433,14,mungbean
-0.421875,-0.35,-0.3448275862068966,0.5562935624841369,0.28894081880128486,0.654095721071372,-0.6138655583350819,-0.9166666666666666,-0.37739537143015883,-0.5844326761296876,0.22250961834715613,0.8176601606442901,-0.7404174165519055,14,mungbean
0.78125,-0.575,0.10344827586206896,0.18057683791502097,-0.786867252467012,0.33586026565123744,0.970337867006262,0.047619047619047616,1.343574339634061,0.6711342675740254,-0.24545887265995797,-0.5257874878790242,0.730084574851231,5,coffee
0.421875,-0.4,-0.3103448275862069,-0.43310323034658105,-0.6275919200555514,-0.7697400710015143,-0.5374992539473665,-0.2857142857142857,0.5679375727490078,0.854659510615864,0.13755792036411169,-0.6461921102379294,-0.6267351730788409,11,maize
-0.453125,-0.35,0.034482758620689655,0.4436955448029832,-0.8608460608814564,-0.31083025160725825,0.045412580109039036,-0.8095238095238095,-0.4101869007723119,-0.7155553911872568,-0.074996118899861,-0.49351042292786895,0.04299326859146778,12,mango
-0.28125,-0.325,-0.20689655172413793,1.0342485524934417,-1.0689974611301873,-1.8884115188160668,-0.02710593596447743,-0.75,-0.23803137151027437,-0.41368495864792654,0.10561027648710149,-0.5031664607461647,-0.026239276244843433,12,mango
1.3125,-0.1,-0.5517241379310345,-0.3316424115390435,-0.04195446229300154,1.3237910106326707,-0.37727697528057447,0.4523809523809524,1.020430787274255,3.554992428287286,0.8888822599235935,-0.06998911138733552,-0.4122012407494977,6,cotton
-0.375,0.55,-0.41379310344827586,0.8643011629877758,-1.5162908867998204,-1.0657013300489666,1.1487100250892142,-0.47619047619047616,-0.4333206494847545,-0.46361245984658334,1.266995999798765,-1.0874205973694846,0.8336957026281138,18,pigeonpeas
0.53125,0.125,0.1724137931034483,-0.40392946549353004,0.19071404920190274,0.06151699740099323,1.3775520148556573,0.21428571428571427,0.22778402089265337,0.32076973407857773,0.13319271443826675,0.09404061956176278,0.9572621574165014,8,jute
-0.25,-1.05,0.27586206896551724,-0.17460556132494376,0.34000892205845074,-0.486855014325204,0.18374616250450312,-0.9047619047619048,0.8741478794409246,-0.5408811955219125,-0.5506032847003269,0.3812109530435251,0.16708701571282641,19,pomegranate
0.765625,1.1,0.5862068965517241,0.43967609257699203,-0.08401366480532506,0.027912589047417957,0.2307432387217397,1.0,0.0078188139035969,0.2195063438743785,0.3588732818135385,0.3396076337759855,0.207091809080197,1,banana
-0.46875,0.125,-0.4827586206896552,-1.2490807442922363,-1.891849235130976,-0.7512832440290911,-0.31556440184693113,-0.7738095238095238,-0.4655226058418392,-0.6250182815403907,0.9810152430417165,-1.908556651345326,-0.33686151712533774,9,kidneybeans
-0.34375,-1.0,0.20689655172413793,-0.4144324244253272,0.40860854004558117,0.204106724660368,0.24763504708019107,-0.9761904761904762,0.28588778287208977,-0.6214033624356716,-0.5163880074098399,0.2803325033271518,0.22122298678398478,19,pomegranate
-0.5,0.35,-0.4482758620689655,-1.2547762986812228,-0.4186279617477966,0.5604437316315025,-0.7786209264597295,-0.6785714285714286,-0.49468814891841484,-0.7027388884202738,1.1454968494113447,-0.8780419310908142,-1.0182260153360596,10,lentil
-0.4375,-1.075,-0.5862068965517241,-1.93738864909306,0.46494976244090414,1.6017410981242486,0.26168132216423795,-1.3571428571428572,0.1411206194286677,-0.4945199635435012,-0.3869751327021189,-0.7383015820579442,0.23287680018132587,16,orange
0.109375,0.625,-0.3448275862068966,0.302677118639514,-0.4217015214718185,1.37714808003535,-0.43792138160134664,-0.047619047619047616,-0.19013847531577002,0.37088997868927015,1.1632710322037532,-0.09254586916289846,-0.48996717808440693,2,blackgram
1.28125,-1.125,0.7931034482758621,0.7228832815875439,0.46305728706379184,-0.26923361414871805,-1.1506257488978815,0.39285714285714285,7.666096351493642,0.4720418256754682,-0.5963012405584729,1.1260606154786874,-1.9238846562804532,15,muskmelon
0.6875,0.05,0.3448275862068966,-0.3194874476406117,0.016604598420334977,-1.2847381988007756,2.3531534143244874,0.35714285714285715,0.38578107846547693,0.32673643641343514,-0.00033250914572165337,-0.00971847771243094,1.395731894971901,20,rice
0.734375,-0.3,0.10344827586206896,-0.4059270589281995,-0.9559363793057741,0.5410161363919215,0.38175254963856653,0.14285714285714285,0.7652633066881482,0.6181499849836443,-0.07867186460356328,-0.9251697899745518,0.3290901537898616,5,coffee
0.609375,-0.175,0.4482758620689655,-0.005319908569117261,0.13260339175555205,0.31714313782599185,1.2535894722040486,0.2261904761904762,0.5064854012524156,0.1785766841956349,-0.15111470319208573,0.292832860692375,0.8915463871516343,8,jute
-0.234375,-0.35,-0.41379310344827586,0.36559077060840756,0.2002947886538439,0.1785760063188766,-0.9402249989178898,-0.7976190476190477,-0.18064619537724022,-0.18544498220781375,0.31176133776327297,0.5974688308637769,-1.3493867100459158,14,mungbean
1.046875,-0.825,-0.06896551724137931,-0.33209742728272346,-0.6780159174419481,0.35699224360350135,0.7819144154570574,0.07142857142857142,2.9636970182153006,1.2775099359040074,-0.3515960611211819,-0.6452913491190051,0.6125879045532706,5,coffee
-0.328125,-1.025,0.3103448275862069,-0.1289825284192266,0.1714325364060276,0.31514101647134485,0.18609346848033292,-0.9404761904761905,0.4292761795571112,-0.6241806724683762,-0.5405720260633381,0.2519945782786208,0.16910966012758394,19,pomegranate
-0.046875,0.225,-0.3103448275862069,-0.9349217640594777,-1.870317132968089,-0.7913694400909816,0.08938222719347816,-0.34523809523809523,-0.19758848197582823,0.04837696147700823,0.7143904495098139,-1.8351227955342175,0.08351908111968004,9,kidneybeans
-0.046875,0.225,-0.3448275862068966,-1.3621284676658147,-2.0997347108490128,-0.8159882840748784,0.09990821658246977,-0.35714285714285715,-0.19758848197582823,0.08991272727192956,0.7773176316472006,-2.0696385416402,0.09306615828840804,9,kidneybeans
-0.296875,0.175,-0.5517241379310345,-0.7008257291361637,-1.404845257627424,-1.50523462073355,1.4500204038310565,-0.6428571428571429,-0.3530844081789909,-0.1699912421428374,1.2537288276682346,-1.4087669228888338,0.9944329477703463,18,pigeonpeas
-0.578125,-1.125,0.13793103448275862,-0.2022633958255128,0.3481244676273872,-0.28547812418643154,0.18219111677782776,-1.25,-0.5413530181409243,-0.8654099275470282,-0.5963012405584729,0.3701386867777576,0.16574560384389792,19,pomegranate
1.4098437500000038,-0.1,-0.27586206896551724,-0.19353452103089136,-0.04526653694229476,0.8196788761595041,-0.06724772382666071,0.6904761904761905,1.1753184373980745,2.560171075625067,0.369252321453686,0.00834771282616926,-0.06592840685495246,6,cotton
0.34375,0.275,0.6896551724137931,2.7273391255102584,0.42293188501932266,0.18158338437153046,0.1533020601100052,0.32142857142857145,0.03593657326263431,-0.16404746234752587,-0.037266692357667636,2.302668739333591,0.1406128809709794,17,papaya
-0.5,0.35,-0.5517241379310345,-0.7265382680526103,-2.0885543428263373,-0.5787354734487038,0.24269453199697974,-0.7142857142857143,-0.49468814891841484,-0.6722380704903086,1.4859039162330059,-1.9747114498563167,0.2171031530270475,9,kidneybeans
1.171875,-0.65,0.6551724137931034,-0.08168530379011028,0.16909824445414934,0.5134830835385487,-0.6444340912845863,0.5,2.1764088984792735,0.4920958869367388,-0.40986745402725366,0.279872819669691,-0.7883557861509893,21,watermelon
0.890625,-0.025,-0.4482758620689655,-0.38401255367541576,-0.23278871837549242,-0.5720762374654843,0.04773432474041966,0.20238095238095238,0.5991363803934101,2.1928056080359535,0.7265342794456793,-0.2712036911859735,0.045159748936438475,11,maize
-0.484375,0.3,-0.3103448275862069,0.08627270093014966,-1.0296952552702525,-0.537894820672716,1.1104475709900943,-0.6428571428571429,-0.4835774657984159,-0.7041534177192571,0.7836103530072982,-0.8078467266499668,0.8120436376286775,18,pigeonpeas
-0.5,0.2,-0.5862068965517241,-1.1517636897725188,-2.031435988013144,-0.4705712341659551,0.6674863516760414,-0.7976190476190477,-0.4899425690779152,-0.6593599475450688,1.417356976626055,-1.991865886987167,0.5366500717607661,9,kidneybeans
-0.09375,-1.125,-0.20689655172413793,0.6258225709623763,0.3623648770221164,-0.7072211182776819,1.0580276432258888,-0.9880952380952381,2.5929702238041195,-0.12838497829059922,-0.5475416367145601,0.945658691817972,0.7818826805760161,4,coconut
1.0625,0.65,0.6896551724137931,0.6316603716215624,-0.14743765316097665,-0.6301001088782328,0.08866830154455763,1.0476190476190477,0.2858878473324111,0.3827775105198829,0.11581579024286559,0.3801794603797404,0.08286942559841455,1,banana
-0.296875,1.85,5.896551724137931,-0.5331856808542408,0.37189243358724056,-0.2779346187324588,0.13184240232051336,2.380952380952381,-0.4539963823112914,-0.8105985994333612,-0.3432305593110965,0.16692835276825307,0.1216773946692997,0,apple
0.0,-0.375,-0.20689655172413793,1.278424980340231,-0.9399635631698303,-1.8250988044443375,-0.004758597544718853,-0.5595238095238095,0.08214147679942559,0.014265011888064533,0.06478828191199769,-0.2520324679689695,-0.004574562966049289,12,mango
0.0,0.55,-0.3793103448275862,0.6907388195680039,-0.5747390537462107,-0.8928552377185995,1.6048071196380322,-0.17857142857142858,-0.2338762765810565,0.22371141606563877,1.1747577365606519,-0.06923063738360088,1.0709742681944168,18,pigeonpeas
-0.03125,0.375,0.5172413793103449,1.0719233938893902,0.3742477059594486,0.5349032644208532,-0.7780184048446595,0.023809523809523808,-0.21964823781984677,-0.4050854832442376,0.07521093163132785,1.2629722264449055,-1.0171141791482932,17,papaya
1.296875,-0.875,0.6551724137931034,0.42999853196499216,0.37356141846880153,0.1184296289033373,-1.2108060776323621,0.4880952380952381,4.0084715166870195,0.5890605879712935,-0.5035179139357961,0.8247094918493166,-2.1364945813945813,15,muskmelon
-0.265625,0.225,1.5862068965517242,-1.2735637454345285,-2.198392496227791,-0.07454074362101544,-0.06769089383718113,0.14285714285714285,-0.3391385851026325,-0.7069099343955219,-0.26178766422165517,-2.1168268759679623,-0.06637227468117846,3,chickpea
-0.015625,0.125,1.7586206896551724,-1.1477985429189015,-2.0455898886383594,1.046513156501033,-0.4349135866772751,0.34523809523809523,-0.15136804060277223,-0.5972966859125916,-0.3119544537454345,-2.001515882588786,-0.4860172809942546,3,chickpea
-0.390625,-0.8,-0.034482758620689655,0.30079513973903726,-0.938282223065845,-0.8862147800680253,-0.04910945562771649,-1.0,-0.15820989563755375,-0.6261260715693947,-0.34474850035598525,-0.6327488075215824,-0.04786929490753454,12,mango
-0.40625,0.5,-0.5172413793103449,-0.9707315726049085,-1.9879916826450608,-0.702014757915096,-0.20472481698692843,-0.5595238095238095,-0.44736602789452184,-0.46543055146495516,1.5463865104782184,-1.931551884182057,-0.21007291420235738,9,kidneybeans
1.296875,-1.075,0.4827586206896552,0.7000183482380772,0.34217583879387437,0.3088286723688499,-1.1247771853160575,0.3333333333333333,7.666096351493642,0.7471552057864455,-0.5777144137701853,0.9731788595537282,-1.8407823360864346,15,muskmelon
1.1875,-0.325,-0.2413793103448276,-0.6098504325984816,-0.0359981906617979,0.9805112606585431,-0.07368390081380444,0.35714285714285715,1.2626125644518884,1.9286278757872115,0.1366349911231918,-0.22900955167530154,-0.07238717608797475,6,cotton
-0.453125,2.125,5.827586206896552,2.7273391255102584,0.05650266585303346,-0.8426081241891654,-0.34850613731136465,2.369047619047619,-0.5056681178606311,-0.8408069433424311,-0.310936531755254,1.932192537794997,-0.37662330895037804,7,grapes
1.1875,0.85,0.4482758620689655,0.4214529206827202,-0.13143055701263215,-0.40381694042132427,0.2425393329782027,1.1547619047619047,0.2651257246357077,0.6868333241229843,0.3323991515160785,0.27827019021613175,0.21697355775541774,1,banana
-0.09375,0.1,-0.3448275862068966,-0.45163222166683625,-1.9924917568098826,-0.5721485848759742,0.24479868550377543,-0.4523809523809524,-0.1994267955215191,0.0056195518467274126,0.6567071939732779,-1.8526160226103605,0.21885911309651307,9,kidneybeans
-0.359375,0.15,-0.5862068965517241,0.7553424373890515,0.0876938083660428,0.19672021053542196,-0.9256745165543048,-0.7142857142857143,-0.39235290971709536,-0.28846998354154174,1.3465988546916168,0.7192877138121095,-1.3165113291350203,14,mungbean
-0.03125,0.1,-0.3448275862068966,0.9309796621001932,-0.9395015314978203,2.2580853979678945,-0.6648547562602224,-0.40476190476190477,-0.1553072829254668,0.11801045241366366,0.6567071939732779,-0.38741449584580945,-0.8212224902870727,13,mothbeans
-0.5625,-0.525,-0.10344827586206896,0.4879557113606111,-0.9809347555940947,0.0027875786118406014,-0.052508948959322475,-1.0238095238095237,-0.5211315751741192,-0.8440944116883952,-0.12102217396970016,-0.6057458305338447,-0.05123804268539383,12,mango
-0.34375,2.05,5.758620689655173,-0.2638198399534344,0.3724873598773066,-0.6217417248321424,0.3868157893240206,2.392857142857143,-0.4729346003216346,-0.8188157080915313,-0.3153280677748584,0.3509308782572964,0.3330195754162473,0,apple
0.921875,0.075,-0.3448275862068966,0.03177911905132344,-0.6464461809740433,0.541993934748687,-0.1958906969353917,0.30952380952380953,0.5371239560661191,1.8319716860594406,0.6325851064384934,-0.4507963148433506,-0.2003982110081369,11,maize
-0.53125,0.525,-0.27586206896551724,1.905937139227508,-0.7610640087079822,-0.40978437562026526,0.47224347251810284,-0.5595238095238095,-0.5160762139409245,-0.7881411831145749,0.9220501628864295,0.24366058913461466,0.3978646049222493,18,pigeonpeas
-0.078125,0.15,-0.3448275862068966,0.5497853084777523,0.23431022543116176,0.3463172441723047,-0.8503778072865843,-0.4166666666666667,-0.200781341743601,0.03371727698846151,0.704951369042847,0.7533134653386224,-1.1566620360362467,14,mungbean
0.96875,0.1,0.10344827586206896,-0.6578749504868164,-0.010208766133733,0.07196126232269424,2.972171142449853,0.5119047619047619,0.5506049186113697,0.88307139793555,0.16392741984210166,-0.2359306556860492,1.621071445221712,20,rice
0.46875,-0.15,0.20689655172413793,-0.4838066664929269,0.054803262576082167,0.8904778950667409,2.813584646840777,0.047619047619047616,0.3618714444121988,0.22448606328369797,-0.0415637489533779,-0.07547865523646673,1.56638136893816,20,rice
0.40625,-0.225,-0.3793103448275862,-0.3911510897891394,-0.27634647902063786,-0.6487499025872092,-0.46866803316017985,-0.23809523809523808,0.3686119240316393,0.9890399277934587,0.3913642287933064,-0.3139220598188887,-0.5309296494310144,11,maize
1.078125,-0.275,-0.06896551724137931,-0.36276488372315446,-0.5531531349659135,0.3571477797244723,0.4727646654774389,0.35714285714285715,1.0662517111167897,1.318719933278066,0.03757362249054999,-0.5470273667510192,0.39825205085754595,5,coffee
0.734375,-0.6,-0.10344827586206896,-0.3806531219241277,-0.9268237112577405,0.7538540986081215,1.2447741425311474,-0.07142857142857142,1.3459816517707601,0.9250934045781481,-0.17592071861671732,-0.8893641246723585,0.8867658061228871,5,coffee
0.78125,0.225,-0.3103448275862069,-0.9093630970102661,-0.55967206512928,0.007782672484212823,-0.5465594188375842,0.2857142857142857,0.338279765575645,1.4728094649556533,0.7143904495098139,-0.8126447069966919,-0.639796588540218,11,maize
-0.125,2.3,5.931034482758621,-0.5348901622333818,0.40199168150952835,-0.6466746498543535,0.4120905059312666,2.738095238095238,-0.419181796992514,-0.7775356659421944,-0.2954057752968512,0.191630237123562,0.35248755509450536,0,apple
-0.40625,-0.175,-0.5172413793103449,0.14246425794509954,-0.8397256170539462,1.6240256736146481,-1.0106219174739768,-0.8809523809523809,-0.3896921942813619,-0.46543055146495516,0.7035324043544376,-0.595316189207689,-1.5190487957908154,13,mothbeans
-0.25,0.3,-0.5172413793103449,-1.6893960349392203,-2.0634781634027393,-0.4626984202536291,0.22986965777751264,-0.5357142857142857,-0.33913858494214494,-0.10181293684488876,1.2966519605156168,-2.0919088642700525,0.2063574983238484,9,kidneybeans
0.765625,0.1,-0.3793103448275862,-0.6894733058932113,-0.7034672219615838,0.3816886696476982,0.25370755463985395,0.19047619047619047,0.40721650267419973,1.666061303552684,0.7198840868892902,-0.8267878989171329,0.2262718877692413,11,maize
-0.234375,-0.2,-0.27586206896551724,-0.016206647424763545,-0.9195150016620315,-1.8884115188160668,-0.8228074617593049,-0.6785714285714286,-0.2309773787784244,-0.2987724683757042,0.280804666824447,-0.7386086125542408,-1.1020067740957185,13,mothbeans
0.84375,-0.975,0.4827586206896552,-0.15152985725344004,0.16683167821048125,-0.08970548415965725,-0.7869261410262072,0.03571428571428571,4.059025026788349,0.3574519652308561,-0.5315678104353421,0.23329401684690707,-1.0336331147956952,21,watermelon
-0.328125,-0.825,-0.20689655172413793,0.5058357357114871,0.3793257976205189,-0.8845120349767998,0.8599017919731707,-1.0238095238095237,-0.002114551009197359,-0.48500995373725836,-0.302609669263937,0.8826660273214991,0.662298896274115,4,coconut
0.71875,-0.25,0.3793103448275862,-0.7742515455125861,0.07189033123732055,-0.181848916799785,2.3430600428354964,0.25,0.6867297486308267,0.3277632642609807,-0.1640047497566537,-0.23916422292269227,1.39177327981206,20,rice
0.109375,0.2,1.5862068965517242,-0.8396556305900597,-2.042491562601577,1.1965047011401804,-0.16919153687081287,0.4166666666666667,-0.08894106638644432,-0.5167099426137143,-0.2685913301586254,-1.9537820186410069,-0.17151869445645382,3,chickpea
-0.03125,0.325,-0.5862068965517241,0.5124151787301992,-0.572352538422079,0.07036990623434228,-0.42759120229031905,-0.38095238095238093,-0.20959496359189556,0.576939932466688,1.5942522814621505,-0.15078159426528653,-0.4764430581199324,2,blackgram
-0.03125,-0.825,-0.20689655172413793,1.1227299209622668,-0.9993459782479341,-1.180654005244537,0.04428925950267596,-0.7976190476190477,0.6382311287097283,-0.03328498483815677,-0.302609669263937,-0.3857162003036207,0.04194398591157548,12,mango
-0.03125,2.275,5.896551724137931,-0.7537331711405365,0.32628811655574147,-0.5494523525481487,0.48910560116023816,2.738095238095238,-0.39182825987774733,-0.7588323451037867,-0.29878887899758305,-0.020259307128040777,0.4103509855569977,0,apple
-0.484375,0.425,-0.4827586206896552,-0.19588736781630825,-0.6070685194408024,0.2868025746220305,-0.804738804292144,-0.6428571428571429,-0.48782566811406797,-0.6593599452556247,1.334805856644914,-0.5178442847488405,-1.0672008425231003,10,lentil
0.265625,0.375,0.6896551724137931,1.9154743588080714,0.4460249188099482,0.4468887827457517,0.16343570746353353,0.30952380952380953,-0.04500849993126183,-0.22348495939833107,0.0035553030024745884,1.9384579836105416,0.1494751527111215,17,papaya
-0.140625,-1.125,0.27586206896551724,-0.5915846780111014,0.36341316872673746,0.3467679241558136,0.2049094093075929,-0.8571428571428571,2.2896486197449217,-0.43270495151354055,-0.5904047299468419,0.11997523973666903,0.18522887651274564,19,pomegranate
0.28125,0.4,-0.5517241379310345,1.535049633231548,-0.36511557574534986,0.16933845525336869,-0.4149827550757641,-0.09523809523809523,-0.04336224934365466,1.259480500076888,1.5522396558229408,0.6051997576838279,-0.46009386959301896,2,blackgram
0.0,0.025,0.5172413793103449,2.7273391255102584,0.44966047405536896,0.11405881621118844,1.9830573348726102,-0.11904761904761904,-0.10970297949290411,-0.37878122928407815,-0.08286573092922961,2.302668739333591,1.2435661894561083,17,papaya
0.703125,-0.775,0.7586206896551724,0.6625308495417475,0.3188086244740451,0.11239198299023842,-1.2346675872217223,0.11904761904761904,1.9458844253221512,0.07326224876833329,-0.47345727226956424,0.9216333012437586,-2.2295630112669977,15,muskmelon
-0.375,-1.075,-0.6896551724137931,-0.06166263475136499,0.4040339926076673,0.6911492164109039,0.33094597521013075,-1.3452380952380953,0.4444422361262642,-0.19574750370169963,-0.3162170166641904,0.5190444639662924,0.2891018758619139,16,orange
-0.140625,-0.35,-0.13793103448275862,1.1468603783881932,-1.010224133511661,-0.3418794621906953,0.0653921570411293,-0.6309523809523809,-0.08227160735078086,-0.24725996840793818,0.03125593115185332,-0.3899814004215575,0.06153882829705993,12,mango
-0.203125,-0.525,-0.7241379310344828,1.1921324572990601,0.4703459841675768,0.1741311522310892,0.31302619311734453,-0.9642857142857143,-0.0560383869376011,0.4832808179520846,0.7773175658596951,1.4641454728095977,0.2747491651543433,16,orange
0.234375,0.425,1.5862068965517242,-1.3927164484321486,-2.1398627380122446,0.47660559971216787,-0.14772586302331842,0.6190476190476191,-0.07744931790816924,-0.45330994535311175,-0.207358336725893,-2.100641954957999,-0.14868231591286785,3,chickpea
-0.421875,0.2,-0.5862068965517241,0.7474895910307523,0.29488703117932047,-0.11013784317113828,-0.608155424478253,-0.7380952380952381,-0.4385321200149061,-0.4533099675431093,1.417356976626055,0.9511670205060128,-0.7316239504889289,14,mungbean
-0.125,-0.875,0.13793103448275862,-0.9895385034150411,0.28227163559031815,-0.7082760139669964,0.1369830128580655,-0.7738095238095238,0.5581879111091621,-0.3674557898440776,-0.43414720481939545,-0.21188183211757639,0.12623436314167924,19,pomegranate
-0.046875,0.5,1.6206896551724137,-1.3159581666274154,-2.17703431267258,1.329691823947451,-0.3410183861087352,0.4523809523809524,-0.2508477755611348,-0.5993706984925915,-0.19306202594549104,-2.116486391008067,-0.36749576154688546,3,chickpea
1.125,0.7,0.4482758620689655,0.3725309278533016,-0.028839088603715667,0.0600496803776283,0.23529812751879958,1.0357142857142858,0.2956611574106694,0.6318866603470543,0.26164102643683496,0.3591112289641748,0.21091493728697466,1,banana
0.046875,1.875,5.827586206896552,-2.375617376266567,-0.017208712962625754,-0.32229238537168897,-0.3995518291698469,2.630952380952381,-0.34876784213744255,-0.7423950065240429,-0.3373388176879465,-1.310646930837317,-0.44031563267567114,7,grapes
0.71875,-1.1,0.4482758620689655,0.6181232532162854,0.34317022873300257,0.2793861170294134,-1.1761863492792475,-0.13095238095238096,6.651702335097532,0.2747333458035118,-0.5874564745140876,0.9190483956129444,-2.0106675546372657,15,muskmelon
0.796875,-0.125,0.3448275862068966,-0.4915593447932611,0.09831610743919257,0.17781807555175233,1.6851637345985344,0.35714285714285715,0.6191819829746744,0.4297614308297715,-0.08878016535438298,-0.042410661056661844,1.1092745220112843,20,rice
0.90625,0.1,0.3448275862068966,0.22132737437636257,0.054042624317886305,-0.4927386377386643,1.6696188802822787,0.5476190476190477,0.5064854060153174,0.5327864252461078,0.02493824977103874,0.3545827981389505,1.101938524807331,20,rice
-0.15625,0.725,-0.5862068965517241,-1.1177794172125215,-1.9968201226295221,-0.6590357199470351,-0.14487365278665404,-0.2857142857142857,-0.3366109038365617,0.2472599644635529,1.8150592523529459,-1.9614800884558072,-0.14567302754957662,9,kidneybeans
1.109375,-0.4,-0.2413793103448276,-0.26649451433110793,-0.6540238094186046,0.5538865641460583,1.1306738293354037,0.2619047619047619,1.3305748539858357,1.8049978844892363,0.0729526796840026,-0.5937912984554015,0.8235268301687287,5,coffee
-0.546875,-0.1,-0.5862068965517241,0.7541114260453357,0.18338666962693015,-0.03076629098094198,-0.6158269527959621,-0.9761904761904762,-0.5155384097869544,-0.7829899355462444,0.9928082450194259,0.8280032176285979,-0.7434494106635922,14,mungbean
0.3125,0.175,1.5517241379310345,-1.1774966731664247,-2.11888340003966,1.5858889470205504,-0.22985643207045037,0.5476190476190477,0.0548309134051981,-0.40781838895334904,-0.27027015688495365,-2.0584512178989303,-0.23792921721137505,3,chickpea
0.734375,-0.275,0.3448275862068966,0.1325175628547556,-0.2418032769243766,0.27956003693718634,1.5568557667780896,0.23809523809523808,0.7325978993840566,0.37089000544900796,-0.1645924421046641,0.0025043369744263216,1.0476622539198555,8,jute
-0.53125,-0.05,-0.4827586206896552,0.41473126953325606,-0.5328659889818698,-1.8884115188160668,-1.051715884598696,-0.9047619047619048,-0.5042115918034679,-0.7623849364013265,0.7746373851065181,-0.15471826543247472,-1.6273670638723656,13,mothbeans
-0.4375,0.0,-0.4482758620689655,0.2645281813744793,-1.0505935851067936,-0.9638877888240496,-0.7879443048546496,-0.7976190476190477,-0.43429831861198953,-0.5726020571188705,0.7544651174433902,-0.7632910386948171,-1.0355324555006131,13,mothbeans
0.03125,-0.65,0.13793103448275862,-1.147030870386472,0.4865440011649117,-0.8850866792153044,0.21744051988395546,-0.5476190476190477,0.405010506396466,-0.1957474664982326,-0.3014757210328776,-0.16813225400195925,0.19587218192176714,19,pomegranate
0.015625,-0.9,-0.06896551724137931,0.5894217396699517,-1.090520660438377,-1.3895936280298768,0.037952929871166045,-0.75,0.9954765961086138,-0.08241997743991908,-0.4046646543409635,-0.6883518227163181,0.036012003621262695,12,mango
0.984375,-0.4,0.13793103448275862,-0.03609931468956113,-0.2870357983854686,-0.08686404594075925,1.6223691902654513,0.2976190476190476,1.1919135301245947,0.851673305911422,-0.15406296127007998,-0.1333227177749559,1.0794256684332746,8,jute
0.0,0.1,1.7241379310344827,-1.0510428681274326,-2.104132407737952,2.041796353491035,-0.27647981469396365,0.3333333333333333,-0.13324752662744066,-0.5864885979608572,-0.3140597315635763,-2.030924526405365,-0.2909654137642879,3,chickpea
0.265625,0.4,0.6896551724137931,1.7610054375926019,0.4295804071994095,0.15846366497968967,0.7887076592653847,0.32142857142857145,-0.05241662695815047,-0.22348495939833107,0.013760801842510145,1.8082530394641563,0.6169817344339661,17,papaya
-0.25,0.3,-0.3448275862068966,-0.07303380873358553,-0.43125798025797013,0.4385421807609171,-0.3413948871058595,-0.47619047619047616,-0.33913858494214494,-0.27535769957061307,0.8496838942515542,-0.291740035738352,-0.367953439931416,2,blackgram
-0.171875,-0.4,-0.034482758620689655,1.3743278900247269,-0.924934254767206,-1.1189945906281236,0.05552698552812627,-0.6428571428571429,-0.09070371559188943,-0.3469615729288225,-0.0708460834432388,-0.1952593932095875,0.05240932513853351,12,mango
-0.140625,2.125,5.793103448275862,-0.4258809382725867,0.3989210767268834,-0.19022102181813963,0.3381984831147192,2.5952380952380953,-0.4164558671598981,-0.7788689306095108,-0.3091411763208077,0.2638851866866074,0.2948733177870652,0,apple
0.984375,-0.25,-0.3448275862068966,-0.537103980331078,0.1351473421829761,0.9093252230209271,-0.022130758807276725,0.20238095238095238,0.9382647731503418,1.9443625866263772,0.3189979684862943,-0.039047440015754185,-0.02138992131255318,6,cotton
1.140625,-0.9,0.5517241379310345,0.5304061091271155,0.4147570659514857,-0.22433816350593266,-1.1377621782429401,0.32142857142857145,3.9073642862656337,0.5511837498936489,-0.5041682645550623,0.9382240389313231,-1.8819743286852129,15,muskmelon
0.359375,0.1,0.27586206896551724,-0.09078221038399562,0.28319666316065323,0.6110868892556262,0.9607163205206938,0.10714285714285714,0.1204396707998599,0.06181502109615971,0.05968554241290193,0.38331926770685415,0.72429481724922,8,jute
-0.40625,-0.375,0.034482758620689655,1.815340882920521,-0.9529355134954982,-0.46407131681985087,0.010141976407056955,-0.7857142857142857,-0.3559897899154149,-0.6593599400523423,-0.09107751083337476,-0.0598604784046221,0.009705152501808501,12,mango
1.4098437500000038,-0.4,-0.4827586206896552,-0.1781336127743613,0.05727592218208449,0.6417423902260236,-0.520713101855984,0.4523809523809524,1.7292261600869054,3.554992428287286,0.361881669236121,0.11360937291134923,-0.602821515276778,6,cotton
0.453125,0.075,-0.3793103448275862,-0.05696099263001954,-0.684622669607317,-0.5251375373942652,-0.38361591634771863,-0.05952380952380952,0.20009990162641803,1.0773470637620535,0.6946133285742144,-0.5281025994369618,-0.42015044898342163,11,maize
0.078125,0.7,1.8275862068965518,-1.4379963823355848,-2.1782303002898833,-0.3094302594770139,-0.3082089117799434,0.7142857142857143,-0.2188337945338882,-0.5599711168925822,-0.1767818610531107,-2.1168268759679623,-0.32812016937257044,3,chickpea
-0.3125,0.325,-0.4827586206896552,1.9472302266653234,-0.7499873611469557,-0.3608230398600349,0.5052522001649035,-0.5595238095238095,-0.38021339164568174,-0.2816016443880515,1.216875652110515,0.2770395987386953,0.4222143996236369,18,pigeonpeas
0.046875,1.725,5.689655172413793,-0.2969185700185738,0.4020629443969948,-0.5554354332832452,0.42108496741935725,2.511904761904762,-0.33913858341751224,-0.7398972416428541,-0.34674714499204823,0.3553519355786903,0.3593572801559083,0,apple
1.4098437500000038,0.2,-0.4482758620689655,-0.0772962023055604,0.0659731762315616,0.09113104388546893,-0.021377525953852783,0.7380952380952381,0.7953186574973118,3.3640370897485843,0.9779118214250784,0.18362927313557367,-0.02065705224935055,6,cotton
-0.015625,0.1,-0.41379310344827586,0.25935668726438527,0.12790066952849696,0.20956131072332318,-0.6686313301928402,-0.4166666666666667,-0.1442774047764538,0.24725998300805002,0.7893786687810191,0.45423574828097063,-0.8273775710604887,14,mungbean
0.359375,-0.125,0.7241379310344828,-0.1789863120041075,0.4186803059428236,0.3386695089291615,1.5026745206985062,0.15476190476190477,0.24992084625607475,-0.16561750918551793,-0.20941227639793514,0.45204275028205204,1.0208945942398673,17,papaya
-0.515625,-0.775,-0.2413793103448276,0.5918629607560068,-1.0972249956723488,-0.7859052055887192,0.08825936576482978,-1.1547619047619047,-0.4200243623622377,-0.766505934508648,-0.24545887751194348,-0.6949076714746196,0.08249718154491303,12,mango
0.484375,-0.275,-0.4482758620689655,0.10838273846209256,-0.48250432470394733,0.22950140871838223,0.2111027410733506,-0.2261904761904762,0.4899405817602506,1.3469162045768308,0.44722589946856917,-0.25169236507010856,0.1904982787695535,11,maize
1.09375,-0.5,-0.034482758620689655,-0.40694959485117227,-0.9276735672060816,0.3430057030415723,0.9882669986415972,0.27380952380952384,1.5525447880926586,1.2682044549202032,-0.1393216876714254,-0.9004825175920398,0.7408163155446662,5,coffee
-0.203125,0.1,1.5862068965517242,-1.4242962403292898,-2.198392496227791,0.22311629908927993,-0.32511101649150087,0.13095238095238096,-0.2766359425646106,-0.6752099357652206,-0.2958059939065065,-2.1168268759679623,-0.34828049404279743,3,chickpea
-0.15625,0.15,-0.27586206896551724,0.31494406515657203,-1.2514534268722877,-0.34803541959286327,0.8055139853660739,-0.4523809523809524,-0.25399566618068276,-0.16999122765494876,0.5903714580267833,-0.9551020765653012,0.6277989842643583,18,pigeonpeas
-0.515625,0.725,-0.5517241379310345,0.6374835666059754,-0.4214548979585525,1.035553928292493,-0.8441678887209687,-0.5476190476190477,-0.5110208530587965,-0.7108724419016526,1.8150592523529459,0.07705099557637407,-1.1441830750738973,10,lentil
1.4098437500000038,-0.05,-0.3448275862068966,-0.0034971966364085536,-0.019088115921405305,0.8971472375723665,-0.46939011425246413,0.6666666666666666,1.0804892652613396,2.815392066020133,0.5119746687645707,0.1458275906257777,-0.5319047179510803,6,cotton
-0.171875,0.4,-0.5517241379310345,0.622102177078498,-0.4252876901560184,0.7631957595618565,-0.4562831423154816,-0.44047619047619047,-0.30593920016403325,0.139083729147914,1.5522396558229408,0.06499826906245013,-0.5142999557694745,2,blackgram
-0.328125,-0.9,0.3448275862068966,-1.0124870002939306,0.28765361638425524,0.47069465220553236,0.23330327558441155,-0.8690476190476191,0.1057331352273023,-0.6299242260239737,-0.48047692856416885,-0.22300030290523684,0.20924172122129236,19,pomegranate
0.734375,0.0,0.10344827586206896,-0.5577167793070246,0.0034275532871249994,-0.397797233534255,1.748069042216927,0.2857142857142857,0.457824177462467,0.6181499849836443,0.1032775987306854,-0.16452370144830722,1.138613121641937,20,rice
-0.390625,0.175,-0.3103448275862069,-0.6540316192948294,-0.5770983725034041,0.3418855966099932,-0.7510037327798792,-0.6309523809523809,-0.4158406114996354,-0.5428969078914859,0.6682438471781579,-0.7058145303613195,-0.9680624347908849,10,lentil
-0.453125,2.2,5.758620689655173,0.6675827522134435,0.033575997617800016,-0.0974076862005429,-0.48506061422550606,2.380952380952381,-0.5064382955589815,-0.8405596771707632,-0.2993274864516247,0.6041497447292449,-0.553217332001435,7,grapes
1.078125,-0.75,0.6896551724137931,0.5854631632029677,0.47950851493971963,-0.14855651530065114,-1.2150393231956933,0.39285714285714285,2.520751158802366,0.39466500993004394,-0.4556921447991251,1.0479085311526668,-2.15260226914797,15,muskmelon
0.484375,0.275,0.6206896551724138,1.3320944398371395,0.4113378453971112,0.5597659110924739,1.740432510320979,0.40476190476190477,0.12399769737504152,-0.024725969907118263,-0.011957055740572169,1.4874701266613088,1.1350808359771265,17,papaya
-0.34375,1.8,5.931034482758621,-0.5186205535152786,0.40404893458173446,-0.06712908923976717,0.3490909830403706,2.3333333333333335,-0.46737212737341977,-0.819957723268666,-0.350035211046875,0.20459418451521705,0.3035014206830003,0,apple
-0.125,2.025,5.931034482758621,-0.42111981248206704,0.3258765561574874,-0.3430238162826531,0.2277104334326016,2.607142857142857,-0.4080753224267984,-0.7775356659421944,-0.3266225957254362,0.20255674657610365,0.20454102007830482,0,apple
1.296875,-0.775,0.4482758620689655,0.025502310814730568,0.27449658105053965,-0.3252174140204765,-0.6867397907967615,0.4642857142857143,3.0985066552196736,0.7829899857308611,-0.43414720350905983,0.45168512027260754,-0.8572336519466697,21,watermelon
-0.296875,-0.6,0.3103448275862069,-0.5467049361292088,0.3960059617672163,0.7623104376272514,0.17020690532153432,-0.7142857142857143,-0.1369241603027062,-0.5940270155835446,-0.3205315156232308,0.1783774371018204,0.15536884342073873,19,pomegranate
0.03125,0.325,0.6896551724137931,0.5893878250330883,0.4743537674548928,0.2533477934248976,-0.5264980925203451,0.10714285714285714,-0.17167975735772079,-0.401797450550747,-0.016855694677596525,1.044965154761274,-0.6110214417002653,17,papaya
-0.125,-0.175,-0.41379310344827586,0.7840547738704124,-0.5714712584559295,2.24289569651197,-1.0660619232931523,-0.6309523809523809,-0.14151993705662355,0.03090750040011813,0.49750141093684086,-0.021433228466329106,-1.6670284314312358,13,mothbeans
0.640625,-0.025,0.3793103448275862,-0.06838724170800868,0.17443525258847803,-0.08509498435410746,1.0975422212606512,0.2976190476190476,0.40501052532373627,0.25588536114001625,-0.05293094887497175,0.2934697424238339,0.8046722919397609,8,jute
-0.046875,-1.025,-0.6206896551724138,1.4795182544499257,0.3875683353289392,0.30141584357321477,0.37312672604681674,-1.0476190476190477,1.5212340269674012,0.6358113481757186,-0.29094625473900676,1.5581572843293299,0.3223730015199559,16,orange
0.015625,-0.9,-0.1724137931034483,1.4263483038294018,-1.078265714185313,0.3548970668178555,-0.04248233625288568,-0.7857142857142857,0.9954765961086138,0.004578902683134516,-0.3751821036441423,-0.3729260670818891,-0.04132299081362059,12,mango
-0.375,2.3,5.931034482758621,0.9031048678854289,0.06340060898063732,-0.34764714856372064,-0.44700312242412665,2.5595238095238093,-0.48658660866060244,-0.8260180171724476,-0.2954057752968512,0.7820532913719708,-0.5019546671845435,7,grapes
0.046875,-1.0,0.41379310344827586,-0.18380698214019525,0.1873400580976002,-0.1117862075473511,0.28125535167889537,-0.6071428571428571,1.6646224512271135,-0.3034554119406541,-0.5373361359832959,0.23198615158751723,0.24897274290566648,19,pomegranate
0.65625,-0.225,0.1724137931034483,-0.11193023236166706,0.07733679100604375,0.16031994989238907,2.972171142449853,0.14285714285714285,0.5997141315675284,0.45442378045892784,-0.06760736928126793,0.17320824359931505,1.621071445221712,20,rice
-0.015625,-0.2,-0.27586206896551724,0.2731045382522517,-1.2415219042428693,-1.8884115188160668,-0.9016730590995097,-0.5119047619047619,-0.033465608275015366,0.0618150056424111,0.280804666824447,-0.9582846311892672,-1.2637547456110991,13,mothbeans
-0.140625,0.625,1.7241379310344827,-0.8585946383068055,-2.198392496227791,0.22847554852889604,-0.186536779919622,0.47619047619047616,-0.317852854524917,-0.654334326779115,-0.17815235581080902,-2.1049314060173434,-0.19021935081531746,3,chickpea
-0.25,-0.75,0.20689655172413793,-0.5141976535458194,0.29561619325388666,-0.10637761118283368,0.17145911733257924,-0.7857142857142857,0.06529026219689743,-0.523800736391129,-0.3767338137461746,0.11397143729081347,0.15645633625572442,19,pomegranate
-0.453125,-0.625,-0.20689655172413793,0.005017669050362898,0.3735620158515974,-0.7470678065651932,2.000244234780209,-1.0238095238095237,-0.35469354555841265,-0.6752099406421433,-0.13932169096352162,0.5351136819994029,1.2509717763975123,4,coconut
-0.15625,-0.525,-0.8417241379310345,1.247997304872477,0.3366802509371622,1.255886043913792,0.3143007119174028,-1.0,0.00462594196281432,2.472599303416847,1.8150592523529459,1.3359036026483093,0.2757743626732822,16,orange
0.203125,0.575,-0.5172413793103449,0.2742360489783337,-0.5782485780494797,0.11205427736654425,-0.35438601143564474,-0.05952380952380952,-0.13145889582490092,0.9526781455533037,1.6400369667141939,-0.269427928436742,-0.38382855164819035,2,blackgram
-0.5,1.875,5.689655172413793,-2.2049197121268658,0.022429341168346918,-0.014323338730177704,-0.4686317423687786,2.1666666666666665,-0.5172798711404891,-0.8497208418090064,-0.3305841212196571,-1.1429634884389321,-0.5308806599543127,7,grapes
-0.3125,-0.875,-0.6206896551724138,-1.5814716788938536,0.3917214771635762,0.1988726589810884,0.1384070735261562,-1.1785714285714286,0.10320545762636779,-0.11479928968565482,-0.06350943531848786,-0.5345698074661028,0.12749438697107174,16,orange
-0.171875,-0.675,0.06896551724137931,0.9973733635566322,-0.9525889766158968,0.38923072501759043,-0.08517014360832553,-0.7380952380952381,0.11584387280360191,-0.3927070146379158,-0.29540578447826865,-0.3771089461250241,-0.08398072886373921,12,mango
-0.125,-0.725,0.3793103448275862,-1.015091376735459,0.2493613546286729,-0.8911876430754068,0.19081057353435354,-0.6190476190476191,0.258313125853447,-0.44851808944543475,-0.39849388495131566,-0.25356551646423153,0.17316640318445758,19,pomegranate
0.8125,-0.275,0.3793103448275862,0.1259755641054093,-0.254782524407098,0.7097444346939321,1.6124328724599268,0.30952380952380953,0.808428311141496,0.41401674800613786,-0.17634628318795167,-0.014111690128177598,1.0746496472625615,8,jute
-0.03125,0.15,1.7586206896551724,-1.0463188710890317,-2.1235519799047724,1.0712414895189781,-0.2417658531145139,0.34523809523809523,-0.16885274708135192,-0.6047442759579926,-0.30556064719731957,-2.044783384900236,-0.25130589460396857,3,chickpea
-0.046875,0.125,-0.5172413793103449,1.3685181183922135,-1.518302106058641,-1.8884115188160668,0.7604581062265542,-0.4642857142857143,-0.17303387268822512,0.37088996216119746,1.0781342292983405,-0.9569371317500189,0.5986281038689523,18,pigeonpeas
0.0,0.275,-0.5172413793103449,0.028970686164125917,-0.3600714430244624,0.7068799232290432,-0.34132394237050534,-0.35714285714285715,-0.1793239523454723,0.4799752465472173,1.2654351417702916,-0.17033350403085748,-0.3678671885137077,2,blackgram
-0.1875,-0.075,-0.3793103448275862,0.5061177041139073,0.0992022859442645,-0.1678544504779431,-0.7150683102074508,-0.6190476190476191,-0.22539296783509358,-0.12951712780873967,0.5429887786837603,0.5777340837012742,-0.90511937198969,14,mungbean
-0.046875,-0.9,0.06896551724137931,0.2669084018815175,0.35549431455631814,-0.7728947571008769,2.2006677581328846,-0.75,0.8337050577665572,-0.2472599645120351,-0.4358814729638698,0.694849615328027,1.3348273443330683,4,coconut
1.015625,0.05,-0.3793103448275862,-0.430024867253475,-0.14916418468446757,0.494156950118455,-0.0554805249073192,0.35714285714285715,0.626149177585655,2.1370326953851886,0.6693425702591387,-0.22260211225179335,-0.054188724779027295,6,cotton
-0.0625,0.15,-0.5172413793103449,0.412201786831294,0.27514949756029566,0.36141945688042965,-0.6262487752390375,-0.4642857142857143,-0.19013847685618462,0.3345282006991908,1.1093510480436655,0.7074290617984133,-0.759659618093778,14,mungbean
0.203125,-0.125,0.6896551724137931,0.9819744281497041,0.32558698873024167,0.31002902840056407,-0.6902712937409894,0.023809523809523808,0.1180418688565749,-0.27103495703897534,-0.2005546737982364,1.1435446439250867,-0.863123473153671,17,papaya
1.015625,-1.0,0.4482758620689655,0.6090207782630683,0.4235094131665102,-0.0779202337446598,-1.196074967018652,0.14285714285714285,5.083884428747572,0.5357299987391775,-0.5402843911279251,1.00224275831293,-2.081706247904335,15,muskmelon
0.0,-0.675,-0.6551724137931034,-1.1051487798587671,0.34220955945404674,1.458432751211059,0.22443164201778398,-0.8571428571428571,0.39388871128013225,0.8939398836558596,0.30972021168078256,-0.2443809590851533,0.20177863176991226,16,orange
-0.34375,-0.6,-0.13793103448275862,1.4363543681705773,-1.158204445838471,-1.8884115188160668,-0.06685380981466872,-0.9047619047619048,-0.2043289699424093,-0.5342581637225157,-0.15827475846753178,-0.4728200099791904,-0.06553397877159624,12,mango
0.015625,0.275,-0.2413793103448276,1.2532421411400694,-0.42953593701445686,1.0478500089985012,-0.5317504631196179,-0.25,-0.16953938299964927,0.07417800631758338,0.6460934826367056,0.378354835118277,-0.6185039931181863,2,blackgram
0.765625,0.2,0.10344827586206896,0.046556201168805746,0.05280252595496899,0.5279318012523946,2.5192863826657943,0.40476190476190477,0.34290670574283194,0.6534728400438985,0.22457724095351791,0.24660082664748187,1.459483371721384,20,rice
0.765625,0.625,0.7586206896551724,0.6582959198391789,-0.01435283414439987,-0.5171654342265863,-0.07897622224550965,0.8333333333333334,0.14511177010824097,0.11905113541786319,0.07688370260729643,0.5447010330832958,-0.07771821962073816,1,banana
0.046875,2.225,5.620689655172414,-1.8272584564961876,-0.0014311353229302653,-0.14048081054276845,-0.3919048515313624,2.7261904761904763,-0.3680263596002299,-0.7386099320504386,-0.28900232503872636,-0.9286000216832375,-0.43060660959788916,7,grapes
-0.40625,-0.15,-0.4482758620689655,0.5515425436471991,-1.2177412350640786,-1.8884115188160668,-0.8579956882001559,-0.8452380952380952,-0.39306243473668023,-0.5075336414681687,0.5868800894571241,-0.8417628027219637,-1.1721081888592406,13,mothbeans
0.625,0.025,0.3103448275862069,-0.2822258176866857,0.09833320571273572,-0.34246944247744554,1.235604722646859,0.2857142857142857,0.356945710937388,0.2955058625189849,0.0030574703181032526,0.08752179894739415,0.8817775785161986,8,jute
1.4098437500000038,0.125,-0.41379310344827586,-0.6085815210456408,0.0436388684010802,1.364175825634917,-0.04295556470394546,0.7261904761904762,0.8777589834562401,3.1834722469728396,0.8159129649486716,-0.16112823689452593,-0.04178953706657602,6,cotton
-0.578125,-0.85,-0.06896551724137931,1.726005542751293,-1.0961559305279163,-0.15612115918878142,0.051120349649483574,-1.1785714285714286,-0.5413530181409243,-0.8654099275470282,-0.3692855921944424,-0.2891584221538824,0.04831394312952536,12,mango
-0.578125,-0.6,0.20689655172413793,-0.5327114497634772,0.3149855872852139,0.3141390411650176,0.2475941275877253,-0.9642857142857143,-0.5413530181409243,-0.8654099275470282,-0.29294129754797543,0.11832679382204002,0.22118890925814888,19,pomegranate
-0.53125,-0.6,0.41379310344827586,-0.16478724188119637,0.38662514395608594,0.1637879453598819,0.2742333726671438,-0.8571428571428571,-0.4739482085012213,-0.8232633388765501,-0.34435943131918556,0.4316954861607603,0.24321761031197478,19,pomegranate
1.03125,0.525,0.6551724137931034,0.10536516098020866,0.042787016016264244,-0.34023059054125276,0.16444224330655938,0.9523809523809523,0.3264839260590695,0.3830105982728646,0.07919605882846824,0.272484946892646,0.15035266025298444,1,banana
-0.0625,1.75,5.896551724137931,-0.5307776445547133,0.47859724433791745,-0.8460123938414813,0.3399068477891157,2.511904761904762,-0.37590484426491994,-0.764922492671972,-0.3536874252672173,0.2603513339978793,0.29622970266259896,0,apple
-0.25,2.1,5.724137931034483,-0.28739542389412986,0.4839022482358808,-0.6829870354020944,0.17363675790504843,2.4761904761904763,-0.4469862818492888,-0.7998485662340383,-0.3081762927986567,0.43669673928616515,0.15834571744079828,0,apple
0.015625,0.425,0.7586206896551724,0.6619708168294395,0.3458254865518544,0.31532147354261764,1.8171430763828544,0.16666666666666666,-0.20234646797083405,-0.43041550437649484,-0.0017364366608265613,0.9516168645731902,1.170204531228776,17,papaya
-0.203125,-0.225,-0.3103448275862069,0.4691251722324898,0.06114643060510122,-0.0035080890113302716,-0.8597598247589833,-0.6785714285714286,-0.19469970683709054,-0.2203838882359436,0.2990710285249083,0.5136272010334006,-1.1757071398456305,14,mungbean
0.0,-0.825,0.2413793103448276,-0.23779814787657205,0.4701232381287827,-0.0069757831892663606,0.261839705447506,-0.6190476190476191,0.7056359371011942,-0.278959960405044,-0.4250756498490952,0.45895907807061587,0.23300771048443783,19,pomegranate
-0.078125,-0.25,-0.5517241379310345,0.5404591924725861,-0.6444265694124695,1.3023185806077122,-0.4441673643335823,-0.6785714285714286,-0.06787532492771912,0.3708899576159776,0.6898750411537895,-0.21658585844909697,-0.4982016755581106,13,mothbeans
-0.078125,-1.0,-0.034482758620689655,0.6930042178011904,0.4046252608957035,0.030485794504811946,0.6171892832787574,-0.8571428571428571,1.2234273573535055,-0.22731964494000584,-0.4816997088123585,1.0390494300571642,0.5020628645328623,4,coconut
1.203125,-1.075,0.6206896551724138,-0.1338941767400484,0.26137907764951906,0.15383220607900322,-0.623545067750052,0.30952380952380953,7.666096351493642,0.5439720014375268,-0.585097870156091,0.3341223564889623,-0.7554380064200308,21,watermelon
-0.234375,0.7,-0.5172413793103449,-0.7097654561325508,-2.02422654829312,-0.532060682531402,0.36836061888854804,-0.3333333333333333,-0.3724143772039054,-0.06545117538288214,1.7961210604408204,-1.9196178198599014,0.3186490441321805,9,kidneybeans
1.296875,-1.1,0.5172413793103449,-0.22031261023261894,0.0839552374023948,0.2279040135166107,-0.6776182663154348,0.3333333333333333,7.666096351493642,0.7128453100625397,-0.5909692891595929,0.1125931139655639,-0.8421231129833098,21,watermelon
0.46875,0.0,-0.27586206896551724,-0.3494399350641928,-0.6469255619886474,-0.8683146111675343,-0.5080366727964335,-0.047619047619047616,0.2556097450189236,0.860258698111095,0.457699976082925,-0.6250916003083667,-0.5850028985014888,11,maize
0.203125,0.1,-0.5517241379310345,0.5713899289861738,-0.5117952019681922,1.1784779691060867,-0.5506429601015186,-0.2976190476190476,0.010140889309729239,1.0663086430201685,1.1542252182833326,-0.056083993635464735,-0.6457195585632712,2,blackgram
-0.359375,0.175,-0.5172413793103449,0.8699586854131826,-0.6924819181003462,-1.8710461327569194,-1.0379918475960843,-0.6785714285714286,-0.39492187705942056,-0.35634526707893527,1.1405678667889907,-0.12237030047421629,-1.5903479731623855,13,mothbeans
-0.359375,2.2,5.689655172413793,-0.6576992039128423,0.413874677714043,-0.3842447097988383,0.4560207746733785,2.4285714285714284,-0.4802522536225243,-0.8214804874805672,-0.29556423637947626,0.11706059789659749,0.38575647415288494,0,apple
0.0,-0.7,-0.6896551724137931,1.0415717650126826,0.3353385971624676,-0.0371173005762735,0.3107092985611605,-0.8809523809523809,0.43455139340006166,1.0405523557050609,0.3471403654152121,1.1953001773277856,0.2728837708187342,16,orange
0.046875,0.175,-0.5862068965517241,0.683997212819453,0.23782829247668222,0.5604832815219104,-0.8742914439123508,-0.39285714285714285,-0.12297832933662792,0.7829899124686474,1.3819779156588359,0.8446111388560834,-1.205673355659841,14,mungbean
0.046875,-0.05,-0.5172413793103449,0.954093550693067,-1.1661560843767034,0.26213995756999076,-0.6979082854921552,-0.47619047619047616,-0.04613400030817196,0.5890605309332374,0.8596164980810637,-0.6476862019358799,-0.8759371022611113,13,mothbeans
0.203125,0.225,0.5172413793103449,1.2236785148549085,0.4108167007623093,0.5087489217923507,-0.016569661570555984,0.13095238095238096,-0.03581693554519485,-0.20780357854304157,0.007463790533946076,1.4120366789197862,-0.015987279252115575,17,papaya
-0.296875,-0.525,-0.10344827586206896,0.21567754225045754,0.41457514454810074,-0.0117430211996243,2.1987990538850672,-0.8214285714285714,-0.1773670447384319,-0.4817306420916333,-0.12102217396970016,0.7207062283596704,1.334065987047791,4,coconut
1.28125,0.975,0.5517241379310345,0.5458441617382657,-0.0319691186709746,-0.45606970059815133,0.39779223018791904,1.3214285714285714,0.2607642373671734,0.667086868956977,0.32502851486898526,0.4583672159056048,0.34150415042081916,1,banana
-0.125,-0.375,-0.2413793103448276,0.47959665398483986,0.26577900252387027,0.7161273902051989,-0.782611936215698,-0.6666666666666666,-0.05266814372821761,-0.14835597801877196,0.09418011683039904,0.7417369335107635,-1.0256107592623327,14,mungbean
-0.03125,-0.25,-0.4827586206896552,0.5524969590497545,0.035327533060954874,0.28031291751749104,-0.5911537647536421,-0.6190476190476191,-0.023486791188981126,0.3365483024861591,0.5387769760377196,0.536297028733192,-0.7057320628181589,14,mungbean
0.03125,1.9,5.862068965517241,-1.7672416013134626,0.038025113515679936,0.04743816078072101,-0.39246962386026857,2.642857142857143,-0.35506097976685935,-0.7460641396852792,-0.3363585347861884,-0.8695152146255308,-0.43132160883438525,7,grapes
-0.171875,0.025,-0.3103448275862069,0.7748720656549821,-1.0412457515763667,-1.5367684832349648,-0.7087235514213315,-0.5357142857142857,-0.23803136936123445,-0.16663171829335327,0.5298040401831893,-0.5653696427716927,-0.8942656741271088,13,mothbeans
0.78125,-0.7,-0.13793103448275862,0.12222284877340547,-0.6150981866052824,0.5617031404159138,1.6763735538400808,-0.09523809523809523,1.7533411387257185,1.0552703026351447,-0.23408703431528582,-0.37806044538421113,1.1051304675556484,5,coffee
1.265625,0.925,0.6551724137931034,-0.0120300797448907,-0.03534158182153542,-0.23525793098117895,0.09975139155629315,1.3214285714285714,0.27210050089506355,0.5648194127126549,0.2456857653325437,0.12490985115751216,0.09292434662217144,1,banana
0.015625,0.65,-0.3448275862068966,0.4708789349786052,-0.37782612347566996,-0.1211238871748303,-1.0061640398352687,-0.10714285714285714,-0.2419706096839077,0.20230362783886582,1.1873931197385377,0.03996820153931177,-1.50773897113932,10,lentil
0.0,2.1,5.931034482758621,-2.3734825495413294,-0.008737050513370963,-0.9433773292062994,-0.3501050074943507,2.738095238095238,-0.3750878161032807,-0.7538413948962047,-0.3205315088041849,-1.25887024570627,-0.3785792786367541,7,grapes
1.109375,1.025,0.7241379310344828,0.32624496373959433,0.08144232698502107,-0.15851242982137273,0.17217448775682453,1.2738095238095237,0.17079346755709743,0.3942164255036903,0.2511830676440014,0.4474268111302783,0.15707726430877583,1,banana
-0.21875,-1.125,0.034482758620689655,0.6347912926069028,0.41019467180378366,-0.41574682007046154,1.8663144378385412,-1.0,1.7841126129795923,-0.4345781355126852,-0.5735192688387888,1.0052064482075993,1.1923091049151222,4,coconut
-0.375,-0.875,-0.8275862068965517,1.5986312646843888,0.4234130702982463,0.5312133773947744,0.09187318753554768,-1.2976190476190477,-0.04845536020123039,0.1390836663670685,0.3913641466633523,1.6873896366243948,0.08578367602290456,16,orange
0.84375,-0.375,0.4482758620689655,-0.18639796643482542,0.06434919901119256,-0.492751938545224,2.933649866556516,0.30952380952380953,0.9921064153610173,0.3846266733553711,-0.2454588699644104,0.11517759661567872,1.6079690459721796,20,rice
0.609375,-0.075,-0.4827586206896552,-1.0788299468138336,-0.36709626386329547,-0.6717525176977895,-0.19583662151868123,-0.047619047619047616,0.41916553478880114,1.7445565148107498,0.7451548339729182,-0.7508558472811326,-0.20033917492628872,11,maize
0.84375,-0.325,0.13793103448275862,0.1741658048274771,-0.11338505513513902,0.8770611709368836,1.0684612059505167,0.2261904761904762,0.911398026247978,0.6971358149001614,-0.1098391333412407,0.155683522614385,0.7879326085813523,8,jute
1.15625,0.925,0.7931034482758621,0.6811876548185543,-0.07379298366139123,-0.9490454834476981,0.02841893389089593,1.2857142857142858,0.22384478366411512,0.38212910276975415,0.1790898839417477,0.49129397047595774,0.027043610956689754,1,banana
0.1875,0.5,1.5172413793103448,-1.0068245405436869,-2.1170414238702597,0.18609705135391322,-0.15571237099318155,0.5952380952380952,-0.12268369795240408,-0.46686586595447843,-0.17423522641053915,-2.034744817530495,-0.1571397340573738,3,chickpea
1.4098437500000038,-0.375,-0.41379310344827586,-0.4200018152556709,0.14540583647992317,0.5061815730349728,-0.39763929894133715,0.5476190476190477,1.7504105308290105,3.338009734549934,0.2852270415956204,0.04365655677145668,-0.4378816963387631,6,cotton
0.046875,0.175,1.4827586206896552,-1.2008287471366466,-2.198392496227791,0.7548824480232136,-0.08744427857367004,0.32142857142857145,-0.12297832933662792,-0.5357299419609617,-0.25961049133228475,-2.1168268759679623,-0.08628638235154444,3,chickpea
-0.34375,-0.15,-0.3103448275862069,-0.22787087269943887,-0.6431047995661902,0.812370941219814,-0.8257435854953413,-0.75,-0.339138586226046,-0.4622686529776004,0.3682909320223926,-0.5661179436505015,-1.107736890008272,13,mothbeans
0.734375,-0.825,0.4827586206896552,0.27207726263612453,0.43353832534616105,0.3582401992856584,-1.1763310891748022,0.023809523809523808,2.289648934300642,0.26338566578640343,-0.4623479054330774,0.7793250561875641,-2.0111730069580545,15,muskmelon
-0.5,0.125,-0.27586206896551724,-0.12335573251959629,-1.1958163727284785,-1.443282075975604,1.5873948195359358,-0.7261904761904762,-0.4871884379272921,-0.7366286868262728,0.5682595443694737,-1.0435461642997224,1.0625494110705997,18,pigeonpeas
0.640625,-0.275,0.20689655172413793,0.16393510780871787,0.11153741947892878,1.1461260224556622,2.599123476405819,0.11904761904761904,0.6416014052751293,0.4034242110320261,-0.11139084578521052,0.37780481109504765,1.489215520049732,20,rice
-0.046875,-1.05,0.13793103448275862,-0.4691829465609722,0.19520166717819415,-0.1592926693378625,0.2654231208798515,-0.7976190476190477,1.7504103398487358,-0.28160162817115514,-0.5373361366533539,0.056131945433633076,0.23596661327279467,19,pomegranate
0.359375,0.1,0.41379310344827586,-0.4358638658380341,0.059854085311172235,1.4436581304306617,2.865697201618696,0.15476190476190477,0.1204396707998599,-0.022478154137467128,-0.006650198156992472,-0.04173482854128152,1.5845684721086342,20,rice
-0.109375,-0.775,0.20689655172413793,-0.5061717546454274,0.42476836190146816,0.6422847421680853,0.2594959953192904,-0.6904761904761905,0.3686119001992252,-0.377396797324315,-0.3906992331125411,0.23109568529786342,0.23106941313635837,19,pomegranate
0.375,0.0,0.6551724137931034,2.3892361540720146,0.4583730705778011,0.146750530371646,0.4434034738485328,0.20238095238095238,0.184239945332967,-0.12605408215854796,-0.1393216809581309,2.287468099209398,0.3762737784749659,17,papaya
1.1875,-0.35,-0.41379310344827586,-0.08419335732342413,-0.050437106489081084,0.9858148453157604,0.039435886729155566,0.2857142857142857,1.311368389690726,2.6271372916953006,0.31176133776327297,0.06778082147799896,0.037402353788552736,6,cotton
1.03125,-0.6,-0.034482758620689655,0.2845428359284209,-0.9743671634695963,0.26651173356887925,0.5318849361334506,0.17857142857142858,1.772878779488879,1.1884431695943252,-0.207797291899612,-0.6766521001127537,0.4415869459687935,5,coffee
0.046875,0.25,-0.3448275862068966,-0.7920588431379572,-0.4957922565364762,0.5848895411299895,-0.8559139119426943,-0.27380952380952384,-0.14355413336674402,0.25849907812233386,0.8014397191819851,-0.7056373771539677,-1.167871904566116,10,lentil
-0.359375,-0.25,-0.5172413793103449,0.6259619446387364,0.2672506871812929,0.6707327570845905,-0.9878407316554979,-0.8809523809523809,-0.334206527360147,-0.35634526707893527,0.6098819481184621,0.8396317449326879,-1.4620959102736832,14,mungbean
-0.265625,-0.525,-0.1724137931034483,0.39723983414383446,-0.9742511503845086,-1.724087143319326,0.01907887570881964,-0.8214285714285714,-0.13692415880482164,-0.4075210695311531,-0.08035658684841294,-0.633295470703418,0.01820727590161643,12,mango
-0.140625,-0.4,-0.3448275862068966,0.6954764566597118,0.20836503948129287,0.7430635341368609,-0.5911255413302035,-0.7261904761904762,-0.05603838462657904,-0.07867362357847474,0.1742654432775871,0.8187637420550036,-0.7056894372246362,14,mungbean
0.828125,-0.925,0.6896551724137931,-0.1163680968634275,0.29153035138704547,-0.04060152366314101,-0.5943953112833413,0.11904761904761904,3.3584965483200877,0.2044650193674669,-0.527130636679374,0.3743263197851597,-0.7106355221229009,21,watermelon
0.796875,-0.75,-0.1724137931034483,-0.18870982718309443,-0.48861571460285813,0.8195167342138071,1.4712701762466551,-0.11904761904761904,2.00077120422709,1.1493010477228223,-0.25725189692585054,-0.4036680173944236,1.0051663285174457,5,coffee
0.03125,0.65,-0.3793103448275862,-0.43702793551698216,-0.6832085713051592,-1.8732365549592012,1.0995328997760467,-0.10714285714285714,-0.23409212525082834,0.2825828400447018,1.275840769820955,-0.6969894887957497,0.8058116168696422,18,pigeonpeas
-0.203125,0.725,-0.4482758620689655,0.7212289605162806,-0.38558506920974683,0.3859007826785525,-0.49302233371256243,-0.27380952380952384,-0.35936002764815755,-0.08458893973860741,1.56445941937701,0.16018394530017374,-0.564158435315285,2,blackgram
-0.421875,2.25,5.827586206896552,-0.5880515782857267,0.3512227435176705,-0.04658325679359669,0.1654575104705699,2.4523809523809526,-0.4983286702740334,-0.8346561972912819,-0.29773538878890776,0.11204346470624248,0.15123727916354385,0,apple
0.4375,0.3,0.6206896551724138,1.1034037354436235,0.3629169990679828,0.09528714677821006,-0.2625417112765573,0.38095238095238093,0.08454879890291682,-0.06181496803829072,-0.00134333695509961,1.270591552299274,-0.2749200401907856,17,papaya
-0.078125,2.175,5.689655172413793,-2.375617376266567,0.006354300888448881,-0.5357146402656999,-0.42905272870953337,2.630952380952381,-0.40068210687608236,-0.764999778823689,-0.2982580736748747,-1.4905700815763967,-0.4783493483386401,7,grapes
-0.453125,1.725,5.827586206896552,-0.7509971113221483,0.3564788411165249,-0.11306088269398915,0.46511874169500034,2.1785714285714284,-0.5009101311962418,-0.8408069433424311,-0.35318018924756195,0.006076399157372292,0.39255851259253277,0,apple
1.09375,-1.025,0.5862068965517241,0.054326844882513096,0.2848083992502982,0.3317407089765072,-0.8388446270784611,0.23809523809523808,5.949729741464688,0.4844277589889081,-0.5617043675710915,0.48089907257774617,-1.1335649047757017,21,watermelon
-0.203125,1.925,5.655172413793103,-0.47982326818008064,0.34168847876444547,-0.9325737959618641,0.26522929063527223,2.4047619047619047,-0.42760739854976254,-0.7897180934986142,-0.32343720595512654,0.17695144287631662,0.23580670725154654,0,apple
-0.328125,2.3,5.931034482758621,-0.312726563134972,0.36990581472021267,-0.819983333353578,0.45940812748848553,2.5833333333333335,-0.4734768441567748,-0.816927576316775,-0.2980071769992333,0.3152708767614617,0.3882924806754129,0,apple
-0.265625,-0.15,-0.5517241379310345,0.7664284600585991,-0.8724880843091193,-1.8500256483365587,-0.8356299889387161,-0.7738095238095238,-0.27173377558775325,-0.09272249932014955,0.8225465203336588,-0.3749590081704208,-1.127187640162566,13,mothbeans
0.75,0.05,0.20689655172413793,-0.10711952182220456,-0.22550636732804022,0.16042099462055628,1.0014602533062331,0.35714285714285715,0.43156547829789177,0.517293941417326,0.07015960597755429,-0.11266835446814301,0.7486663573841138,8,jute
1.15625,-0.3,-0.3448275862068966,-0.5053545597740602,-0.006442222173789989,-0.3038029812099797,-0.10498939739644522,0.30952380952380953,1.1852471253832073,2.2534375631854515,0.2707537934167253,-0.14166936037591776,-0.10419038214448363,6,cotton
-0.296875,-0.925,-0.7241379310344828,0.4384891964387287,0.3185108730707787,0.12229537269861321,0.3787002898483951,-1.2261904761904763,0.23861689515127804,0.1461081315773064,0.005410799833259546,0.7713540881997297,0.32671659122350033,16,orange
0.109375,0.15,0.7241379310344828,2.7273391255102584,0.33561119656244776,0.5126466965614952,-0.33698625394812753,0.09523809523809523,-0.07306696309460478,-0.35222882074858736,-0.09926991151834161,2.302668739333591,-0.36260267754316455,17,papaya
-0.21875,0.6,-0.2413793103448276,0.9632697301285331,-1.1221994039532557,0.6617019377940622,-0.05860399518342893,-0.27380952380952384,-0.3553157391255716,-0.2967119675763422,0.922050165539859,-0.5922352752292237,-0.05729627242617559,18,pigeonpeas
-0.375,-0.725,-0.8417241379310345,-1.0144398301525412,0.3351618600320863,1.3656025812957988,0.09148380957607323,-1.2619047619047619,-0.182881988074482,0.7417797021763192,1.6650100920609145,-0.18850614219904618,0.08542989979684205,16,orange
-0.171875,-0.6,-0.7586206896551724,0.442136133746766,0.4164027633371893,-0.36019384069147004,0.3279348449383809,-0.9880952380952381,0.04282199873650178,0.7417798628952661,0.7628443009707742,0.8790397769583573,0.28669936282217445,16,orange
-0.09375,2.125,5.689655172413793,0.9694037286712712,0.0941605713616221,-0.7969842097175299,-0.39536618954628505,2.5952380952380953,-0.4030740295547881,-0.7681375959712934,-0.3036457482656718,0.8593421470571885,-0.4349938167500168,7,grapes
0.90625,-0.75,0.5172413793103449,0.4182314722515708,0.43816908734650917,0.000505485475799601,-1.2346675872217223,0.20238095238095238,2.2029856310063645,0.3840421355605463,-0.4328926265990355,0.8858103730932237,-2.2295630112669977,15,muskmelon
-0.296875,-0.625,-0.034482758620689655,1.229582178872665,-1.1036657908585028,-1.038119153675869,-0.062172006397548184,-0.8452380952380952,-0.12136920483027304,-0.506484143580578,-0.22491619295665868,-0.4756200856246521,-0.06085369993476967,12,mango
0.8125,0.85,0.7931034482758621,0.19994228106039735,-0.1365366479211863,-0.15996324765484365,-0.05147290988953365,0.9880952380952381,0.09383820404598053,0.13486911477904046,0.1501433781105561,0.14682355670077163,-0.050210601394642174,1,banana
0.828125,0.15,-0.27586206896551724,-1.1424734075118685,-0.26054171120852343,-0.2793767217143247,-0.21054989720247835,0.2976190476190476,0.4165048217265475,1.45265240542657,0.5903714580267833,-0.7065569325237899,-0.21648530602768332,11,maize
0.578125,-0.4,0.27586206896551724,0.16858348125721653,-0.012922292838728287,0.5625335087754356,2.5083107107678955,0.03571428571428571,0.7412642275755595,0.27816750911290355,-0.20565742589719754,0.2544171441418241,1.4553511687245444,20,rice
1.046875,-0.625,-0.06896551724137931,-0.1926714773428228,-0.6019395839410435,-0.020992696607718752,0.9133617733516847,0.16666666666666666,1.8852201254317271,1.2775099359040074,-0.21007981253509755,-0.5115547941613899,0.6954812663930314,5,coffee
0.0,2.15,5.758620689655173,-0.49913976454545367,0.32451161084829133,-0.75171959021328,0.22980947009736166,2.7023809523809526,-0.37751504531239066,-0.7504775195568024,-0.30466101355936925,0.14902967245997525,0.20630689328002896,0,apple
-0.375,-1.125,-0.8275862068965517,-0.28868986807344477,0.32184304435041766,1.0690992183065302,0.15499006242923719,-1.3571428571428572,1.0359192703911702,0.1390836663670685,-0.33832894322011414,0.2877185950384443,0.14209261071337317,16,orange
0.234375,0.175,-0.5517241379310345,0.8880081321241962,-0.6528211203442751,0.7542058572374677,-0.39639160011708086,-0.23809523809523808,0.0025340773046610495,1.1435773858428562,1.2537288276682346,-0.0677751255435241,-0.43629589006460023,2,blackgram
-0.203125,0.475,-0.3793103448275862,-1.1045469827178602,-1.1836238555016896,-0.9369383112924051,0.6436661850693869,-0.36904761904761907,-0.333361029377748,-0.15895283979827132,1.0989454616154248,-1.3630040776188934,0.5203656558910394,18,pigeonpeas
-0.171875,1.75,5.827586206896552,-0.5768697423896721,0.31916830646757555,-0.2761239351211171,0.29708679488060485,2.4047619047619047,-0.41099991145073905,-0.7854502288820878,-0.3505399606542927,0.09236252225602011,0.2618704976832754,0,apple
0.71875,0.175,0.4482758620689655,0.04102259207464107,0.10015667109276599,-0.5699208283887857,2.5557129880291143,0.47619047619047616,0.3267744611279908,0.2747333458035118,0.013987588659482495,0.28993665198882174,1.4731194701376111,20,rice
0.609375,0.0,-0.4827586206896552,0.11289342503797664,-0.2887582108283774,-0.1890102098091281,-0.25276469510973,-0.011904761904761904,0.3626644445478583,1.7445565148107498,0.8336024873737174,-0.055266382513644616,-0.2637627180083326,11,maize
0.25,0.575,-0.5862068965517241,0.6788791867474994,-0.5249910533849097,1.1125366632078986,-0.38269407448761644,-0.047619047619047616,-0.10686524848593953,1.318719860473742,1.8150592523529459,-0.018740513996964386,-0.418991909000604,2,blackgram
-0.046875,0.625,1.6551724137931034,-0.8428362524762963,-2.177387806116904,1.5924687809086073,-0.5002420474191613,0.5238095238095238,-0.2699599623214869,-0.6026961888142034,-0.1658559743487872,-2.0609829950382994,-0.5741467691262192,3,chickpea
0.96875,-1.125,0.5172413793103449,-0.24060220166175517,0.1448063899372792,0.22300484449956548,-0.7381033776031646,0.05952380952380952,7.666096351493642,0.43665064348086524,-0.5963012405584729,0.15630817901447158,-0.9451728442610304,21,watermelon
1.109375,-0.125,-0.5172413793103449,-0.21095543138109393,0.14587474528998481,0.5131527092940161,-0.5038552514764432,0.2976190476190476,0.8829399377736741,3.061660310349689,0.7659660418450881,0.17600655658294556,-0.5791697264625274,6,cotton
0.734375,-0.35,0.3448275862068966,-0.0037978915075403998,0.01992966606129078,0.26603317097924556,1.2729649560526681,0.20238095238095238,0.8358912142295059,0.37089000544900796,-0.20249858047980468,0.18375309822236582,0.9020024752718642,8,jute
1.0,-0.5,-0.20689655172413793,0.20635525232531654,-0.3645038271557649,0.4404131448286498,1.0855009589634814,0.14285714285714285,1.43512995783657,1.535864907127144,-0.03726670452576203,-0.08274416879627142,0.7977628883393125,5,coffee
-0.15625,-0.725,-0.10344827586206896,0.5744309310232529,0.3913911248142565,-0.4419210396112096,0.8577981008622281,-0.8095238095238095,0.20316373661245593,-0.28989099936393586,-0.2674182930284126,0.9428207426327307,0.6609785729784726,4,coconut
-0.453125,-0.9,0.034482758620689655,0.5988815413729701,0.5521642960187834,-0.9529537859297469,2.0177488158835057,-1.0714285714285714,-0.217809941456811,-0.7155553911872568,-0.42878674143716466,1.180941847852586,1.258478218144235,4,coconut
0.03125,0.325,0.7241379310344828,-0.43448691909937986,0.354432544886171,0.17153283726122487,1.9234860419453446,0.11904761904761904,-0.17167975735772079,-0.4105448556120465,-0.029179315685873012,0.2187589403130273,1.2176217003803766,17,papaya
0.96875,0.55,0.7241379310344828,0.13378888239362094,0.017423916496727563,-0.5736547077890078,0.4048161163708496,0.9404761904761905,0.28135502008683,0.2892475627494638,0.06093716467015805,0.2642362732906326,0.34690932053856594,1,banana
-0.09375,-0.375,-0.10344827586206896,1.4593788058902273,-0.9363131968697275,0.029785779993389452,0.04553886007808664,-0.5952380952380952,-0.018965738596306826,-0.20462893592940362,-0.011225084675665842,-0.17649415655711267,0.04311118126436809,12,mango
0.59375,-0.05,-0.5862068965517241,-0.6904824496692857,-0.3040177683977066,-0.5259386509479564,0.13063495971320443,-0.08333333333333333,0.38718264029548627,2.2253397724823634,1.0635663669538642,-0.4977406277838712,0.12060510287355432,11,maize
1.046875,0.55,0.4827586206896552,0.6278163296489636,-0.014246289660758533,-0.15281247518484428,-0.07318954324346545,0.9166666666666666,0.3229059311084338,0.5321465213419824,0.1721678904210164,0.5266624053952068,-0.0718901322778943,1,banana
-0.046875,-0.425,0.10344827586206896,0.30436606166103036,-1.1232224023020414,-0.008984457079327787,0.008221993644632388,-0.5119047619047619,0.06529027324222297,-0.26492139152270844,-0.15448414099283364,-0.8245527587053718,0.007872502209442028,12,mango
0.9375,-0.025,0.3103448275862069,-0.1715284290958247,8.9650834740421e-05,0.655337957375967,2.8030138541728955,0.5,0.6355349782189741,0.5970424313673,-0.022829648557203448,0.06392056552824038,1.5626661412433451,20,rice
0.53125,0.075,0.10344827586206896,0.19431517484435304,-0.3225955275762114,0.9014085970982705,1.7710440677650285,0.16666666666666666,0.25627057736636827,0.3885514270919925,0.14876496456424756,-0.046223781541505096,1.1491921806119803,8,jute
0.8125,0.8,0.5172413793103449,0.4467726250237648,-0.0924329315668384,-0.8200465908377111,0.25013919501977433,0.8690476190476191,0.10914401644439022,0.30512937368006793,0.26716116474057616,0.33466572254559,0.22330700922707045,1,banana
-0.484375,0.325,-0.3103448275862069,-0.3784478643987796,-0.44215464058965415,0.6495008083886964,-0.992301090649248,-0.6309523809523809,-0.4844802087896622,-0.7041534177192571,0.8066836541731265,-0.4552912724992927,-1.4730840099923896,10,lentil
-0.15625,2.175,5.827586206896552,-0.32103612764319744,0.4496218878385353,-0.49098920506401283,0.1800110829257171,2.619047619047619,-0.4226619367612139,-0.7823748558565131,-0.3056560745687155,0.38187762614264964,0.1638631177018956,0,apple
-0.1875,2.3,5.724137931034483,-0.4692070680278905,0.3694112584998363,-0.41418420639073894,0.22158859856721083,2.619047619047619,-0.4352964962906907,-0.787360687888707,-0.2867344363458439,0.20833400665910504,0.19937938866765598,0,apple
-0.21875,2.275,5.689655172413793,2.348505808980889,0.05034196175194461,-0.44158790149617205,-0.43131258665240607,2.5714285714285716,-0.4430938912822651,-0.7932401331521282,-0.28748272449328066,1.6484097505964048,-0.4813015157266011,7,grapes
1.4098437500000038,0.15,-0.4482758620689655,-0.34261499709012666,-0.1534781971624397,1.5531104993857685,-0.18033769293454832,0.75,0.8741480118854508,3.461639713224638,0.9220501454296562,-0.1770232061541244,-0.18351002791410506,6,cotton
-0.0625,-0.1,-0.5172413793103449,-0.11279143842181119,-1.0859578617531425,2.2443370985344644,-0.5225885724964686,-0.5833333333333334,-0.1154119803004208,0.3345282006991908,0.7971828605904132,-0.9353692785009484,-0.6054751709330798,13,mothbeans
-0.234375,-0.325,-0.034482758620689655,1.042751262098136,-0.9249245425008902,-0.6255053847577249,0.06432362661722939,-0.6547619047619048,-0.19013847993701388,-0.4267228582547003,-0.019489380272098827,-0.3260691565287765,0.060552561506327075,12,mango
-0.25,2.15,5.655172413793103,-0.33055373487970097,0.37561466453280334,-0.6340360090735624,0.4880989552229611,2.4761904761904763,-0.4483638984274322,-0.7991795727546659,-0.29906897368666785,0.3083002909089088,0.40960836943903284,0,apple
-0.328125,-1.125,-0.10344827586206896,0.6533278892797071,0.38413656367789384,-0.5771565624635849,0.6330682770343593,-1.130952380952381,1.0763622035081308,-0.5243616738088994,-0.5602105311458373,0.9887566280461623,0.5130654001418069,4,coconut
-0.234375,0.725,-0.41379310344827586,-0.4351031069472653,-2.075644788881237,-0.7808081702930774,0.09054911954750189,-0.2857142857142857,-0.3745261101892215,-0.18544498220781375,1.4527360729723329,-1.9232756600441179,0.08458034246227279,9,kidneybeans
-0.15625,-0.675,-0.10344827586206896,0.1899308685285179,0.5521642960187834,-0.2966441456576151,1.629972912380839,-0.7857142857142857,0.14112067630146835,-0.28989099936393586,-0.23081926326373442,0.8440177735272721,1.0830706282516025,4,coconut
0.71875,-0.65,0.7241379310344828,0.16873196159346712,-0.016677580087484246,-0.38304818034942595,-0.6274452814222024,0.17857142857142858,1.4727026879258294,0.10263625118639436,-0.41968406389534096,0.25069512672114913,-0.7615315213171728,21,watermelon
0.03125,2.2,5.827586206896552,2.716221024826275,0.01600353339100775,-0.913600940941217,-0.4417930508829725,2.738095238095238,-0.371143745553953,-0.7454703795496175,-0.3030158459754463,1.8185534017014724,-0.49506632648943616,7,grapes
-0.53125,0.45,-0.3103448275862069,0.5470293242652802,-0.5840550072285826,0.8894017902324546,-0.8775761219820823,-0.6071428571428571,-0.5149772224698954,-0.7847816726331427,0.9220501600022668,-0.14728106149958115,-1.2125274767078376,10,lentil
-0.46875,-0.85,-0.20689655172413793,1.6250198166393097,-1.0697758865873253,-0.017371305814763052,-0.05321477404262918,-1.1428571428571428,-0.2915587290359308,-0.6989849390052538,-0.3230206665514889,-0.2899255588104131,-0.05193839879396292,12,mango
-0.09375,-1.075,-0.8417241379310345,1.55955600865431,0.4407441420657382,0.7499121203571855,0.1489817381241582,-1.1904761904761905,1.809389511265448,1.8721110267631362,-0.06350947863978071,1.6832436667960136,0.136819200210284,16,orange
0.8125,0.225,-0.4482758620689655,-0.05664246583358058,-0.46619524061451684,-0.5306519878470838,-0.282961980421017,0.2619047619047619,0.3585012088794742,2.030134568909199,1.0058426594227894,-0.31719650365904367,-0.2984843065411923,11,maize
0.5625,0.175,-0.3793103448275862,-0.9615467372484758,-0.7693480229563042,0.16866376443644723,-0.5779244936863527,0.07142857142857142,0.22218078892691673,1.2833970476887742,0.795696361834517,-0.9978433184984173,-0.6858788375458701,11,maize
0.671875,-0.525,-0.2413793103448276,0.1252129294472697,-0.5014147941269069,1.081967036934116,0.9079313219138787,-0.13095238095238096,1.0763624192034864,1.1126699332205754,-0.03318450604797937,-0.2624137251579003,0.6921426935478109,5,coffee
1.4098437500000038,0.225,-0.3448275862068966,-0.1619407527598608,-0.04773274515065936,-0.496030243543869,-0.3866252900233495,0.7738095238095238,0.7629300749560577,2.759196615736665,0.7773176316472006,0.02463091636630357,-0.4239385403490107,6,cotton
-0.03125,0.375,1.6896551724137931,-1.0657624879664571,-2.1797821961242176,-0.3005042018439517,-0.16131965513946397,0.42857142857142855,-0.21964823781984677,-0.5983080871093275,-0.23759685179599316,-2.089026070975687,-0.16310520897962336,3,chickpea
-0.171875,0.425,-0.27586206896551724,0.4385760260917438,-0.5541491945478854,1.1000689868278224,-0.9758468705227907,-0.3333333333333333,-0.3094011680245468,-0.1957474757990999,0.8336025082571903,-0.16611006566787573,-1.4329279236465382,10,lentil
0.5,0.4,0.6896551724137931,0.38153912035874415,0.4676901306486974,0.40564261267560736,-0.20226773281527202,0.5,0.0833990372592867,-0.045172468245915226,0.013760801842510145,0.8916264318903682,-0.20737599394156023,17,papaya
0.03125,-0.85,0.4482758620689655,-1.2866418867944218,0.3324965941162269,0.5052370753723439,0.17122750782232432,-0.5357142857142857,0.8503580211583252,-0.32967995573171427,-0.46952626604868164,-0.3735319492692073,0.156255250492614,19,pomegranate
-0.4375,0.65,-0.5172413793103449,-0.6692081791860207,-0.570759733140806,-0.15448988018485973,-0.9602923401075012,-0.5119047619047619,-0.47044665824320986,-0.5381540743889685,1.7336874229501695,-0.7077103194972911,-1.3958966407257511,10,lentil
-0.265625,-0.55,-0.1724137931034483,-0.07275591605121198,0.3977617953375151,-0.39396507327637065,1.066842081982235,-0.8333333333333334,-0.12297833654998439,-0.4075210695311531,-0.10001162130146155,0.5053806421655705,0.7869952948627885,4,coconut
-0.5625,0.2,-0.3103448275862069,0.3380324592624186,0.2232753714436109,0.7715894426511677,-0.8636191592501012,-0.75,-0.5310709283283225,-0.8385338425757329,0.6913171483439859,0.6039228044003243,-1.183609552147437,14,mungbean
-0.03125,0.025,-0.5862068965517241,0.5512463388292022,-0.6527384169873071,2.385080232566771,-0.4928266659102456,-0.5238095238095238,-0.13303541401441865,0.576939932466688,1.1697035498555215,-0.2207978709431439,-0.5638886224511901,13,mothbeans
1.109375,0.95,0.7241379310344828,0.6243971264490341,-0.012166910202917101,-0.5356677846159925,0.2985356809554208,1.2380952380952381,0.19479840500753692,0.3942164255036903,0.22114424085865772,0.5269447129662291,0.26304557536298356,1,banana
-0.53125,0.175,-0.3793103448275862,-0.027261036889850983,-1.134717484033837,2.385080232566771,-0.6633996888166516,-0.7619047619047619,-0.509974916480602,-0.7771027915784335,0.795696361834517,-0.9520320029649866,-0.8188574911966852,13,mothbeans
-0.09375,0.6,-0.4827586206896552,-1.742411515596628,-1.9891842458285924,-0.6223261927497981,-0.0996708970762302,-0.2619047619047619,-0.2906071203376228,0.19918164762522342,1.5411837145801124,-2.0554736522091392,-0.09874131711440598,9,kidneybeans
-0.328125,2.3,5.689655172413793,-0.5030140857721266,0.4367612617319801,-0.5405290085706671,0.3752200716856781,2.5,-0.4734768441567748,-0.8152048531853586,-0.2847888871978821,0.24367250220248135,0.32400580872498874,0,apple
-0.53125,2.25,5.689655172413793,-0.6132193333344109,0.3562377387665033,-0.2958317296464494,0.35071543218288576,2.3214285714285716,-0.528445713780857,-0.8559964761042151,-0.2901765617886792,0.09923985698207831,0.3047840829679119,0,apple
-0.125,0.6,1.4827586206896552,-1.0218757638088005,-2.080826989050358,0.6490153550814954,-0.10694375412467316,0.39285714285714285,-0.30678427503461003,-0.62639193799713,-0.13932167762833683,-2.009498192346013,-0.10619751731791667,3,chickpea
-0.46875,-0.775,-0.6896551724137931,-1.557485237755211,0.47875696935250006,0.044883653722010426,0.25867451774967437,-1.2738095238095237,-0.32902787052822274,-0.5048224685533897,0.21446888899933156,-0.4630073900477739,0.23038946253554346,16,orange
1.25,-0.6,0.5517241379310345,0.17577743052090194,0.062202452274818465,0.41380230855798894,-0.6853952324054682,0.5476190476190477,2.087434557807493,0.6413306202762374,-0.37149677984721463,0.33505164094812045,-0.8549970475616558,21,watermelon
0.875,0.85,0.5862068965517241,0.42461963207229547,-0.04227332671874968,-0.75551304603614,0.4184257830617369,0.9642857142857143,0.12238612414426847,0.3078134822458883,0.25057002894475855,0.3755838749584257,0.35732942120079164,1,banana
-0.5625,-0.85,-0.8417241379310345,-2.375617376266567,0.3648846827514409,0.39797837209380416,0.38544474665970313,-1.3571428571428572,-0.5056681196973538,-0.7623849478485457,0.8336023203059558,-1.2122148388209044,0.3319565307928093,16,orange
-0.125,0.5,-0.4827586206896552,-0.5796599012806951,-0.6193793965415423,-0.021557724175542598,-0.6996292669677181,-0.3333333333333333,-0.293569134764045,0.13049832019475552,1.423253510045713,-0.7066677958272343,-0.878839245206699,10,lentil
-0.203125,-0.825,-0.8417241379310345,0.181583256454212,0.4681487096164268,-0.14978893305006763,0.36597174640480845,-1.1666666666666667,0.26750468255666604,1.6071895852165503,0.9220499638792398,0.7516778906322344,0.3167791628932462,16,orange
0.296875,0.4,1.5862068965517242,-1.3772152889043145,-2.1480221486426037,1.869197462066634,-0.2871537301061345,0.6547619047619048,-0.03430787172915885,-0.4216099467228105,-0.21416200266286325,-2.1041794647127885,-0.3033658665017562,3,chickpea
0.078125,0.4,1.5517241379310345,-1.1310791921025378,-2.1743397053331313,0.6998604504923793,-0.2722798655277822,0.47619047619047616,-0.1610691583321002,-0.5282372148990541,-0.20824192978160436,-2.0927279755984305,-0.28611305580376484,3,chickpea
0.15625,-0.125,0.6896551724137931,-0.40291630840741477,0.3655206652258531,0.07256758910497066,1.8906969794294421,-0.011904761904761904,0.07847817563672498,-0.3066974552694585,-0.2005546737982364,0.2499895657708761,1.203154781157881,17,papaya
0.015625,-0.925,0.1724137931034483,-0.6437634918755937,0.47433225864527434,0.23255144178848447,0.13340580674147742,-0.6785714285714286,1.105250132142614,-0.23055320724036585,-0.46920753672033705,0.1771748235703822,0.12306470882090427,19,pomegranate
-0.390625,0.5,-0.4482758620689655,-0.10537909921464995,-0.6673404502903438,0.7287655636797425,-0.8904958059830083,-0.5238095238095238,-0.4388217560539398,-0.4749994336428178,1.3130818773976107,-0.5332866506555696,-1.2397834957453802,10,lentil
0.03125,0.175,1.8275862068965518,-1.3228997627696464,-2.1921903961375597,-0.44531988297715974,-0.4441580413830308,0.42857142857142855,-0.13343769655673532,-0.5817881747964712,-0.3078925059533889,-2.1168268759679623,-0.49818935198016306,3,chickpea
-0.3125,0.15,-0.41379310344827586,0.5180245431687214,-1.1894270823724553,-1.8884115188160668,-0.48435402136183053,-0.6190476190476191,-0.36042431505484634,-0.3399824697849079,0.8424472611163242,-0.8219030765805789,-0.5522500263728636,13,mothbeans
-0.15625,2.2,5.931034482758621,-0.526085975898883,0.43300561571699314,-0.6756445679653968,0.18249900297270089,2.6785714285714284,-0.4235158294268672,-0.7839950523694001,-0.3101766610520164,0.22439403019317503,0.16601128406493562,0,apple
-0.390625,0.375,-0.41379310344827586,0.3286397500483461,-0.5763300884185335,0.9270695985770488,-0.8526509671556162,-0.5714285714285714,-0.4310542363165549,-0.4945199573620021,1.081255926625197,-0.24178164675256245,-1.1612551186460818,10,lentil
0.125,-0.1,0.7931034482758621,2.2364464988600705,0.356742932102729,0.3279089073966645,0.41484910878506903,0.011904761904761904,0.03947566982339864,-0.35965086120238676,-0.21651236241787042,2.030935260977553,0.3545977249987154,17,papaya
-0.25,-0.3,-0.41379310344827586,0.26752071510826053,-0.9504950815975106,0.9802464486607564,-0.5763303260522671,-0.7857142857142857,-0.21469893693365616,-0.21635247972323257,0.3648299300985781,-0.6584379373778968,-0.6835034624785348,13,mothbeans
1.109375,0.925,0.7931034482758621,0.13345420007395337,0.09584096675940634,-0.5534089761359037,0.323514784336145,1.25,0.20316376199370864,0.34841183168011136,0.1790898839417477,0.342993710537106,0.2831659680395882,1,banana
0.078125,0.2,0.7931034482758621,2.528198451416993,0.4647395843264648,0.5612026472260488,0.9205138871556514,0.11904761904761904,-0.10950524601164797,-0.3933681322920295,-0.10072633909310413,2.302668739333591,0.6998674018840167,17,papaya
0.53125,0.025,-0.4827586206896552,-0.07121341637272831,-0.8267439460481205,-0.6565933766357683,-0.28136340444374497,-0.05952380952380952,0.2869484073728443,1.5728481962345802,0.8630850385073174,-0.6711596943053608,-0.29662668635331546,11,maize
-0.078125,1.75,5.758620689655173,2.401462492479177,0.023936269727932103,-0.3091445068303904,-0.3504646452703591,2.4523809523809526,-0.3809184252914655,-0.7660089260419681,-0.34732923042132574,1.6408944836425845,-0.3790195783616162,7,grapes
0.375,0.05,0.3793103448275862,0.15335128631382433,0.017299976899190477,-0.08390124439506054,2.1780813805346857,0.13095238095238096,0.15685907930340254,0.011500490528737419,-0.015906348581077676,0.2759021473579412,1.32560004752931,20,rice
-0.484375,2.2,5.758620689655173,0.026904776310968364,0.03631049229063831,-0.14396229947816924,-0.34998739888726427,2.357142857142857,-0.5151669762044672,-0.8467722397648294,-0.2993274864516247,0.21838454046569739,-0.37843531900018307,7,grapes
-0.109375,0.7,-0.3448275862068966,-1.2535732574213978,-0.3721331812096758,-0.18165609148485837,-0.7819752183100082,-0.17857142857142858,-0.3109821441358986,-0.022478173295006548,1.2356372948081067,-0.8448648378693425,-1.0244302611080938,10,lentil
0.03125,0.625,1.5172413793103448,-0.9622028952373163,-2.1865582805657344,1.7466832583579195,-0.43385556652808027,0.5357142857142857,-0.23004921881862844,-0.5482013887284681,-0.13932167753523406,-2.0820614368069568,-0.4846302462266181,3,chickpea
0.015625,-1.125,-0.2413793103448276,0.005370289045623277,0.5514615861789229,-0.28204239642031764,1.6349343978782322,-0.9166666666666666,3.3007206332755814,0.07417800631758338,-0.5426429975614933,0.7094490383882809,1.0854444000200805,4,coconut
-0.171875,1.775,5.862068965517241,-0.5328228828273376,0.4777484993532989,-0.8344392912398844,0.21022521706117964,2.4285714285714284,-0.41206837952960557,-0.7858460689725288,-0.3494943255599554,0.2581805051204421,0.18975274837817005,0,apple
-0.453125,0.525,-0.5172413793103449,-0.8573128581576644,-2.0459199690523002,-0.7378912871303733,-0.11676547550181891,-0.5833333333333334,-0.4739482069409248,-0.5745158358509751,1.5776033292235436,-1.9590903863426357,-0.11632383870813537,9,kidneybeans
0.203125,0.325,-0.2413793103448276,0.5759292842912815,-0.5778631934508298,0.31048175899767433,-0.4152686612074859,-0.08333333333333333,-0.06741294021374036,0.37088998543272395,0.6885483569294985,-0.12686225546557278,-0.4604627041036375,2,blackgram
1.09375,-0.225,-0.27586206896551724,-0.6020011002701847,0.13756500891642964,-0.2939579976090337,-0.1484574577832723,0.32142857142857145,1.0041429947553346,1.8905086238771387,0.25869275316713736,-0.07781053634417426,-0.14945513946386307,6,cotton
-0.078125,-0.975,-0.06896551724137931,-0.021885862527728582,0.5521642960187834,-0.8727483359881031,2.088535742138183,-0.8571428571428571,1.0763623383177214,-0.20604996956209426,-0.4577332475607452,0.7278285045537075,1.2884698388473088,4,coconut
-0.015625,0.15,-0.5517241379310345,0.5366281508507429,-0.7875401404091419,1.9075503680153134,-0.6392859111744618,-0.44047619047619047,-0.1582098821939356,0.5254274432613534,1.220560957873267,-0.37518594153980694,-0.780178224678482,13,mothbeans
0.8125,-0.15,0.13793103448275862,-0.7270095849428642,-0.002273689739019314,0.011270436235743624,1.5366601620597788,0.2857142857142857,0.658452611220687,0.6627941502309924,-0.006650201507282344,-0.270698007614354,1.0377385466485023,20,rice
0.625,-0.325,0.13793103448275862,-0.6333580295068271,-0.011780091549004442,-0.489384772599075,2.198200319004105,0.05952380952380952,0.6878978655727622,0.45674416221597836,-0.1098391333412407,-0.22261876601132705,1.333821968576766,20,rice
0.046875,-0.825,0.3793103448275862,-1.0631574007443165,0.21028759501733899,-0.6805711717534139,0.25644398789901784,-0.5357142857142857,0.806743149688393,-0.29038670257931304,-0.44786001867650765,-0.31401393709476305,0.2285417169848763,19,pomegranate
-0.15625,0.275,-0.27586206896551724,0.5393957190535809,-0.4634808375237193,0.9452694686007858,-0.5504514101629413,-0.39285714285714285,-0.27716964580370257,-0.16999122765494876,0.7009310263133322,-0.01864587785396586,-0.6454412208683376,2,blackgram
0.046875,0.1,-0.4827586206896552,0.8432152441658758,-1.3445223856751785,0.7014886059229598,-0.7929919196252482,-0.39285714285714285,-0.10015789218040148,0.5082566210623287,0.9515326919081167,-0.8930931022892296,-1.044982928419711,13,mothbeans
-0.46875,2.25,5.620689655172414,-0.2838631459004875,0.4344353997768677,-0.9399665131673342,0.17173184619870888,2.3452380952380953,-0.5112359746341006,-0.8432199283351249,-0.2862808586430039,0.39394199695889887,0.15669308897952172,0,apple
-0.515625,2.125,5.931034482758621,0.7659823828145186,0.04155807710051954,-0.5457371858937301,-0.49542022748860604,2.357142857142857,-0.5235105680007778,-0.853289339739465,-0.3162169889159079,0.6729639223896872,-0.5674687738344486,7,grapes
0.03125,-1.125,-0.034482758620689655,0.27437715279872005,0.44281975683403035,-0.9013214731772808,0.9515141298122726,-0.8452380952380952,4.1904638474553595,-0.08773739561971954,-0.5844131151546385,0.7905573350852317,0.7187371930541185,4,coconut
1.109375,-0.725,0.4827586206896552,0.11407715906932202,0.2082324480981089,-0.31800299054529324,-0.70185445927971,0.35714285714285715,2.4367140008725965,0.5858986924530982,-0.4162013020982342,0.44366580965805,-0.8825996901217176,21,watermelon
-0.234375,0.425,-0.5517241379310345,0.37902164464829236,-0.5833542829309541,1.3478568817053078,-0.9707087276208434,-0.47619047619047616,-0.34508606804245096,-0.015453756497461696,1.585407525617908,-0.22547719005514133,-1.4205976768436022,10,lentil
0.359375,0.0,0.13793103448275862,-0.48923849873788805,0.07634944816457982,-0.4131520775338888,2.747680034766951,0.011904761904761904,0.17234497871864085,0.16484001252804187,0.08179745435039622,-0.060066686226082265,1.543072449585021,20,rice
-0.5,-0.15,-0.3793103448275862,0.4930838686567044,0.2513238456252856,0.05702631963146147,-0.8760328631152965,-0.8928571428571429,-0.47394820750263156,-0.7182313675993706,0.4671765037385335,0.7349027534842753,-1.2093034083937264,14,mungbean
-0.1875,1.75,5.827586206896552,0.8648453470260458,0.07321502405237641,-0.8579958107998368,-0.41819824720814547,2.392857142857143,-0.41601349247728464,-0.7885256019076624,-0.3505399606542927,0.7700719808413653,-0.4642470724670893,7,grapes
0.1875,0.525,-0.5862068965517241,1.047067931571093,-0.4276481464646757,0.7230202516429227,-0.3371078266257532,-0.11904761904761904,-0.1284985495409273,1.1538798764721745,1.8150592523529459,0.27672549193679313,-0.3627499841616732,2,blackgram
0.015625,2.025,5.689655172413793,-0.8837443464623884,0.033639499240677884,-0.5127823250263915,-0.47157443195656956,2.630952380952381,-0.3667132789293111,-0.7461728759380629,-0.31442109744726593,-0.3363972611176828,-0.5348580531296351,7,grapes
-0.140625,0.45,-0.5517241379310345,0.7370406323557492,-0.4795570944451979,0.11875727104599026,-1.0006012796672306,-0.39285714285714285,-0.29517892521132105,0.21635247197060187,1.6185753954128752,0.061153053670311014,-1.4937402552206107,10,lentil
-0.375,-0.575,0.034482758620689655,0.45272559814627555,0.5083897326609372,-0.7629642031672524,0.9536470229998563,-0.8571428571428571,-0.2596972060596047,-0.6218963059623996,-0.2197286463014852,0.9854676860023704,0.7200271119874104,4,coconut
0.40625,-0.175,0.3103448275862069,-0.2332863223180974,0.10724065941608853,-0.869135900873438,2.7483216183304084,0.023809523809523808,0.32724988214566003,0.0844302643251643,-0.10049100518312366,0.12614215127661244,1.543301052749564,20,rice
1.28125,-1.05,0.6206896551724138,0.21268835958721943,0.11366320767096343,-0.1846586878468267,-0.914260902937178,0.38095238095238093,7.479818734822887,0.6057869983228145,-0.5744841513706185,0.4103822227793185,-1.2912005444666823,21,watermelon
-0.578125,-0.625,-0.034482758620689655,-0.07765374575676808,0.48730436210287,-0.9054513034159042,1.6621025238832232,-1.0595238095238095,-0.5413530181409243,-0.8654099275470282,-0.22491619295665868,0.5880020337861066,1.0983789379366224,4,coconut
0.296875,0.175,0.5862068965517241,2.0132418766083293,0.4733727235522457,0.26714137442383207,1.3161554862783895,0.20238095238095238,0.044371546185090704,-0.1589528205749495,-0.041848753800947595,2.045540347375679,0.9250608326622678,17,papaya
-0.078125,2.25,5.896551724137931,-0.7383874593325627,0.41402297403850313,-0.625257658132232,0.24209360369978541,2.738095238095238,-0.40367510496687337,-0.7679675664560647,-0.30140309548661326,0.06147895955308467,0.2166013020769865,0,apple
-0.359375,-0.075,-0.3793103448275862,0.6461749017826125,0.14332202999487553,0.5736437732327245,-0.7002040722704072,-0.75,-0.3644153899696591,-0.4533099596935867,0.5429887786837603,0.7141066362188861,-0.8798097629523767,14,mungbean
1.109375,0.225,-0.5172413793103449,-0.4785804960176519,-0.12737340129934985,0.13058439251071913,0.050701677303571606,0.4642857142857143,0.5506049202658514,3.061660310349689,1.2030015042796411,-0.23108700933051504,0.04792428198184089,6,cotton
-0.3125,0.55,-0.4827586206896552,-1.0432062934443167,-1.549205621376413,-0.8189383238558727,1.7378411745096223,-0.4523809523809524,-0.40007992066747156,-0.2816016443880515,1.482218612312913,-1.6153765626824483,1.133880387782745,18,pigeonpeas
1.140625,-0.575,0.4827586206896552,-0.21281902186705345,0.2525193109112654,0.06908982324763928,-0.7369895251023887,0.4523809523809524,1.8418884687010106,0.612774778008656,-0.3469813970959694,0.27405329379006704,-0.9432121834172026,21,watermelon
-0.015625,0.375,-0.5862068965517241,0.7917053043287351,-0.37674499927605803,0.24263128059722042,-0.4680838068383678,-0.34523809523809523,-0.21045667266781604,0.6181499284670798,1.6650104033965887,0.20657502654563895,-0.5301411809195494,2,blackgram
0.328125,0.5,-0.5862068965517241,0.3999913959140105,-0.436043456325047,0.4998599494191555,-0.3516286018341475,-0.023809523809523808,-0.045785251387165674,1.5247698404757015,1.8150592523529459,-0.058616956131340194,-0.3804454489606478,2,blackgram
0.953125,-0.65,0.6896551724137931,-0.04134975918954405,0.08789485274995545,-0.2125538815216464,-0.770287075531684,0.34523809523809523,1.8366886589017488,0.2995650146487554,-0.4148701494389829,0.22690811127694252,-1.0029175239838455,21,watermelon
-0.3125,0.4,-0.4827586206896552,0.9882658854013506,-0.8102070036693821,-0.8402972281816248,0.5831659016082364,-0.5238095238095238,-0.3874285986944955,-0.2816016443880515,1.3053233055113145,-0.21038969349984457,0.478223052911934,18,pigeonpeas
1.28125,0.525,0.7931034482758621,0.08183337672771754,0.09415120338972861,-0.2160614524994039,0.2931073517960237,1.1904761904761905,0.4612935484590685,0.4720418256754682,0.02470851950872599,0.30930279204770567,0.2586385140919626,1,banana
0.828125,-0.05,-0.3793103448275862,-0.1176234325065773,-0.4100524583506728,0.04206336828439095,-0.35090956290008246,0.16666666666666666,0.5728897719827684,1.7838041515108105,0.568259536998836,-0.2940203375919202,-0.3795644574129471,11,maize
0.984375,-0.475,-0.20689655172413793,-0.04923356437752654,-0.7744338388610583,-0.39761196505325835,0.4988728040336572,0.14285714285714285,1.3544072639465576,1.5120899087640332,-0.016855707238210015,-0.611450504014481,0.4175380515690519,5,coffee
-0.453125,0.175,-0.5172413793103449,0.5606630394893489,-0.38319735238895053,0.8757609681616605,-1.0097895708917732,-0.75,-0.457678080380065,-0.5745158358509751,1.1405678667889907,0.08032957181864103,-1.5169308507494943,10,lentil
-0.375,0.225,-0.2413793103448276,-1.4530657114365821,-2.017535194944539,-0.7639903369768452,0.5671428977972767,-0.5714285714285714,-0.40991363666603464,-0.5439719501722926,0.6036386083439129,-2.02795882877242,0.46686822487573504,9,kidneybeans
-0.296875,0.15,-0.3793103448275862,0.3220947712212633,-0.5587815534954809,-0.2823940330991298,-0.7672526808203126,-0.5952380952380952,-0.34978145016742995,-0.3355671117354605,0.7704256035194414,-0.22646678073315926,-0.9973807942278182,10,lentil
0.25,0.1,0.7931034482758621,1.3529972771758707,0.36046213372855024,0.2850887668752207,2.3665872079900145,0.20238095238095238,0.043230523756768426,-0.2697381382966727,-0.13932168020135957,1.4369527883174982,1.4009850594434359,17,papaya
0.328125,0.375,1.6206896551724137,-0.7844451657875646,-2.059964957875236,2.343412965048201,-0.020659809505806013,0.6785714285714286,-0.008242239323138686,-0.41157830151298913,-0.2266497438676305,-1.9596818573973867,-0.019959060166880534,3,chickpea
-0.078125,0.475,-0.41379310344827586,-0.8018346891061051,-1.15416902913753,-0.22815449376466918,1.7072607618823061,-0.2857142857142857,-0.26403036645668926,0.12362999294637467,1.1873931112958076,-1.2373005282763447,1.1196435234316267,18,pigeonpeas
-0.046875,0.35,-0.4482758620689655,-0.3604019559883247,-0.5829851871942288,-0.5012119821961216,-0.8362046214781189,-0.3333333333333333,-0.22403190742785986,0.2407531385149013,1.1454968494113447,-0.5726842239998313,-1.1283256924830012,10,lentil
1.03125,-0.275,-0.06896551724137931,0.3103793228483343,-0.8530322737239902,-0.08522330091093376,0.7911644141705435,0.32142857142857145,1.0207534640623261,1.256904937216978,0.03757362249054999,-0.5398239762550966,0.6185677012348084,5,coffee
0.328125,0.1,0.5172413793103449,0.09276599907228997,0.4425275360175118,0.31872377251529677,2.4714266959730047,0.16666666666666666,0.09837991450183382,-0.10258656270240372,-0.048992160380538725,0.6637307046100998,1.4413839022244386,17,papaya
0.484375,0.025,0.5862068965517241,-0.1894910842932708,0.3949514296841201,0.1493274589071076,-0.5321714762386823,0.27380952380952384,0.25194975559057237,-0.00756915479521829,-0.1068307055222155,0.42257989905008236,-0.6191053298266965,17,papaya
-0.265625,0.225,-0.2413793103448276,0.3132229237733291,-0.38541602872564606,0.30230560389238015,-0.568764757353632,-0.4880952380952381,-0.3391385851026325,-0.37088996235512733,0.6036386083439129,-0.049235020829721206,-0.6722795975849715,2,blackgram
0.875,0.125,0.13793103448275862,-0.2606794898565104,0.05097273370216613,0.5665842699770778,1.5329316203857453,0.4642857142857143,0.4661081738326352,0.7314774795693305,0.155503834231795,0.057330253512076004,1.0358994813473827,20,rice
0.890625,0.075,-0.5172413793103449,-0.3688038439636132,-0.632655315426747,-0.5737104617285208,0.21252002501685202,0.2261904761904762,0.5146556857701389,2.5525956498815963,1.0157005918076896,-0.6211355625836555,0.19170162728341109,11,maize
0.0,-1.0,0.13793103448275862,-0.22031756489356885,0.16888301567852054,0.2855749928774029,0.2057753090606147,-0.7380952380952381,1.4991742910245107,-0.23008913116740165,-0.5078535847007943,0.19146679335601421,0.18596667332375746,19,pomegranate
0.0,-0.375,-0.1724137931034483,0.35267171581838724,-1.098300239269378,-0.5337570820956825,-0.07400426830922736,-0.5476190476190477,0.08214147679942559,-0.018315540217659212,0.03757361986987889,-0.7813087915777824,-0.07270936914152178,12,mango
0.296875,0.625,-0.5517241379310345,0.4774371135217378,-0.6513242863759952,1.1084929023768275,-0.5330857637700313,0.023809523809523808,-0.09435269090890976,1.298114871488232,1.8150592523529459,-0.25282627862773716,-0.620412014971671,2,blackgram
0.46875,-0.2,0.20689655172413793,-0.05242929641940908,-0.3251016288393778,0.8893443484565607,1.7122534125215252,0.023809523809523808,0.4038818835539617,0.22448606328369797,-0.06949458768611097,-0.17883277461964694,1.1219767861955023,8,jute
0.8125,-0.1,0.20689655172413793,0.0010461286384594519,-0.2791313577998268,-0.43958837799533756,0.9673801341400123,0.3333333333333333,0.6073970536107366,0.5823623587803541,-0.013632910220644943,-0.105704179217212,0.7283070521572508,8,jute
1.4098437500000038,-0.275,-0.5172413793103449,-0.48384804779343965,-0.11666099536121281,-0.4359391722326878,-0.2916786217766838,0.6071428571428571,1.5818985110673771,3.554992428287286,0.5786651293731369,-0.2247680722176384,-0.3086526247004277,6,cotton
-0.03125,-0.525,0.06896551724137931,0.481739558714397,0.5004185235257729,-0.29716539298373545,1.4850134584018475,-0.5595238095238095,0.1663974856972554,-0.22907908324629997,-0.20175532548786793,0.9974633786729139,1.012068946262352,4,coconut
-0.25,0.575,-0.5862068965517241,0.688644476756753,-0.4522028938366221,0.04138580599355048,0.9904737311964569,-0.42857142857142855,-0.3691974867681945,-1.1538798407977658e-08,1.8150592523529459,0.06819506397148306,0.7421320898439553,18,pigeonpeas
-0.578125,-0.975,-0.8417241379310345,-0.9247659053047246,0.3403319321525224,0.5511057917062461,0.373313244339371,-1.3571428571428572,-0.5413530181409243,-0.8654099275470282,0.23973959226026484,-0.12416304635818129,0.3225185550756638,16,orange
0.96875,-0.25,0.13793103448275862,-0.18387277095348198,0.07424489011571074,0.3147907673641549,1.4869341237486284,0.35714285714285715,0.9234685952374293,0.8345024735768374,-0.06561530541240147,0.1259961476032286,1.0130311756848733,20,rice
0.9375,-0.375,0.4482758620689655,-0.5703506567802035,0.04430417984659557,0.5201916684962593,2.972171142449853,0.38095238095238093,1.09321363075675,0.4670466690192656,-0.2454588699644104,-0.13729674297666333,1.621071445221712,20,rice
0.78125,0.075,-0.41379310344827586,0.017061928001659333,-0.5745357295476188,0.14853430083236943,0.23810529718111897,0.17857142857142858,0.43601673973420874,1.823542356294411,0.7628443726133666,-0.3869500747724871,0.21326645762252588,11,maize
1.234375,0.75,0.7931034482758621,0.15680130792092656,0.10625613891384914,-0.5287234129123805,0.005939293007807503,1.2619047619047619,0.32742010533310206,0.4383245545858254,0.11154803700230069,0.3680115514276368,0.005690822304618944,1,banana
-0.515625,-0.25,-0.41379310344827586,0.4556890193463525,0.10964343398542051,0.22185557446885606,-0.9709391233843245,-0.9642857142857143,-0.48216830648927367,-0.7417799374853529,0.41789852243388326,0.5576837865785912,-1.4211484826781295,14,mungbean
-0.453125,0.2,-0.4827586206896552,0.6911171438172526,-1.508500837110492,-0.2199856136748453,1.5772885297569061,-0.7261904761904762,-0.4590962996401098,-0.5906766178251568,1.069462896442516,-1.1243182685673176,1.05763854368851,18,pigeonpeas
-0.09375,2.15,5.655172413793103,-0.5849229005933427,0.4470561226741906,-0.031928914082726335,0.437980600282713,2.5952380952380953,-0.40408336523053123,-0.7676413085678268,-0.29906897368666785,0.195445374671294,0.37218033671445006,0,apple
0.859375,-0.4,0.27586206896551724,-0.5789111112419889,-0.007102956825707519,-0.07592522958714375,1.7837930548641496,0.25,1.0532522062633531,0.5563349937058599,-0.20565742589719754,-0.18617892886435392,1.1550317076503263,20,rice
-0.46875,2.3,5.620689655172414,-0.4428978859967802,0.43881007269148703,-0.5892532683936366,0.16725409790269877,2.380952380952381,-0.5118634130361356,-0.8432199283351249,-0.2781164594558365,0.2872792295193681,0.15280144477225893,0,apple
0.734375,-0.75,0.7931034482758621,0.5118056150108972,0.47966337809973153,0.06432983155850686,-1.2346675872217223,0.16666666666666666,1.8852201032103626,0.0786736629629692,-0.46738207962153067,0.9961604796420304,-2.2295630112669977,15,muskmelon
-0.546875,1.725,5.896551724137931,-0.4147021292617725,0.47688685190996016,-0.5513236302029711,0.23456207631294004,2.130952380952381,-0.5312422964047537,-0.859319779978843,-0.3563016417562475,0.34062778633577,0.2102977710820088,0,apple
-0.125,0.475,-0.5862068965517241,0.8349663768546994,-0.571977479963671,0.4520540683238587,-0.3490084582529431,-0.38095238095238093,-0.2900293650520863,0.3296799564643367,1.806526647265465,0.0020413501265758504,-0.3772375560559344,2,blackgram
-0.203125,0.05,-0.5172413793103449,0.5956440449024886,0.2872936362041578,-0.010459506176465544,-0.6286135995814646,-0.6190476190476191,-0.26664661914643506,0.007272347541131103,0.9844837730623645,0.8419124405167505,-0.7633614990787072,14,mungbean
-0.546875,1.8,5.931034482758621,-0.5464971489521312,0.3447454951919548,-0.7089788435886437,0.5116943483254706,2.1904761904761907,-0.5314888993719237,-0.8593791960523892,-0.3515960520606904,0.13460601341426068,0.42692253852570783,0,apple
-0.328125,0.725,-0.41379310344827586,0.9918963724722473,-0.8033075924945932,0.9303527406052753,0.4614153455478988,-0.35714285714285715,-0.4200243578124132,-0.37088996730032675,1.4527360729723329,-0.2006095998138432,0.38979327636842276,18,pigeonpeas
1.203125,-0.275,-0.5172413793103449,-0.20670724995413817,-0.013723243497621884,-0.0697593122081706,-0.4288906557444745,0.2976190476190476,1.1875803699286924,3.2798308791217283,0.5786651293731369,0.02998103056489327,-0.47813783912236757,6,cotton
-0.140625,1.775,5.689655172413793,-0.9751590666441775,0.07375043721731614,-0.5891566456533214,-0.42530247052104775,2.392857142857143,-0.4021234073287349,-0.7775510474141063,-0.3413594704012512,-0.36126132055611,-0.4734625128440363,7,grapes
-0.515625,-0.2,-0.4827586206896552,0.6086532578791233,-0.6545446619248055,2.385080232566771,-0.3691104015575212,-0.9642857142857143,-0.4849210837113789,-0.7280432726860926,0.5977420783049192,-0.1967043008789516,-0.40201958665832316,13,mothbeans
-0.515625,-1.125,-0.8417241379310345,-0.43487850374107273,0.35591631081131647,0.2842903095886233,0.3032040853940655,-1.3571428571428572,-0.13692421272866054,-0.5121814173134587,-0.21513401408980343,0.21980146673986364,0.26682573110050306,16,orange
-0.015625,0.725,-0.3793103448275862,1.4092597267556235,-1.0812602060052998,0.6503444068439656,0.096455520288749,-0.10714285714285714,-0.2683635324017742,0.19427570407610728,1.3516530447661816,-0.38294861892243964,0.08994100781543783,18,pigeonpeas
1.15625,0.9,0.5517241379310345,0.1525398019579113,0.027528982698586116,-0.8814015349377251,0.05750234857819964,1.1904761904761905,0.23264016059526066,0.5640618742340187,0.29186064369202336,0.28575590327297096,0.054241671783982454,1,banana
0.484375,-0.25,-0.5517241379310345,-0.6486760763464898,-0.7651183131384233,-0.2794071222402993,0.12387477466782049,-0.25,0.46478707993713664,1.7617273284243593,0.6898750411537895,-0.860119088816526,0.11458791656287974,11,maize
-0.515625,0.2,-0.4482758620689655,0.12690861621654445,-0.43464311633763625,1.2195227045635215,-0.9139843986851172,-0.7619047619047619,-0.500224658890517,-0.7352730962456248,0.9779118214250784,-0.19444931005538812,-1.2905924450805943,10,lentil
-0.109375,0.475,1.6206896551724137,-0.9100128597072091,-2.038590943393241,0.9035044656201365,-0.4256086399231083,0.39285714285714285,-0.28136303218695397,-0.6306694313225253,-0.19977956952991893,-1.9611405486159392,-0.47386089748450405,3,chickpea
0.015625,0.225,1.5172413793103448,-1.19066398628813,-2.111329093755986,2.385080232566771,-0.28530630487515346,0.3333333333333333,-0.1571455953681699,-0.5563349410058672,-0.2510450339362104,-2.0547763628370723,-0.3012125356546798,3,chickpea
0.90625,0.775,0.5517241379310345,0.32526716885573503,0.09320511294341088,-0.7301277183510293,-0.03372655537472846,0.9404761904761905,0.16146544129338375,0.3580118847881021,0.23658085839708679,0.45916621917973277,-0.032715969979186514,1,banana
1.25,0.875,0.7241379310344828,-0.05586615644990915,0.10150381035601398,-0.7461485967292599,0.3571465167181047,1.3095238095238095,0.2839640324878873,0.49918528825791686,0.19110541407331402,0.23106614892121488,0.3098517103812265,1,banana
-0.5,2.3,5.931034482758621,-0.7102402367780802,0.40670262002175844,-0.2526682327849737,0.13604266906626522,2.4761904761904763,-0.5202890144946467,-0.8503330988104304,-0.2972331013618058,0.07490465577764992,0.12540177780821887,0,apple
-0.171875,0.0,-0.2413793103448276,0.5627708264558355,-0.9394864781244827,1.3947763843029688,-0.669991192023776,-0.5238095238095238,-0.23208388616844602,-0.22253397279755704,0.41259167402634506,-0.5314873336513588,-0.8295998524280047,13,mothbeans
1.21875,-1.0,0.4827586206896552,-0.19117027921873456,0.2979924840769912,0.19644238364871405,-0.9222670654408598,0.30952380952380953,5.800826456292184,0.6799649918975508,-0.5431044612690529,0.33075261085710733,-1.3089118064090748,21,watermelon
-0.578125,0.4,-0.3448275862068966,0.7458803213150157,-0.3747525671171847,0.16634541202482928,-0.7318380179439985,-0.6785714285714286,-0.5413530181409243,-0.8654099275470282,0.9461722443906923,0.18522067431159941,-0.9341762087890997,10,lentil
-0.25,-0.175,-0.4827586206896552,0.2687867731369854,0.21394782234048756,0.7143157924772484,-0.7504210748777046,-0.75,-0.2518187180453962,-0.1442349895271158,0.6272246294385192,0.5493647634438091,-0.9670213149156056,14,mungbean
-0.15625,0.325,-0.5862068965517241,-0.9288429064897362,-1.8746123317583725,-0.9392756767145889,0.7361689110104523,-0.47619047619047616,-0.285425376060245,0.2472599644635529,1.5942522814621505,-1.8373109217574926,0.5826726687612074,9,kidneybeans
0.671875,0.5,0.5172413793103449,0.34440289464173446,0.008599552850530223,-0.2819251650645517,0.17454404124014783,0.6190476190476191,0.14218872910563923,0.18676023085935034,0.13166688254581263,0.3818869682127617,0.15913222550786213,1,banana
0.75,1.1,0.5172413793103449,0.07307776791402563,-0.07404558638747025,-0.22509041383767997,0.4247166413963168,0.9642857142857143,0.0014330949263350325,0.252520865759749,0.40265544693533967,0.13676103442315413,0.362122487597548,1,banana
-0.5,-1.075,-0.8417241379310345,-2.375617376266567,0.3932544381508945,0.1343683269687784,0.3048599520483049,-1.3571428571428572,-0.16220099726892873,-0.2472600699611254,0.1790897295604141,-1.1711539423448245,0.26816433734130607,16,orange
0.5,0.1,0.20689655172413793,-0.487113084412222,0.07057840356708037,-0.7487885163023078,2.972171142449853,0.19047619047619047,0.21970857414097753,0.2570202719652122,0.09809044471028736,-0.06377760701394719,1.621071445221712,20,rice
-0.140625,-0.075,-0.5862068965517241,-0.06195956421886358,-0.8510757602574226,2.385080232566771,-0.9125159447968775,-0.6547619047619048,-0.1874777617983939,0.2884699604639448,1.0281873059866449,-0.6907573943434476,-1.2873669351713803,13,mothbeans
-0.453125,-0.875,-0.8417241379310345,-2.304054881042259,0.3272059866388032,0.691913257002261,0.2310896579044683,-1.3571428571428572,-0.23803138248572805,-0.041210089959168666,0.7451546767326718,-1.0600788101543197,0.2073829047049193,16,orange
0.765625,0.7,0.4482758620689655,0.39766602166605564,0.0723769548872813,-0.6392805338045228,0.07515291516646957,0.7619047619047619,0.11904348734014959,0.315943343635459,0.26164102643683496,0.4818287301970637,0.0705193295282048,1,banana
-0.40625,-0.6,-0.06896551724137931,0.37753239977376557,-1.076301155402844,-0.03764540377695222,-0.08326678694093789,-0.9285714285714286,-0.2942020494620133,-0.6387549419897072,-0.192390281461837,-0.7491149082321037,-0.08205361347389954,12,mango
0.078125,0.275,1.4827586206896552,-1.272389641613671,-2.0744513903714523,0.5934511828980306,-0.2188773228606588,0.39285714285714285,-0.13040110561635715,-0.5192459426816584,-0.23130724104900288,-2.0399204233864197,-0.22569844471696365,3,chickpea
-0.015625,-0.6,-0.20689655172413793,0.18471348919588634,0.5131403582571125,-0.18137007239169073,1.3017149094812115,-0.6785714285714286,0.26750469753551187,-0.00950998647504605,-0.11891069367596974,0.7996885822433396,0.9173892996445255,4,coconut
0.40625,0.175,0.5172413793103449,0.22742991480937705,0.34367104889061173,0.4433938290366868,0.8450679144736662,0.2619047619047619,0.11758711672584261,-0.03682592780200507,-0.015118589831847844,0.6559547320678736,0.6529648509795062,17,papaya
-0.1875,-1.1,0.10344827586206896,0.49691947834418776,0.5521642960187834,-0.8954304159052183,1.607351878806179,-0.9404761904761905,1.6252299195815028,-0.4238742392938519,-0.5638704334948933,1.14644367103141,1.0722017287945818,4,coconut
1.234375,0.5,0.5172413793103449,0.35610548655364105,0.051208859096256006,0.004414996190449709,-0.05809246426493792,1.0476190476190477,0.44978251536659297,0.6602368021422208,0.13166688254581263,0.43391781572613547,-0.05678692430906291,1,banana
0.34375,0.1,1.6206896551724137,-0.893061383545444,-2.142049081636176,2.385080232566771,-0.21202467710638123,0.5595238095238095,0.10940979265084685,-0.40375361830550566,-0.30054272329633736,-2.0393325790770076,-0.21811297787541797,3,chickpea
0.046875,0.325,0.5172413793103449,1.2103588710463684,0.4353849143204029,0.47348762789709853,-0.390156539073297,0.05952380952380952,-0.16220095579917718,-0.3393248483438389,0.05262855126553392,1.4334342030533518,-0.4283953328006217,17,papaya
-0.375,-0.85,0.4482758620689655,-0.7392671716927894,0.4075082040152683,0.746094758130485,0.19488214348818406,-0.8452380952380952,-0.0774493383745078,-0.6868332702752569,-0.46952626604868164,0.05556799544283188,0.17665950332443056,19,pomegranate
1.21875,-0.825,0.7241379310344828,0.6330915405192485,0.45958363904706406,-0.4293860578091063,-1.231406199794044,0.47619047619047616,3.3344234643683626,0.47585887431253315,-0.48977465972780954,1.0592168797884176,-2.216495282203259,15,muskmelon
0.875,0.175,0.20689655172413793,-0.8500660510869983,0.10874499348329561,0.5133426805565291,2.972171142449853,0.5119047619047619,0.43136813332906493,0.6474307761433826,0.1399867028093869,-0.2566727116094195,1.621071445221712,20,rice
1.375,-0.3,-0.3793103448275862,-0.08445454492780324,0.05621940948053688,1.5609173401087926,0.004176280595970901,0.4642857142857143,1.4030165128547196,2.814054071144414,0.3155519538480794,0.1698862035589678,0.004003737293244246,6,cotton
1.265625,-0.5,0.06896551724137931,0.3518494223963363,-0.5943716492523451,-0.3153103453001934,1.4675482080462865,0.44047619047619047,1.7678053102288214,1.2799340618097128,-0.18614691565613448,-0.24987362258026413,1.003291677783373,5,coffee
0.453125,-0.175,-0.41379310344827586,-1.11653373951764,-0.38768750966281407,0.316172711840163,-0.2379289781893544,-0.19047619047619047,0.3686119250164498,1.1744849084706153,0.49750141093684086,-0.7854254520111819,-0.2469837516652694,11,maize
0.828125,-0.3,0.1724137931034483,-0.12208832400770885,0.03852081839379208,0.44024295312291506,1.6262796838612585,0.23809523809523808,0.8585930441759392,0.6381980942319091,-0.11063595864973959,0.13005822190256883,1.0813012886280484,8,jute
0.0,0.15,-0.41379310344827586,0.9676965012519119,-1.202224643029712,0.9456898710336487,-0.406048233301696,-0.38095238095238093,-0.14756701730651925,0.2781674805234688,0.8424472611163242,-0.6860102093781903,-0.448611652805252,13,mothbeans
-0.109375,-0.65,-0.034482758620689655,0.13765759018706966,0.5521642960187834,-0.64204655945287,1.919799417387067,-0.7142857142857143,0.18661892381091447,-0.2672002876029447,-0.2420350940137053,0.8622059135744988,1.2160018087843187,4,coconut
-0.375,-0.1,-0.41379310344827586,0.641287953954866,0.24887876693053404,0.11582689399521263,-0.8745531569170999,-0.7857142857142857,-0.3735580638401199,-0.46361245984658334,0.5771042994397987,0.829155147913882,-1.2062183660549601,14,mungbean
1.109375,-0.325,-0.27586206896551724,-0.3655198485722123,-0.13812003138197543,1.0358001208007654,-0.27016395497123286,0.2857142857142857,1.1827910784964542,1.9162648720212896,0.17024509853789835,-0.17619300718190736,-0.2836741813271995,6,cotton
-0.515625,-0.7,-0.8417241379310345,-0.49281549003286396,0.4315010426966677,1.0724038861411997,0.2635606005414259,-1.3571428571428572,-0.4358498385148718,-0.37089004147830595,1.77114726081095,0.24619584212248843,0.23442939212323255,16,orange
0.046875,2.125,5.862068965517241,-0.46217755872561417,0.4723240266369838,-0.508442841323946,0.3854796024995742,2.738095238095238,-0.3629285167394583,-0.7430039912785676,-0.3127141113934076,0.3031987054100819,0.3319835654309505,0,apple
-0.234375,0.4,-0.3448275862068966,0.6087611179701996,-0.5401907569002273,1.0703455138217568,-0.6746776539520963,-0.4166666666666667,-0.34215671062201647,-0.24725997442887904,0.9461722443906923,-0.06950202028731799,-0.8372828424998964,10,lentil
-0.328125,-1.075,-0.7931034482758621,-0.15874329404117435,0.36151804736453363,1.1987145380724318,0.2798468600316556,-1.3452380952380953,0.6719334486494615,0.2335232502886177,-0.19828682850898416,0.41217168401796545,0.2478200636078609,16,orange
0.390625,0.125,0.10344827586206896,0.07967726014683213,0.037538320242660975,-0.2009826614673684,1.1615154566639516,0.08333333333333333,0.1302877765081154,0.22959857932084907,0.17908987511995575,0.2516350286052827,0.8408753507689037,8,jute
-0.265625,-0.15,-0.3448275862068966,0.7056076790650062,0.3180986762495016,0.48483985963533416,-0.6743078131490313,-0.7023809523809523,-0.27173377558775325,-0.30345542471234715,0.4154863186254324,0.9496616088858837,-0.836675145472542,14,mungbean
-0.015625,0.175,-0.2413793103448276,0.5446289886669201,-0.7142816955462102,2.01644525086461,-0.9797755903065413,-0.32142857142857145,-0.1648157982170575,0.02472600979839335,0.5611837340511201,-0.29136631628091375,-1.4424221722970352,13,mothbeans
-0.296875,1.85,5.931034482758621,-0.5483713456717111,0.46901433916299673,-0.3943449881319482,0.37201801427006015,2.392857142857143,-0.4539963823112914,-0.8108672824129934,-0.3448324076421108,0.23974853923023448,0.3215075135488953,0,apple
-0.125,2.175,5.689655172413793,-0.5769634042046192,0.40034137165553696,-0.6154765253713769,0.45544659081039235,2.5952380952380953,-0.41387000480716124,-0.774413230266502,-0.2982580736748747,0.1612931361346605,0.38532619072430385,0,apple
-0.234375,-1.075,0.034482758620689655,0.5057071208265381,0.516331201219839,-0.7846773061578267,1.84883491079926,-0.9880952380952381,1.126915873695856,-0.45330995255765666,-0.5413564849717613,1.0317988846882367,1.1844872274102918,4,coconut
-0.46875,0.7,-0.3103448275862069,-1.0197310023815953,-2.0480911091999494,-0.6249480216272449,0.03194980015160128,-0.44047619047619047,-0.4875998142064183,-0.677277332747962,1.152783171660548,-1.984578154387914,0.030371034513783913,9,kidneybeans
-0.3125,0.65,-0.27586206896551724,-0.8233150686307591,-2.073535962321948,-0.8844188063555479,0.2413064145612088,-0.3333333333333333,-0.4074187827785748,-0.4275537090964597,1.032609731172978,-1.9760662307780503,0.21594365501673862,9,kidneybeans
-0.234375,0.225,-0.27586206896551724,-1.1678286075432351,-2.029238303876156,-0.8206685457346394,0.16064460986810455,-0.47619047619047616,-0.3189171417988033,-0.2987724683757042,0.6567071989987125,-1.9926957643327037,0.14703925716403912,9,kidneybeans
0.40625,0.175,0.6206896551724138,2.7273391255102584,0.4745598099976196,0.29643902588423054,-0.9008572920340059,0.2976190476190476,0.11758711672584261,-0.0865409667924057,-0.054411930882462524,2.302668739333591,-1.2619926755739426,17,papaya
0.34375,0.3,-0.4827586206896552,1.063857672204998,-0.6868954694983866,0.09757473178745768,-0.4756341855791268,-0.07142857142857142,0.026773246560408397,1.1607482316517734,1.1873931009769152,-0.02913693495446675,-0.5403620204589068,2,blackgram
0.359375,0.175,0.1724137931034483,0.1074942730986692,-0.04790598313235154,-0.3732050270312837,1.29939485776066,0.10714285714285714,0.08620901506552028,0.13699542030559653,0.16187844068391452,0.18298039401087954,0.9161532443367117,8,jute
-0.015625,1.925,5.931034482758621,-0.04910143026174233,0.0048693698144372626,-0.7539257276377371,-0.46974937059423666,2.642857142857143,-0.37073458875418164,-0.7563246372789587,-0.3370282025349646,0.14186439294107756,-0.5323900704514817,7,grapes
-0.015625,-0.55,-0.6551724137931034,-0.8385136124461974,0.3490998463218116,1.4326929338195171,0.2537050851411158,-0.8095238095238095,0.2117214087227676,0.8463898887584842,0.513830176705919,-0.059075400327921974,0.22626983786303947,16,orange
0.453125,-0.1,0.13793103448275862,-0.11515359296602401,-0.20535217586861004,0.14458151817403828,1.3685629208857428,0.03571428571428571,0.3105290575400827,0.26786500653554884,0.0228323504452771,-0.09789316473682887,0.9525889556219038,8,jute
-0.21875,-0.3,-0.3448275862068966,0.6479957916898981,0.04836950506408955,0.4441064690151568,-0.8934187439846643,-0.7380952380952381,-0.18358902443772587,-0.21916224928714495,0.2707537934167253,0.6088513784684646,-1.2460166167337063,14,mungbean
-0.03125,0.3,1.5172413793103448,-1.3354024405435039,-2.1180924080043817,1.3144785880880545,-0.06693030668778938,0.3333333333333333,-0.2043289628096253,-0.580735597838064,-0.2300969046110273,-2.0785579744994,-0.06561056765898211,3,chickpea
0.703125,0.675,0.4827586206896552,-0.07985591225325975,0.14912409508231173,-0.709976257535084,0.2653833345112924,0.7142857142857143,0.09640019620196975,0.2365095802308455,0.22985114458957037,0.26186591060173553,0.23593379166489947,1,banana
0.890625,-0.025,0.1724137931034483,0.025518201095438942,0.004090085808842005,0.5293495643423871,1.944677884459817,0.4166666666666667,0.5991363803934101,0.705025117422084,0.0471355357013233,0.1858682177012199,1.226900787203655,20,rice
1.09375,-0.975,0.4827586206896552,0.7027622647826453,0.44009044037622935,0.13146654168185218,-1.1382623718248377,0.2261904761904762,4.8678827050176725,0.5724606496753193,-0.5315678104353421,1.0859371483249414,-1.8835830860279577,15,muskmelon
-0.515625,-0.825,0.1724137931034483,-0.4507776778747213,0.1637208650222287,0.7173529551544395,0.19493809338654988,-1.0357142857142858,-0.4065434013579926,-0.7985829043568533,-0.41183608422904144,0.04031374560831506,0.17670744958245216,19,pomegranate
0.953125,-0.825,-0.1724137931034483,0.35404347732579367,-0.40552440883367935,0.08693794796435743,1.2307393070866592,-0.03571428571428571,2.761482593040903,1.3782454767307601,-0.3162170002849964,-0.04949107714616836,0.8791242555718852,5,coffee
0.703125,-0.4,0.41379310344827586,0.25101104977329214,-0.07847910470469995,-0.19723871653651515,1.271445558844471,0.17857142857142858,0.8799255514368011,0.28659682944603865,-0.24787107898713037,0.23583487573694958,0.90118505638103,8,jute
0.875,-0.625,-0.1724137931034483,-0.16056679996783488,-0.8102202076802063,0.8779765900583203,0.7271613804878866,0.0,1.6285633506307742,1.2637732622267912,-0.15897672466060742,-0.6927873960198337,0.5767138673278612,5,coffee
-0.359375,0.6,-0.27586206896551724,-0.1683469958795235,-0.7808339521105664,0.004798520371915777,0.39952514079901874,-0.39285714285714285,-0.42811293526201394,-0.504822453528913,0.9883859038583586,-0.6684242807742168,0.34283944112290254,18,pigeonpeas
-0.234375,0.225,-0.4827586206896552,-1.0274151354267569,-0.6480673742223088,0.3202510471848154,-0.8977267061123892,-0.5476190476190477,-0.3189171417988033,-0.10989332581188185,1.0989454475761158,-0.9350828593141922,-1.2552490079320755,10,lentil
-0.484375,2.275,5.862068965517241,0.29790857299284895,0.08088769997005814,-0.21206550550080655,-0.41238721552715235,2.4285714285714284,-0.5157202024386655,-0.847049037106759,-0.2969511624648872,0.4293676752412096,-0.4567494725829403,7,grapes
-0.5,-0.9,0.20689655172413793,-1.257964326554715,0.25663798190756076,-0.7400011174511902,0.22532244847790073,-1.0476190476190477,-0.33913859521335354,-0.7840744058432427,-0.4605263299443738,-0.4073128146112681,0.2025296229633915,19,pomegranate
0.671875,0.025,0.2413793103448276,0.15611106020048682,-0.12403381540541994,0.7524237541172389,1.735045005803616,0.2976190476190476,0.39194436271966,0.40259000140861345,0.037573627933482644,0.13454716358892857,1.1325840108788106,8,jute
0.5,0.325,0.5172413793103449,2.5472536422924215,0.47000890814868673,0.5759299716951454,1.556625486867636,0.40476190476190477,0.11268428939858956,0.042086834078473315,0.05262855126553392,2.302668739333591,1.0475494548008204,17,papaya
-0.34375,-0.375,-0.1724137931034483,0.39361111015557854,-0.8943394332227441,-0.8072996282636953,-0.06370278430253593,-0.8095238095238095,-0.2885849796515933,-0.5219932840351219,0.03757361986987889,-0.5496301957957664,-0.06238243205784655,12,mango
-0.5625,-0.975,-0.06896551724137931,0.3875735402713413,0.5184312157939264,-0.8908064205821716,0.6151295197739706,-1.2261904761904763,-0.49079941325159165,-0.844804928859999,-0.4577332475607452,0.9498047283796948,0.5006299436376066,4,coconut
-0.125,1.75,5.655172413793103,-0.4628962081991453,0.4637366570299443,-0.3607075639770805,0.4882294101353831,2.380952380952381,-0.39595916837110234,-0.7739489614051946,-0.34239027549726103,0.29517802956162353,0.4097046277427548,0,apple
0.8125,0.075,0.20689655172413793,-0.17384213267285173,0.10072696232600906,0.26016332797612624,2.2979832949072563,0.4166666666666667,0.4584850100301888,0.5823623587803541,0.08412502534392076,0.157035198461295,1.3739703256730844,20,rice
0.3125,0.4,-0.2413793103448276,1.183845819799603,-0.46874503798915546,1.1476536199354181,-0.5117475553526042,0.03571428571428571,-0.025253494114663034,0.5439719732498891,0.7522306683686877,0.294799702136471,-0.5901980240733269,2,blackgram
-0.453125,1.725,5.655172413793103,-0.2516963844394517,0.07140473441266065,-0.3871827769068193,-0.42266038481686474,2.119047619047619,-0.5009101311962418,-0.8401793161975568,-0.34509785686042305,0.0816459790355092,-0.4700288849522015,7,grapes
-0.46875,-0.9,0.0,-0.08382560810279444,0.5167807992524156,-0.25542473706851937,1.355413009480852,-1.0952380952380953,-0.2582528260423252,-0.7301896233816901,-0.4212485892038973,0.6119063879822237,0.9457272856289276,4,coconut
-0.53125,0.675,-0.4827586206896552,-0.9196760989566813,-0.4001537564368657,0.46695006165420533,-0.7431401401293768,-0.5595238095238095,-0.5180205834698428,-0.7623849364013265,1.6296313679809122,-0.6940413813852392,-0.9540697672003707,10,lentil
0.0,0.65,-0.41379310344827586,0.07197336393343266,-0.39837832231635695,0.6651206508986973,-0.7409992669717281,-0.14285714285714285,-0.24984909411698708,0.2781674805234688,1.3731331844693755,-0.18605164546149894,-0.9502819217447713,10,lentil
-0.46875,0.225,-0.2413793103448276,0.477897997539495,0.07464377926762784,-0.034679977732786124,-0.6558671682102862,-0.6428571428571429,-0.47057796657752216,-0.692327939729863,0.6036386083439129,0.5336175854557988,-0.8066715817644265,14,mungbean
0.703125,0.65,0.4827586206896552,0.594349796621245,0.055416184055269484,-0.5435271563001304,0.0179132091272491,0.7023809523809523,0.10468270537158528,0.2365095802308455,0.2183144937558595,0.5839624960568285,0.017100947532964563,1,banana
1.234375,-0.325,0.06896551724137931,-0.38592822877773836,-1.0263794304032186,-0.4207092998609488,1.502295711787129,0.5,1.3105054560251488,1.2435722992782425,-0.0768880468340003,-0.9802628801016873,1.0207058185319244,5,coffee
1.15625,-0.55,-0.034482758620689655,0.09379335616814585,-0.950136043094631,-0.3025101907726755,1.1275462041022608,0.2976190476190476,1.7806264646887924,1.3479657402460807,-0.1735594897855187,-0.7256414992492368,0.821756687583912,5,coffee
1.046875,-0.775,-0.20689655172413793,0.29630562922455905,-0.9285416774898827,1.0880389202034353,1.3711555439529575,0.047619047619047616,2.6131920321049273,1.6071899022164755,-0.2617876746888331,-0.6243485221803053,0.9539382343576451,5,coffee
0.78125,-0.075,0.20689655172413793,-0.2952095431107382,0.013391927258540588,0.7484976489068157,1.618210239351469,0.32142857142857145,0.5581879569233668,0.5498281500988401,0.00033250914572165337,0.0019799933362041914,1.077428396499017,8,jute
0.6875,-0.425,-0.06896551724137931,-0.05907766088693462,-0.6152159729917497,0.22165111671265805,0.6815579738441881,-0.011904761904761904,0.9038854113306913,0.803594966102336,-0.06856356394901318,-0.4621160061417427,0.5461905794981373,5,coffee
-0.140625,-1.1,-0.7931034482758621,1.5729279087067287,0.3900649124593011,0.3067003834512407,0.3521739930017293,-1.2142857142857142,1.8852198721081939,1.0577231336653519,-0.25725192750034515,1.6254067125319698,0.30593486056950314,16,orange
-0.078125,0.1,0.6551724137931034,0.7087926488482553,0.4245323903124136,0.14603597812681954,-0.5434499095287576,-0.09523809523809523,-0.18839691737250605,-0.47755112340880906,-0.09769925433211209,1.0724918207927947,-0.6353014640662791,17,papaya
-0.234375,-0.525,-0.6896551724137931,-1.6880542909105887,0.40280278262763897,-0.07939172168124632,0.4109469332333656,-0.9761904761904762,-0.09648127287121135,0.26786494357583557,0.6567071437189331,-0.6009281610938791,0.35161194970677495,16,orange
0.328125,0.6,-0.2413793103448276,-0.04554073144528393,-0.645362742294722,0.8509012749475107,-0.4425062634598982,0.14285714285714285,-0.07221553192829577,0.5686979715094843,0.922050165539859,-0.48501173295093125,-0.49600748098023256,2,blackgram
-0.078125,1.95,5.827586206896552,-1.587318135474005,0.08287278213294869,0.05745896015908817,-0.393221231553172,2.5714285714285716,-0.3908678573290333,-0.76699799072864,-0.32941813190813873,-0.7321404583977259,-0.4322736502808615,7,grapes
-0.15625,-0.95,-0.8417241379310345,-2.107750430630009,0.3639410841486255,0.9260869857361769,0.2786930214682869,-1.1904761904761905,0.7185983733313626,1.9162645243119973,0.47981174601281984,-0.9095219605899718,0.24687515068983318,16,orange
-0.546875,-0.325,0.034482758620689655,1.190699690011802,-0.9191112146442996,-1.7832257071748219,-0.0771715085026496,-0.8690476190476191,-0.5094244237587506,-0.8279462934570854,-0.05891472696634713,-0.2604852660174008,-0.07589824991601238,12,mango
-0.546875,2.3,5.655172413793103,-0.48644129271713826,0.3335346492038869,-0.7808816080848134,0.25597246777198185,2.3214285714285716,-0.5328684963929056,-0.8591022747096604,-0.2828234855076954,0.1653948497586746,0.22815083417718068,0,apple
0.703125,-0.675,-0.20689655172413793,-0.20905803200855796,-0.9076673365270841,-0.35051454789923936,1.5182476590747267,-0.16666666666666666,1.5313448686841202,1.084139938228042,-0.18014368553862548,-0.8038948314013621,1.0286355714169388,5,coffee
0.171875,0.35,1.5862068965517242,-1.400988133534584,-2.198392496227791,1.4650978582414147,-0.36720484944139237,0.5357142857142857,-0.09337027360483337,-0.485009943983413,-0.22776933453680379,-2.1168268759679623,-0.3996533935923379,3,chickpea
-0.296875,-0.75,0.10344827586206896,-0.38807452271728743,0.48467037986193073,-0.0644770914398801,0.27719440327965106,-0.8571428571428571,-0.02137306356564852,-0.5475042320047412,-0.3515960596049364,0.3663210837593751,0.2456470307926849,19,pomegranate
-0.203125,-0.35,-0.3793103448275862,0.8764000775009178,-0.7510348343530088,-0.6284636085468257,-0.5424178536689706,-0.7619047619047619,-0.14785466603508707,-0.15895283979827132,0.26501043721792805,-0.18806705124021966,-0.6338123818305564,13,mothbeans
1.25,0.125,-0.5862068965517241,0.08212445872447367,-0.11738882804871412,0.9600075206176953,-0.09576068498295433,0.5,0.7260981588580698,3.554992428287286,1.3112197937243977,0.09887975253513123,-0.09474724094992941,6,cotton
0.515625,-0.025,0.7241379310344828,2.0705274896783274,0.3334357236226248,0.514787146714288,1.3139034423173275,0.32142857142857145,0.3079475977888993,-0.048985439458599546,-0.1693605073508102,1.8850456435763125,0.9238669226740348,17,papaya
0.296875,0.15,0.5517241379310345,1.0477049002170187,0.4208995587959866,0.07649386238167726,-0.5276064570767715,0.17857142857142858,0.05464741555439149,-0.14423496448631987,-0.039818068077595685,1.302863056943951,-0.6125974325379907,17,papaya
-0.484375,-1.075,-0.7241379310344828,-0.20157506721272556,0.39895729259609475,0.1736731029510253,0.4221199024978719,-1.3571428571428572,-0.08637059309452964,-0.52823724117225,-0.28405423742665387,0.4180253911471977,0.3601457946464349,16,orange
0.03125,0.35,-0.3103448275862069,-0.0145723010223103,-0.3842160240035287,1.285585808301337,-0.9103225055300118,-0.2261904761904762,-0.17736703820535038,0.18275738633348415,0.8297569553389544,-0.21646917718881242,-1.2825613793254358,10,lentil
-0.265625,0.45,-0.5862068965517241,-0.3599061171669542,-1.944262670021534,-0.509672522872305,0.21411065151169775,-0.5,-0.36551438033406486,-0.04121000753919043,1.771147586298246,-1.7947558052219925,0.19305104614685384,9,kidneybeans
0.1875,0.425,-0.3448275862068966,0.5287082640118358,-0.639772935560068,0.7128332398354895,-0.5297277966349021,-0.08333333333333333,-0.10421299292159739,0.5113786043979405,0.9702943319254768,-0.21685818737999704,-0.6156182343791708,2,blackgram
-0.046875,-0.1,-0.4482758620689655,0.31119581734075685,0.16510752948709842,0.1407224949804601,-0.7049475748770574,-0.5476190476190477,-0.10250467612343585,0.2407531385149013,0.6427417654525462,0.5256722563385979,-0.8878420061128637,14,mungbean
-0.25,0.275,-0.27586206896551724,1.3820548918088524,-0.599373508137645,0.4262173924892884,-0.4965975347587758,-0.4642857142857143,-0.33587706187864075,-0.32452871651985526,0.7009310263133322,0.22541193767888082,-0.5690966486503757,2,blackgram
1.296875,-0.775,0.06896551724137931,-0.33788952994938704,-1.0089517657080724,0.4864155537908215,0.6030988316061718,0.3333333333333333,3.0985066552196736,1.3162958243411829,-0.3578394238052025,-0.9466529694846145,0.49223407816040426,5,coffee
-0.5,-0.475,0.034482758620689655,1.1797166490512772,-0.9407565708251432,-0.6033106570918423,-0.023803642137080545,-0.9047619047619048,-0.44656500403655025,-0.7717508423221711,-0.15540307856743002,-0.29163125925049893,-0.023018812701894195,12,mango
-0.515625,-0.375,-0.3448275862068966,0.3623626599092284,0.18816185287257958,0.5956748391828126,-0.8633447501763252,-1.0,-0.4739482078771027,-0.7530190269800919,0.19838753081237168,0.5825622252501851,-1.183046343037668,14,mungbean
-0.421875,2.125,5.931034482758621,-0.7489431859235555,0.3908609820800639,-0.159129077308085,0.1877170029936857,2.4285714285714284,-0.49674689279055784,-0.8351084580281201,-0.3162169889159079,0.03538504694852663,0.1705071041950899,0,apple
-0.09375,-0.65,0.20689655172413793,-0.09637541929928858,0.3992432824576422,0.06752273531555207,0.2480399144539044,-0.6190476190476191,0.210884655209309,-0.3611296929835579,-0.3208721362807085,0.49057572175685216,0.22156011789419766,19,pomegranate
0.03125,0.475,-0.5862068965517241,-0.8236226563402163,-0.5600482362341791,-0.06673649767742042,-0.7934477028800437,-0.2619047619047619,-0.20336603640076284,0.7417799164682555,1.806526647265465,-0.772196222509246,-1.04583910562458,10,lentil
0.734375,-0.375,-0.13793103448275862,0.21087767544935648,-0.841070341544486,-0.31931084546032545,0.7767227059432156,0.023809523809523808,0.8741479973993295,0.9890399498702421,0.012302862189914866,-0.5684131717903166,0.6092215592501745,5,coffee
-0.40625,-0.25,-0.4482758620689655,0.23238323741101222,-1.3034089404210218,-1.331923563810487,-0.8576222169968195,-0.8928571428571429,-0.378595061098885,-0.5075336414681687,0.47515673746628007,-1.035170201255138,-1.1713473495216866,13,mothbeans
-0.046875,0.075,-0.27586206896551724,0.9869924785945419,-1.3119865126136634,-1.4403218507630355,-0.4398882706122311,-0.40476190476190477,-0.15939242310926316,0.010302509354108817,0.5240357170548541,-0.8107989590934235,-0.4925555654033263,13,mothbeans
0.984375,0.625,0.4482758620689655,0.00838632014627264,-0.15487006104522863,-0.8620996799218402,0.13574128012595957,0.8928571428571429,0.25686185191624455,0.5082566668512128,0.22626196389721315,0.019925864315698233,0.12513483222241875,1,banana
-0.328125,-1.1,-0.8275862068965517,-0.47270165557936966,0.3387983990239357,-0.01129355252310115,0.3681525424478874,-1.3571428571428572,0.8452600620014287,0.3708898803472447,-0.2056574723322112,0.17923119347677996,0.3184862623001629,16,orange
-0.46875,-0.15,-0.3448275862068966,-0.0021340217055173067,-1.2019027795740538,2.385080232566771,-0.3463092883408571,-0.8571428571428571,-0.4469862832473145,-0.6687258515548898,0.4154863186254324,-1.00892002208993,-0.3739398058405886,13,mothbeans
0.078125,0.575,1.7586206896551724,-1.0853099100182473,-2.198392496227791,1.1413963329122407,-0.4910566487940321,0.6309523809523809,-0.1970419553954647,-0.5526111456401855,-0.19686593587936538,-2.1168268759679623,-0.5614500087560861,3,chickpea
-0.1875,0.15,-0.4482758620689655,-1.4500489158133723,-2.041925588679038,-0.8864007618059256,-0.1147667448622799,-0.5357142857142857,-0.2752813959555155,-0.052054731913256505,0.9220501454296562,-2.0435226152923107,-0.11425777775803211,9,kidneybeans
0.046875,0.35,0.5862068965517241,1.7006914899829209,0.3540229472690231,0.25309521234831417,1.1709687825214843,0.09523809523809523,-0.1680340643608485,-0.3607977082812577,0.03396352320719848,1.6641637770857847,0.8461544076357665,17,papaya
0.109375,-0.1,0.4482758620689655,2.2907130851491795,0.4776980062035535,0.15163235371862196,2.089581840773751,-0.11904761904761904,0.026568365646413683,-0.2609966260118022,-0.11573564065246393,2.247154271359879,1.2889087560401475,17,papaya
0.296875,0.6,-0.5862068965517241,0.811835791851887,-0.6891600901251871,0.7386663073689658,-0.4810416039446131,0.0,-0.08839268662528292,1.4423498484749178,1.8150592523529459,-0.14444473416033388,-0.5477234147164294,2,blackgram
-0.234375,0.1,-0.5517241379310345,-0.29903753184317194,-0.421036408592979,0.08694349517646276,-0.7627556992280261,-0.6309523809523809,-0.29869569886263675,-0.015453756497461696,1.1542252182833326,-0.3962437978355366,-0.989211383533206,10,lentil
-0.359375,0.4,-0.3448275862068966,-0.2934810061419069,-1.8775479081725825,-0.8267911850211664,-0.17159673650135418,-0.5119047619047619,-0.41459173153798295,-0.47204177556275145,0.9461722443906923,-1.7226248899729577,-0.17409847071134643,9,kidneybeans
-0.109375,1.725,5.793103448275862,2.174354094945643,0.05738154215274635,-0.20144728787791077,-0.4923936699635252,2.4285714285714284,-0.38969219209836525,-0.7726874308282595,-0.35159605209952105,1.5524359379074493,-0.5632917160352988,7,grapes
0.828125,-0.9,0.6896551724137931,0.26534987670064913,0.3648191870479645,0.016995145805877715,-1.204517288561574,0.13095238095238096,3.0985065945553507,0.2044650193674669,-0.5169251378393385,0.7034548791355688,-2.1128689403535574,15,muskmelon
-0.109375,-0.525,0.10344827586206896,-0.08840227072197959,0.5065105471158401,-0.4401914203115527,1.2031888203603784,-0.6071428571428571,0.06529027086322975,-0.33556710164321657,-0.21513396210424984,0.598805040205307,0.864013889015375,4,coconut
0.421875,-0.15,0.3793103448275862,0.019268359181823385,0.10049833602118619,-0.9188301142520154,1.9499831892218569,0.07142857142857142,0.3214285580292231,0.05462723240131601,-0.1146386160314617,0.2767620758655595,1.2292151461523457,20,rice
-0.25,-0.85,-0.5862068965517241,-0.2662408870053853,0.3703770817619633,1.0499156501846485,0.40171879415685874,-1.1071428571428572,0.20802984917405629,-1.1538798407977658e-08,-0.06856358399714708,0.34734315823719475,0.3445281156630043,16,orange
1.0,-1.025,0.5172413793103449,0.0040764550974679865,0.09344452814979656,0.518054127734777,-0.6300631404630103,0.14285714285714285,5.585743792327926,0.4629548974410247,-0.557095718610902,0.26042539318250735,-0.765634959391338,21,watermelon
0.578125,-0.05,0.20689655172413793,-0.3821834135121962,-0.3059749805497295,1.0827329815934728,1.180963660306003,0.17857142857142858,0.37480216484966755,0.3383557936689977,0.014297928512088132,-0.3355567554020438,0.851716489108334,8,jute
1.0,1.025,0.4482758620689655,0.4696546673826478,0.0033896485915098046,-0.6901204949954455,0.05473322664215205,1.0952380952380953,0.12463582496555896,0.5219933327951952,0.4149502974418625,0.45150521002356053,0.051672426724044956,1,banana
-0.15625,0.275,1.5517241379310345,-1.2692261651426866,-2.198392496227791,0.14853159025117232,-0.4165070636731866,0.23809523809523808,-0.27716964580370257,-0.648656040844759,-0.24270205595013178,-2.1168268759679623,-0.46206132040554687,3,chickpea
0.265625,0.25,1.5517241379310345,-1.1626765472152418,-2.198392496227791,-0.23047157645602287,-0.2918280244178324,0.5476190476190477,-0.004324523695780963,-0.43190215414249,-0.24959408118383725,-2.1139351152720978,-0.3088274890935921,3,chickpea
0.203125,0.2,0.5172413793103449,2.643988000599974,0.388735120855879,0.3243454922974863,1.9494351468153346,0.11904761904761904,-0.02724852751083342,-0.20780357854304157,-0.003827399648950884,2.302668739333591,1.2289762301949567,17,papaya
0.5,0.375,0.5862068965517241,2.5112634445620925,0.3240283830250384,0.09800353650963399,-0.04494875794141019,0.4523809523809524,0.09286497734919996,0.005046150686426021,0.04479384849407653,2.16705623571367,-0.0437561212603273,17,papaya
-0.578125,0.45,-0.3793103448275862,0.06078503392963919,-0.627979269791183,0.6573499475007171,-0.9838991518469742,-0.6666666666666666,-0.5413530181409243,-0.8654099275470282,1.0736747033003493,-0.4192694178980086,-1.4524499421423567,10,lentil
-0.140625,0.4,-0.3793103448275862,-0.6450297249990551,-0.565795930063728,-0.18495837667254156,-0.8155250381979519,-0.35714285714285715,-0.28783044493504156,-0.04120999184014512,1.0231331866701983,-0.6921345093217366,-1.0878848033165753,10,lentil
-0.015625,-0.2,-0.3448275862068966,0.40014995719967394,0.2229489638400631,-0.042626789999385746,-0.6165289088285366,-0.5357142857142857,-0.033465608275015366,0.14610817755539776,0.3672421435558635,0.6438413141819517,-0.7445359556766414,14,mungbean
-0.25,-0.5,0.0,1.7106117388336615,-0.9798989540699263,-1.2061270676281037,-0.07581469475808487,-0.7380952380952381,-0.13040111224461368,-0.4597490150510141,-0.15590562255219126,-0.1370782600767027,-0.07453136591082482,12,mango
0.84375,-0.25,0.1724137931034483,-0.1790977814738041,0.08965716531529332,-0.3063183216513917,1.6507203281165723,0.27380952380952384,0.8050991719341278,0.6549048500294526,-0.08195023240409181,0.14338873589965787,1.092973032739744,8,jute
-0.21875,0.2,-0.4482758620689655,-0.6124930490369397,-1.8735699479171828,-0.5937972590424128,0.5893006039509349,-0.5357142857142857,-0.3048649524510825,-0.1171231475639582,0.9779118214250784,-1.7779965094170849,0.4825486320414738,9,kidneybeans
0.84375,-0.4,0.2413793103448276,-0.2990021193661893,-0.004178058250342596,0.5527557906295336,1.8883471395920817,0.2261904761904762,1.0359195407806976,0.5769399916400142,-0.19375101095780628,-0.016315289124288864,1.202112824546573,20,rice
-0.515625,-0.275,-0.20689655172413793,0.35780592515134946,-1.0760684820399276,0.2957189458983922,0.01815710380091089,-0.9047619047619048,-0.48068868873497284,-0.7703099340945857,0.1464322710622054,-0.7559923370018894,0.017332491792843262,12,mango
0.984375,0.575,0.6896551724137931,-0.014536354593063147,0.03356974949859061,-0.6089527016214331,0.028886039407841624,0.9523809523809523,0.2784352264911225,0.32334001346907754,0.08519929372275892,0.1905629470844463,0.027484210937121716,1,banana
0.796875,-1.125,0.5172413793103449,0.060000233318069925,0.20638678464650836,0.23648875517529752,-0.9079729456708001,-0.07142857142857142,7.666096351493642,0.2919772466999882,-0.5963012405584729,0.4069627999723273,-1.2774301810966904,21,watermelon
0.6875,-0.15,-0.3103448275862069,-1.0734511110647535,-0.420955596331181,-0.2450463971707847,-0.17857069155393387,0.03571428571428571,0.5506049141994185,1.3115529551278822,0.3682909320223926,-0.7879405844567582,-0.18160287039018178,11,maize
-0.453125,-0.625,0.13793103448275862,-1.1675974356840206,0.23088103716622213,0.38255932165042045,0.13119699933342457,-0.9047619047619048,-0.35469354555841265,-0.7280432688703522,-0.28673444505659784,-0.36659925276801436,0.12110432444284408,19,pomegranate
-0.5625,-0.4,0.06896551724137931,0.9144975421143592,-1.1391317127764633,-0.16199888593524503,-0.043349650293593375,-0.9047619047619048,-0.5240203526582692,-0.8472290462812931,-0.12371327632920061,-0.6293236325990582,-0.042178164693277745,12,mango
-0.390625,-1.075,-0.7586206896551724,-1.6244721705793757,0.3669270093310494,1.603159009809429,0.21436542315860826,-1.3571428571428572,0.36861183195186503,-0.12363002426596931,-0.24545890298486547,-0.5793801144856361,0.19326707480387884,16,orange
-0.5,0.1,-0.4827586206896552,1.385174161192988,-1.1723026700505987,0.9127027506632888,0.5403298613207209,-0.8095238095238095,-0.486203627395859,-0.6937016089708586,0.9515326919081167,-0.5084697054723133,0.44767976150881006,18,pigeonpeas
0.546875,-0.25,0.13793103448275862,-0.24615749476542242,0.001007831556855414,-0.2497740063815664,1.390369253615377,0.03571428571428571,0.5239717915887874,0.3708900005430559,-0.06561530541240147,0.020071322786765284,0.9639013516349316,8,jute
0.375,-0.25,0.41379310344827586,-0.19918005553451124,0.052868409031739595,0.10907638674805067,1.1034582577894994,0.0,0.36121383454674805,-0.00842929124730773,-0.17550481473808902,0.09662427787679381,0.8080557771853816,8,jute
0.125,0.175,0.5862068965517241,0.7955678161955805,0.3299283448491141,0.40616181553689334,-0.3307458778926564,0.07142857142857142,-0.07068149323609087,-0.2977211808730364,-0.041848753800947595,1.0235031183256176,-0.355060022848315,17,papaya
0.703125,-0.125,0.3103448275862069,-0.3802922724762682,-0.02511456135234272,0.153940670318649,1.5673534500882662,0.27380952380952384,0.5400545965349745,0.37089000473106365,-0.07460388630781685,-0.08362964816224915,1.0527957273322455,8,jute
0.90625,-0.6,0.7931034482758621,0.5120169387549227,0.35913303004086505,-0.27778405798831424,-1.2346675872217223,0.36904761904761907,1.5931326204496712,0.20230365695832606,-0.4094890679591475,0.8648646968315333,-2.2295630112669977,15,muskmelon
0.90625,0.6,0.4482758620689655,0.6006406592442333,0.08135379249886261,-0.6164949148096629,0.2413604928573075,0.8214285714285714,0.22706182996596733,0.43957333713130065,0.21446894305067263,0.616601322808086,0.21598884292120035,1,banana
0.890625,-0.625,-0.1724137931034483,0.1469484046663737,-0.9519399856683527,1.0503965892725027,1.398113201931403,0.011904761904761904,1.6518957847035876,1.286667705127585,-0.15897672466060742,-0.7067872701209986,0.9678989597560412,5,coffee
0.890625,-0.35,0.3103448275862069,-0.1309229213507372,0.21937879155263343,0.03285602098433137,1.42937099907885,0.30952380952380953,0.9998488609402716,0.5518119460400527,-0.1910959212466972,0.29623608572754373,0.9839314535772912,8,jute
-0.3125,-0.2,-0.3448275862068966,0.7875398837691934,-1.165877350949214,-0.9562733839940794,-0.9098438114922042,-0.7619047619047619,-0.3015172968153562,-0.3877486001375493,0.3672421435558635,-0.7042013861848644,-1.2815145881113532,13,mothbeans
1.140625,-0.75,0.7586206896551724,0.21119771395480397,0.24507770838026877,0.3238965401173424,-0.8012844659003252,0.4642857142857143,2.6363022598190944,0.39378445531504214,-0.4636297548610489,0.5440323090915151,-1.060634380078872,21,watermelon
-0.328125,0.55,-0.4482758620689655,-1.2312452026723977,-1.539292625017834,-1.7907240724849183,1.160261029217825,-0.4523809523809524,-0.4083901028717923,-0.3448626023414143,1.3689435533930325,-1.6566379537673503,0.8401734891046859,18,pigeonpeas
1.15625,-1.125,0.5172413793103449,0.435900833364307,0.3678947721520779,-0.16091814698066584,-1.2346675872217223,0.20238095238095238,7.666096351493642,0.594476167241822,-0.5963012405584729,0.8226470387132597,-2.2295630112669977,15,muskmelon
-0.1875,-0.725,-0.2413793103448276,1.3943169304724645,-1.1781652801367675,-0.465322059942788,0.01579761513401546,-0.8809523809523809,0.1480143473714647,-0.24725997105715214,-0.20300400321915066,-0.5128984884019916,0.01509103769281839,12,mango
1.203125,-0.6,0.5517241379310345,0.399058735599018,0.4204642508329842,0.09932999759185207,-1.1593518798698583,0.5119047619047619,2.02002974816779,0.602696247255128,-0.37149677984721463,0.8536055355133849,-1.9529709742827144,15,muskmelon
0.8125,-0.25,0.20689655172413793,-0.41436979771895843,-0.19718999102620324,-0.088875985850583,1.7795249988536543,0.2619047619047619,0.7755068161083026,0.5823623587803541,-0.09742542641884405,-0.2562871857301429,1.1530792111259383,8,jute
-0.171875,0.725,-0.4827586206896552,-1.0737223345446523,-1.925384713031008,-0.8715426520502858,0.1694745482012362,-0.2619047619047619,-0.34419394510709367,0.027473329049053807,1.6885964702481115,-1.9016549389162813,0.15473247026447512,9,kidneybeans
-0.203125,0.475,-0.5517241379310345,-0.05890847429792668,-0.39071355339101044,0.11944703146461316,-1.0118121477767064,-0.42857142857142855,-0.333361029377748,0.06181498632522616,1.6517432652078425,-0.24552472544423531,-1.5220824065389624,10,lentil
-0.421875,0.475,-0.4482758620689655,-0.11606031498950987,-0.38910444208357503,0.8618008703697225,-0.900431363799449,-0.5595238095238095,-0.4546896894896008,-0.5400678492935195,1.2851510393998997,-0.27328778578633117,-1.2610734554337837,10,lentil
0.09375,-0.025,0.5517241379310345,0.4790962228272709,0.36442962009663893,0.20361386721360308,1.431217096742539,-0.05952380952380952,-0.019639782641175593,-0.3116505809111271,-0.11720976749050674,0.848274035634466,0.984873196112101,17,papaya
1.171875,0.55,0.5517241379310345,0.6458410151905094,-0.10844265687259011,-0.7419395006931283,-0.06953356706153693,1.0357142857142858,0.3893873887429999,0.5769399985743885,0.13707724486620113,0.43188938547760786,-0.06821920734931886,1,banana
0.203125,-0.1,0.5517241379310345,-0.15288479926450999,0.33915597015273763,0.2882692460249198,2.0910684807078765,-0.011904761904761904,0.10401219070832347,-0.2215037105285386,-0.15037763866746862,0.3950463122680817,1.2895323007324542,17,papaya
0.703125,-0.2,0.20689655172413793,-0.38702585607195955,0.02998338090150048,-1.3587638997133844,2.4990463422140166,0.20238095238095238,0.6155016376647572,0.46849262839505457,-0.06949458768611097,-0.03848216695393772,1.451854695269797,20,rice
-0.28125,0.1,-0.41379310344827586,0.33192393440337337,0.24443070949400134,0.7725144610217789,-0.6781617269379809,-0.6190476190476191,-0.33178533330967597,-0.2781674747540702,0.7893786687810191,0.6221923285864867,-0.8430193029367706,14,mungbean
0.90625,0.925,0.6896551724137931,0.4307165954779219,-0.0552440085735691,-0.2008759455269728,-0.0015372492450624212,1.0595238095238095,0.11354600142194726,0.2639025164182722,0.2280762774832566,0.3652661656904395,-0.0014763234886911135,1,banana
-0.09375,-0.55,-0.20689655172413793,0.46895554183900173,-1.115242377143031,-1.4422474138269887,0.05074092217779151,-0.7142857142857143,0.10712773832503261,-0.12838497829059922,-0.07808869910086583,-0.7581989287541299,0.047960811590309814,12,mango
-0.09375,0.7,-0.2413793103448276,-0.4039333990574542,-1.9598149529013595,-0.5425714689074105,-0.5316785835993849,-0.13095238095238096,-0.3033031150023977,-0.09890398149958192,1.0069599141254444,-1.8160243402591993,-0.6184013501771856,9,kidneybeans
0.03125,0.55,-0.27586206896551724,0.024230694828341767,-0.6515667238344951,0.8122331350668125,-0.4316792968830997,-0.11904761904761904,-0.21725591217241505,0.1390837500748644,0.9441620765437393,-0.45927132175029683,-0.48178109620471815,2,blackgram
-0.0625,0.2,-0.3448275862068966,-0.49863626316236254,-1.9839288183081298,-0.496490437718618,0.4677487832574982,-0.38095238095238093,-0.2020440543250643,0.061815002130195605,0.753195544112416,-1.852648205755234,0.39451932318754646,9,kidneybeans
-0.484375,0.525,-0.5862068965517241,-0.4375869297961523,-0.46556648192845496,1.269413337210998,-0.6822815346032058,-0.6309523809523809,-0.4907994097409247,-0.6181499515446769,1.8150592523529459,-0.5055522356602915,-0.84982987075608,10,lentil
0.046875,-0.15,-0.4827586206896552,0.8526215691626976,-0.8527294975741685,-1.199205900344165,-1.081505325757098,-0.5119047619047619,-0.002114533034582131,0.5082566210623287,0.6567071805721189,-0.31691860605699745,-1.710883796960446,13,mothbeans
0.546875,-0.275,0.20689655172413793,-0.8848672480750077,0.05605989312924113,1.1897996199545342,2.5470485789430204,0.047619047619047616,0.5506049111662021,0.3058215849874835,-0.11139084578521052,-0.31954704817389534,1.4698868037048793,20,rice
-0.234375,0.475,-0.4482758620689655,-1.2622247091376408,-2.001346430817736,-0.9385708651405654,-0.4289110604435819,-0.4166666666666667,-0.35069369510801274,-0.1496573553893091,1.2851510393998997,-1.9874239812879602,-0.47816446617712854,9,kidneybeans
0.359375,0.1,0.4482758620689655,-0.7125138020538606,0.09379741613403514,-0.5080235887104023,2.972171142449853,0.16666666666666666,0.1204396707998599,-0.04120997090808358,-0.02139147388013918,-0.18324501806968327,1.621071445221712,20,rice
1.21875,-0.85,0.7931034482758621,0.3570569929565208,0.4569207693934599,0.35361087708130307,-1.129567537769036,0.4880952380952381,3.5624103028696834,0.42708546422261107,-0.5059774207297861,0.8630584777638263,-1.855852108500545,15,muskmelon
0.4375,0.225,-0.3448275862068966,-0.026172609870528617,-0.26997584349896275,0.17985804256371463,0.22255719254382159,0.011904761904761904,0.11584388923352408,0.9609422066656852,0.7773176316472006,-0.1114309288662252,0.20019719994567273,11,maize
-0.1875,0.5,-0.27586206896551724,0.516049623635577,-0.6762655242620089,0.7749948201062323,-0.3363289211479987,-0.30952380952380953,-0.3277462221263732,-0.2215037239432509,0.8999382492291197,-0.26247973440044625,-0.36180644486478947,2,blackgram
0.40625,-0.4,-0.5517241379310345,-0.6052809193920862,-0.5111181192209002,-0.1630038802858848,-0.18698682031953312,-0.38095238095238093,0.5506049072663526,1.5685554713676395,0.4908678223839854,-0.6271663767949185,-0.19070756064375594,11,maize
0.984375,0.025,-0.4482758620689655,-0.35694437236895454,0.06412871360351771,1.5085496789586725,-0.02152812286356151,0.2976190476190476,0.625268707934806,2.3880108549880585,0.7823959554411013,0.010414663459011994,-0.020803550158891345,6,cotton
-0.03125,0.15,-0.2413793103448276,0.27338590682518,-1.2883362785185797,1.9562509807074278,-0.4004967835395035,-0.34523809523809523,-0.16885274708135192,1.153879827072079e-08,0.5399562969047235,-1.0067786533595886,-0.4415196121864946,13,mothbeans
-0.5625,0.4,-0.3793103448275862,0.34719004571723977,-0.673300729602859,0.12307778375444306,-0.7911144183386475,-0.6785714285714286,-0.5322986405264285,-0.8359742155574967,1.0231331866701983,-0.3352542422816815,-1.0414610454759776,10,lentil
-0.21875,-0.75,-0.20689655172413793,0.1623062517530904,0.434427013195527,-0.5431226668747625,0.9222419705572834,-0.9047619047619048,0.12306581270526136,-0.31858496519548407,-0.24137667740128124,0.7039692464140973,0.7009253229618524,4,coconut
-0.078125,-0.95,0.3448275862068966,-0.349734068216747,0.4184356344409459,-0.6614223831039903,0.20065078922128787,-0.7023809523809523,0.9519227050854898,-0.3944385245009192,-0.5057476874809291,0.33376707314925413,0.18159518897873042,19,pomegranate
0.78125,-0.075,-0.2413793103448276,-1.1900701273531322,-0.6449555093037825,0.23083738501663498,-0.019514986814716643,0.16666666666666666,0.5581879569233668,1.2857519210377404,0.3489093625871559,-1.006983749952311,-0.01884634678315934,11,maize
-0.5625,0.275,-0.3103448275862069,-1.7480339601320234,-2.0922715809979446,-0.8440915755756156,0.7496171981606863,-0.7142857142857143,-0.5315684487951013,-0.8385338425757329,0.7605370518414702,-2.1168268759679623,0.591526965879558,9,kidneybeans
0.046875,0.275,-0.4482758620689655,0.3126280142699144,-1.5617757279453406,-1.7767136419158616,0.02951673329486756,-0.2976190476190476,-0.14997024430800324,0.43595838546700666,1.0617043354182114,-1.2806010606405343,0.02807891885443173,18,pigeonpeas
-0.15625,0.25,-0.4827586206896552,1.350216693019776,-0.4531531774053332,-1.1941422825692214,0.23266224757348228,-0.47619047619047616,-0.2728387709183526,0.06181499276428776,1.1284279987097152,0.3971001636971956,0.2087036661185979,18,pigeonpeas
-0.421875,0.7,-0.41379310344827586,-0.09288353444774658,-0.459291888396047,-0.052875475983599096,-0.9579700028302987,-0.44047619047619047,-0.4645627268059157,-0.5563349523928398,1.4262017768046806,-0.3285625089205957,-1.390442548976933,10,lentil
0.8125,-0.65,0.6206896551724138,0.2652390746712832,0.3636304074009883,-0.05693167269475644,-1.1803983100669662,0.21428571428571427,1.618297076316197,0.23489701701108934,-0.40466465080305736,0.702147977682404,-2.02544382205032,15,muskmelon
-0.421875,-0.175,-0.27586206896551724,0.9489639198274127,-1.2627766309723965,1.642678692351612,-0.6181632308847314,-0.8095238095238095,-0.4034795419049585,-0.6078474461055173,0.3029165804817568,-0.7641341870059905,-0.747068634546892,13,mothbeans
0.59375,-0.325,0.2413793103448276,-0.3591847043170921,0.14307577770032678,-0.22173261963634916,2.972171142449853,0.07142857142857142,0.6559692711905886,0.3233400058488857,-0.15292901585934357,0.07994113022226088,1.621071445221712,20,rice
1.34375,-0.175,-0.3793103448275862,0.04625094169925588,-0.18634737818775915,1.2396312234195839,-0.057194373969174074,0.5,1.1544907395614548,2.755182647165351,0.44190574542345773,0.010218875083403614,-0.05589306918384987,6,cotton
1.15625,-0.25,-0.4827586206896552,-0.32511644175930526,-0.0813266965614768,-0.33416437643457203,-0.2339246997048778,0.2857142857142857,1.1010227301923812,2.9465147448439373,0.5387769760377196,-0.1017965613689404,-0.24248578995863226,6,cotton
-0.09375,0.525,-0.5172413793103449,0.5501007650486684,-1.0456746106443455,-0.6132840228364581,0.02692509311525085,-0.30952380952380953,-0.2801593747409262,0.2618046777751776,1.5776033292235436,-0.6531427781012579,0.025633699521997566,18,pigeonpeas
0.28125,0.225,-0.5862068965517241,1.2618977517896985,-0.39586727775262703,0.7497049991603331,-0.519279896590028,-0.19047619047619047,0.014736672714378103,1.4011398524745258,1.452736037593274,0.4250128882322788,-0.6007966772712214,2,blackgram
0.6875,-0.825,0.6206896551724138,0.2234366643838026,0.2586895546266283,-0.0017314398469166555,-0.6093068470656271,0.03571428571428571,2.188541721713443,0.13599302199462932,-0.47896068230136535,0.5660014777036471,-0.7333931203850546,21,watermelon
0.015625,-0.925,-0.06896551724137931,0.24371800208978264,0.35872376527531424,-0.8820735776859078,1.695953677494971,-0.7619047619047619,1.105250132142614,-0.08241997743991908,-0.4223541854142241,0.6824699113329821,1.1143463153758888,4,coconut
-0.109375,-0.175,-0.5517241379310345,0.7301060608062995,0.07906796596076195,0.011127188424459974,-0.7428389415674376,-0.6666666666666666,-0.127732589433027,0.29362121479328973,0.7893786505386916,0.6938621394537519,-0.9535362994789263,14,mungbean
0.3125,0.225,1.793103448275862,-1.1121509622469261,-2.129727773726997,0.159150127609922,-0.3265827593184578,0.6547619047619048,0.03495811601820731,-0.44595101671552906,-0.2909462321758305,-2.0578420492254703,-0.35004836119895083,3,chickpea
-0.09375,0.05,-0.5517241379310345,0.5588043689921146,0.17751313904670707,0.02103782957803272,-0.7829662127404335,-0.5476190476190477,-0.18652391943970903,0.33225558620463364,1.0878894786933977,0.696654515945475,-1.0262679885510833,14,mungbean
0.5625,-0.4,0.20689655172413793,-0.10912103668551909,0.04836105521065613,-1.4615316946436498,1.544259539686646,0.0,0.7239315620929044,0.32208868932824053,-0.18121794261704322,0.1473155617373742,1.041480150926285,20,rice
-0.09375,-0.35,-0.3793103448275862,0.29828423094799666,0.19728504657661208,0.2889233651189902,-0.973236461644637,-0.6785714285714286,-0.033084313337551255,0.04709714412844956,0.26501043721792805,0.5510403141501685,-1.426651399843662,14,mungbean
1.109375,-0.675,-0.034482758620689655,-0.24102913810403626,-0.8198866952903269,0.00043259287468572764,0.8892773178735591,0.20238095238095238,2.188541759628646,1.2881447762516727,-0.259153995070752,-0.7355061497686456,0.6806196133213525,5,coffee
1.046875,-0.1,-0.4827586206896552,-0.2692333565955499,-0.11999333054249807,1.2317616663038735,-0.068028007853814,0.27380952380952384,0.8010066162655111,2.7061230988373,0.7156722828393185,-0.10482613357404652,-0.06671000426858553,6,cotton
-0.0625,-0.925,-0.8275862068965517,-0.7778114676712048,0.4180627814188525,1.284008794210659,0.26947399819576445,-1.0833333333333333,0.8885918228947801,1.6844584262349098,0.25869267577544924,0.037516045847135714,0.2393047526635668,16,orange
-0.078125,0.1,0.6896551724137931,2.0925280513935087,0.38552499807860635,0.5495787701609443,1.0989976689528276,-0.08333333333333333,-0.18839691737250605,-0.4850099464218744,-0.10870518423791642,1.9748381600302158,0.8055053701675301,17,papaya
0.375,0.2,-0.5172413793103449,-0.37796350381748844,-0.7167420968572498,0.04403059743919342,0.17336883084202065,-0.10714285714285714,0.08585446042778658,1.3526575216353767,1.171784685534316,-0.7005078348747348,0.1581133801523739,11,maize
-0.515625,0.2,-0.2413793103448276,0.3755861628387347,0.04712976580395717,-0.20941005721816386,-0.6800459177206489,-0.6904761904761905,-0.500224658890517,-0.766505934508648,0.5824111711975164,0.4414796712936651,-0.846130414812893,14,mungbean
-0.21875,0.2,-0.2413793103448276,0.40004935227167493,0.2755930547907338,-0.11345410040571534,-0.6450544906816391,-0.4642857142857143,-0.3048649524510825,-0.2967119675763422,0.5824111711975164,0.6998849625113666,-0.7893441575335595,14,mungbean
0.46875,0.225,0.20689655172413793,-0.12484168526636116,-0.0677129656144669,0.7487816266095323,1.143492753384043,0.2261904761904762,0.13606533253735315,0.22448606328369797,0.16791754154212,0.027480148590533358,0.8307610061331834,8,jute
0.625,0.1,0.3793103448275862,-0.0033351542593574126,-0.15287769821641495,0.23783615998073673,1.6758313142474668,0.34523809523809523,0.3079475993330821,0.24150978051582336,0.008776718281518298,0.0152528804250863,1.104874471896223,8,jute
-0.140625,0.7,-0.5517241379310345,-0.1408370072134884,-0.682321546704117,-0.38869707767919165,-0.7054184730562627,-0.27380952380952384,-0.32634020240290024,0.21635247197060187,1.8150592523529459,-0.5634711390940916,-0.888641650377007,10,lentil
0.234375,0.225,1.6206896551724137,-1.0514795890716024,-2.096979013966965,1.9970246928881978,-0.3241988812180714,0.5357142857142857,-0.015595492241365642,-0.4585264007578897,-0.2669550053741979,-2.0256529618905357,-0.34718583775289635,3,chickpea
0.609375,-0.3,-0.27586206896551724,-0.21911288710472446,-0.8378579096723632,0.5783592765472205,-0.5171738128769486,-0.08333333333333333,0.640823656704427,1.0920649314084547,0.19235701219520812,-0.7430461318645253,-0.5978259633087649,11,maize
-0.375,0.6,-0.41379310344827586,0.8739600092663431,-1.522981400446951,0.5616513206621156,1.4249125985771378,-0.4523809523809524,-0.43620151261050755,-0.46361245984658334,1.3200645921340703,-1.092703118466862,0.9816547558076452,18,pigeonpeas
1.03125,-0.85,0.6551724137931034,-0.0705170160659663,-0.017369825924615424,-0.2270834503899409,-0.8564654036867884,0.2976190476190476,3.1341915215468372,0.3830105982728646,-0.49311230727929145,0.10762485660540547,-1.1689930340349493,21,watermelon
0.890625,0.95,0.5517241379310345,0.5272179581672249,0.13373638089773995,-0.7973307500937733,0.27628135439331386,1.0119047619047619,0.09937136867347714,0.3451337604477323,0.31397255780999794,0.6286107252246494,0.24489831070864712,1,banana
0.90625,-0.975,0.6551724137931034,0.04267931766470674,0.12218169786375195,0.2563308818006052,-0.8562265962144026,0.14285714285714285,4.26123944634568,0.2860458972383099,-0.545140340561815,0.3127010853917673,-1.1685074624070477,21,watermelon
0.046875,-0.85,-0.5862068965517241,-0.722520873623172,0.3502505721798885,1.475279043067871,0.2085633392608345,-0.8809523809523809,0.8860429196018959,0.7829899124686474,-0.06856358399714708,0.020280159408323256,0.1883398646732923,16,orange
-0.046875,-1.0,-0.7586206896551724,1.080357705595868,0.4729653014181339,0.9538076415521973,0.34597316974562936,-1.0833333333333333,1.3337261308219073,1.2362997984159723,-0.08625313393923822,1.3887736220535696,0.30103663665752034,16,orange
-0.421875,-0.675,-0.1724137931034483,0.3561149382021702,0.48337641170612045,-0.7409960606183227,0.8664812310522683,-1.0119047619047619,-0.2885849831622604,-0.6364654985390906,-0.19828679356670467,0.8903391950325125,0.6664210871201339,4,coconut
0.03125,0.45,0.7241379310344828,0.07131784391353223,0.420061262457152,0.5467050775629975,2.4906308223543134,0.17857142857142858,-0.19846767441754837,-0.4105448556120465,0.020885395623033133,0.6264752273070379,1.4486717670830218,17,papaya
0.734375,-0.65,0.6896551724137931,-0.19880236752059116,0.023867035586093804,-0.31374496877476027,-0.8564243141410488,0.17857142857142858,1.4969684193242239,0.13314002290650062,-0.4148701494389829,0.06978197869666802,-1.1689094751194724,21,watermelon
0.953125,-0.625,0.5862068965517241,0.3071441528841492,0.3362500804662002,-0.30878812740308054,-1.2072632470059594,0.32142857142857145,1.7452255209948437,0.37089000965410956,-0.38841916298104356,0.7019912372060889,-2.1231408618847056,15,muskmelon
-0.328125,0.6,-0.3793103448275862,-1.215560881915277,-1.915852777229301,-0.7709049466013969,-0.1307789951749282,-0.40476190476190477,-0.4119357805650268,-0.3944385357145236,1.2252992531908034,-1.919507648481888,-0.13088692837567414,9,kidneybeans
-0.1875,0.475,-0.5517241379310345,-1.0200415927057365,-2.0743575915125128,-0.6889084235141127,0.19626003232115682,-0.4166666666666667,-0.3246946965126157,0.10044935773657009,1.6517432652078425,-2.0043775773114727,0.17783985567353292,9,kidneybeans
-0.515625,0.2,-0.3448275862068966,0.6620277988975815,-1.0614597432412198,2.385080232566771,-0.8863776173807764,-0.7261904761904762,-0.500224658890517,-0.7530190269800919,0.753195544112416,-0.6297061756986397,-1.2310436477877498,13,mothbeans
-0.15625,0.45,-0.3448275862068966,-1.31791422273656,-1.8723886892354629,-0.5115307753902596,-0.43403816038402504,-0.3333333333333333,-0.30397085710166405,-0.1067713487202087,0.9944164194602614,-1.9076547868571314,-0.4848695334584291,9,kidneybeans
0.375,-0.25,0.10344827586206896,-0.09480570885864159,-0.03590161759081134,0.42169147818899055,1.7104344353062548,-0.10714285714285714,0.36121383454674805,0.21193715179072198,-0.0483469540478552,0.07544627780119618,1.1211271111249856,8,jute
-0.1875,0.15,-0.27586206896551724,0.37031085661983054,-0.7384815551319057,0.5569765416524127,-0.9795002981074963,-0.47619047619047616,-0.2752813959555155,-0.2215037239432509,0.5903714580267833,-0.39388907342204543,-1.4417550044832916,13,mothbeans
0.484375,0.175,0.20689655172413793,-0.3978085487812768,0.0838323242936046,-0.09758512115312061,2.141530216229525,0.21428571428571427,0.1698839528263796,0.240753167624455,0.1399867028093869,0.002889221555571728,1.3105508444984686,20,rice
-0.4375,-0.875,0.13793103448275862,-0.30143425632930027,0.41704208577039675,-0.5514882337048247,0.20672584080502815,-1.0119047619047619,-0.2001161780288285,-0.7108724365357676,-0.43414720481939545,0.3658897910615752,0.18677617920106293,19,pomegranate
0.03125,2.225,5.896551724137931,-0.7627229370920136,0.0030851879904811286,-0.08362498134461133,-0.4318195513694925,2.738095238095238,-0.3723595260637472,-0.7466520499674163,-0.30401731197564347,-0.28773390532955395,-0.48196455886940015,7,grapes
0.828125,-0.125,0.3448275862068966,-0.2669194588540636,0.030568969172951026,1.0979199796417622,2.6305864570557596,0.38095238095238093,0.6455577784545743,0.45919714352015345,-0.08878016535438298,0.0347829375636174,1.5007784608856392,20,rice
-0.546875,-0.75,0.10344827586206896,-0.08490944105230695,0.3700369848371734,-0.14123230560104263,1.4405804213967466,-1.0476190476190477,-0.4835774676325603,-0.8300870724867742,-0.3515960596049364,0.4704549489014432,0.989640921458279,4,coconut
-0.546875,-0.675,0.06896551724137931,0.5851698257779766,-0.8661148394867045,0.04232096163039969,-0.0001580799312624067,-1.0238095238095237,-0.49079941114519154,-0.8290481650155581,-0.29540578447826865,-0.4415204356135616,-0.00015174356856217195,12,mango
0.0625,0.575,-0.4827586206896552,0.561492858517831,-0.6567948605529863,0.17182694608141258,-0.36239122543500996,-0.15476190476190477,-0.20523983784178515,0.5425982847775626,1.511701163446513,-0.2206070631497012,-0.3936921071016977,2,blackgram
0.015625,-0.375,-0.3793103448275862,0.4352874158271982,0.1461400663799176,0.12799205004263906,-0.9934250333728172,-0.6071428571428571,0.098992679365381,0.2531471280551703,0.23973967890285242,0.584153860982747,-1.4758651186730143,14,mungbean
0.71875,-1.0,0.7241379310344828,0.6973133044585444,0.4165007068547912,-0.27419027413178976,-1.2331784960306293,0.011904761904761904,4.036046080797753,0.10263625118639436,-0.5598652555602781,1.0554523406956795,-2.2235739444925056,15,muskmelon
-0.109375,1.9,5.931034482758621,-0.5232303177076518,0.4010529020189658,-0.3126043480088141,0.10436642738331899,2.5595238095238093,-0.39805145016087434,-0.7745055189903036,-0.33962960423734667,0.19883982757635593,0.09709217759152344,0,apple
-0.125,0.15,-0.41379310344827586,0.015789594300213206,-1.0032434910657337,-0.5681485089807257,-0.7008780858739467,-0.47619047619047616,-0.23270993640585005,0.03090750040011813,0.8424472611163242,-0.8080770309901962,-0.8809485578810154,13,mothbeans
0.109375,0.125,0.5862068965517241,2.377607847402126,0.360569179004079,0.09049135594618578,-0.5136271629962904,0.03571428571428571,-0.06470471226096064,-0.31033648635468064,-0.06350940437470357,2.1323527040264283,-0.5928360468982646,17,papaya
0.640625,0.175,0.41379310344827586,0.22227336789547153,0.011595157990115703,-1.3555937689375697,2.972171142449853,0.40476190476190477,0.2744776250274537,0.2304013778854012,0.029532933967528208,0.31158675384417045,1.621071445221712,20,rice
1.046875,-0.7,0.5172413793103449,0.25370936020673346,0.20726191678644695,0.347360751321416,-0.8783766633514223,0.3333333333333333,2.2017296521364416,0.502411278381264,-0.4103102462332416,0.5327124423887172,-1.2142025448964713,21,watermelon
0.9375,0.2,0.3793103448275862,0.1457301925745086,0.1178514732580964,-0.14857207475407602,2.972171142449853,0.6309523809523809,0.45600969368145194,0.5290213929996811,0.058142852006710245,0.3728281066841669,1.621071445221712,20,rice
0.28125,0.375,-0.3448275862068966,0.9350300454180879,-0.3953848906404853,1.3489344560947671,-0.4765261376969571,-0.03571428571428571,-0.0358169347792311,0.6799649552483448,0.9220501568559079,0.25841210985181157,-0.5415738860919258,2,blackgram
0.78125,-0.175,0.3793103448275862,-0.28497285646511344,0.21035586425975433,0.2943696995374099,1.4014518558248927,0.3333333333333333,0.6581462251119781,0.38526558675775213,-0.12698014946275968,0.18825780741809,0.9696192902402081,8,jute
1.109375,-0.375,-0.4482758620689655,-0.4743436212032618,-0.10197482094385502,0.8271005684019332,-0.5108054907029725,0.20238095238095238,1.2785768589822593,2.648284517590865,0.33550254747772496,-0.20650531748780437,-0.5888775190319905,6,cotton
-0.03125,0.5,-0.5172413793103449,0.7583181446920501,-0.47752157903911807,0.5128556347188238,1.7507990205654658,-0.27380952380952384,-0.24230350372055273,0.40725172362320405,1.5463865104782184,0.0739723156516318,1.139873934182923,18,pigeonpeas
0.828125,0.025,-0.2413793103448276,0.07908185483060043,-0.3762153536316618,0.4008062369108305,0.14313706468881887,0.25,0.508606535327233,1.3599299158165257,0.43381911117274163,-0.16037010872407984,0.1316722303033585,11,maize
0.109375,0.325,0.7586206896551724,0.7435090982503595,0.364762362986802,0.3189895252743453,2.3362347243374537,0.19047619047619047,-0.12428574956500239,-0.3617321744022001,-0.041046506294888,1.0283003668923238,1.3890906783946166,17,papaya
0.703125,-0.825,0.5517241379310345,0.6201522198137276,0.4585598477777903,-0.2791814655870726,-1.1528858173748373,0.023809523809523808,2.222244125909176,0.19059626836329474,-0.47100039337810023,1.0490127066476318,-1.931366034962272,15,muskmelon
-0.328125,2.3,5.758620689655173,0.24228832409777012,0.007608378008779682,-0.48935086727624144,-0.43128645400348203,2.5476190476190474,-0.4744130672397547,-0.8157094267944981,-0.28332690512839104,0.31951476197659595,-0.481267345310956,7,grapes
-0.109375,2.3,5.758620689655173,-0.30335418571362754,0.33843101937446296,-0.6488248232564439,0.126901269015739,2.6904761904761907,-0.41408519192064397,-0.7722214886360343,-0.2886604322361356,0.29299516438013135,0.11728464991041405,0,apple
0.359375,-0.375,0.3793103448275862,-0.36188036405893437,0.0848377599247587,-1.1736702937333696,2.119437502946635,-0.08333333333333333,0.4697191358163998,-0.002875090095455582,-0.22571241691314367,0.025974392838252147,1.30138358622074,20,rice
1.015625,-0.05,-0.3793103448275862,-0.1431095877980786,0.14478211734877836,-0.18255069190799147,-0.08423227896968229,0.30952380952380953,0.7214554773325942,2.1370326953851886,0.568259536998836,0.21779260315778934,-0.08303085922913184,6,cotton
-0.234375,-1.05,0.41379310344827586,-0.13804744121751242,0.2804902707207271,-0.7041526512058522,0.29505409762399115,-0.8452380952380952,0.9415526840876794,-0.5563349439635225,-0.5614582240663096,0.349492037581157,0.2602204404677018,19,pomegranate
0.234375,0.3,-0.4482758620689655,0.7057245435329094,-0.41128726070476246,0.5097542953169201,-0.46141941513954376,-0.14285714285714285,-0.040631564505851425,0.8263688793712171,1.0896351734159222,0.12308960325033899,-0.521175095952468,2,blackgram
0.375,0.425,0.6206896551724138,1.6809047689023802,0.368692162072957,0.37073761212493633,2.5118756032659473,0.39285714285714285,0.0028417071321152933,-0.11126696554652066,0.051725256972263184,1.670551798346361,1.4566945088894026,17,papaya
1.171875,-0.3,-0.10344827586206896,0.1051031412424302,-0.5777795420221239,0.3023668937712601,0.8982161021582743,0.40476190476190477,1.2008020816311724,1.5219278486198735,0.04367345997135126,-0.3486439768721961,0.6861519826123611,5,coffee
0.046875,-0.725,-0.10344827586206896,0.3535808943690123,0.5521642960187834,-0.7133730287667504,1.35251778643657,-0.6547619047619048,0.5616347666788981,-0.012789293201706204,-0.2674182930284126,1.0689113279635905,0.9442124779859556,4,coconut
-0.171875,0.125,-0.3448275862068966,-0.42748960642522,-0.6770630915466812,0.5940155115560718,-0.7142527179377425,-0.5,-0.25969720103003674,-0.1348690738619428,0.6808292815080623,-0.687290463208727,-0.9037199296692586,10,lentil
1.203125,-0.775,-0.20689655172413793,0.006572364683982627,-0.60147002423615,0.8685944907174308,1.6736707653840277,0.16666666666666666,2.9165136715516438,1.8449398858475816,-0.2617876746888331,-0.41826617948607714,1.1038540413192568,5,coffee
-0.15625,-1.025,0.034482758620689655,0.39746036336359175,0.5521642960187834,0.03528235085825421,1.004221479790724,-0.9047619047619048,1.0965837529745106,-0.3596508673327995,-0.5091937011047336,1.0119855253993597,0.7503043025789486,4,coconut
0.34375,0.275,1.7586206896551724,-1.2034722771882327,-2.0638225894176125,1.7143974509134876,-0.3696314281898503,0.6904761904761905,0.03593657326263431,-0.4260021148683683,-0.27359161445674474,-2.0226700474330492,-0.4026671907609186,3,chickpea
-0.234375,0.0,-0.5517241379310345,0.42424616366815526,-0.6459582925553248,2.2628573121151145,-0.41781347677776376,-0.6785714285714286,-0.27966375262575044,-0.015453756497461696,1.0215537391034628,-0.2712800665782562,-0.46374951035664624,13,mothbeans
-0.4375,0.375,-0.3793103448275862,0.7973685268679283,-1.5619202050585541,-0.7292311390499036,1.0554356502365414,-0.5952380952380952,-0.4586289317726472,-0.6004885196412443,0.9978624283551224,-1.1577213212410977,0.7803760546400368,18,pigeonpeas
1.15625,-0.475,0.06896551724137931,-0.008879274238525156,-0.37662746867039343,-0.040407236991396346,1.2974841788093248,0.36904761904761907,1.562940894976181,1.152667892949567,-0.170538505824401,-0.20614052491186666,0.915134553518696,5,coffee
-0.390625,-0.5,-0.20689655172413793,1.7802659417818554,-0.9625576399640605,-1.0618939103775669,0.0921996779650847,-0.9166666666666666,-0.3065233576287468,-0.5801099471897009,-0.03726670452576203,-0.0866717143100854,0.08608025273188029,12,mango
1.015625,-0.925,0.6896551724137931,0.22125099493195613,0.3064600779287168,0.08124804553613173,-0.6272263361383299,0.2619047619047619,3.878476490514889,0.34711501228939967,-0.527130636679374,0.6135949789133778,-0.7611888187822391,21,watermelon
-0.421875,0.2,-0.3448275862068966,0.5357476254268402,0.21716583359964273,0.7421636847167947,-0.9794389920391307,-0.6547619047619048,-0.4385321200149061,-0.5844326761296876,0.753195544112416,0.7253928395563716,-1.4416064687661598,14,mungbean
0.015625,-0.675,0.034482758620689655,0.4802790033724293,0.5521642960187834,-0.46897102385395867,0.8158451553559853,-0.6071428571428571,0.41916551477799874,-0.15360087983811363,-0.2840542140355404,1.054509415326192,0.6344114509858156,4,coconut
0.6875,-0.825,0.6206896551724138,0.15975912262222483,0.01268879424617032,0.07750864864284072,-0.795288469780099,0.03571428571428571,2.188541721713443,0.13599302199462932,-0.47896068230136535,0.2750944272264406,-1.0493017371552311,21,watermelon
-0.5625,-0.9,-0.7931034482758621,0.7740559820284256,0.4715142471652053,1.1293560603603914,0.3486340918986581,-1.3571428571428572,-0.5009101335554101,-0.7967266039323003,0.21446886443054236,1.1716556620998162,0.30314046975546693,16,orange
0.640625,-0.125,0.3448275862068966,-0.42016835808752406,-0.0700948778938139,0.680397561333548,1.0266304227189575,0.23809523809523808,0.4873030055751746,0.2825828673778625,-0.08878016535438298,-0.14707952833410923,0.7635338231288956,8,jute
0.15625,0.725,1.5517241379310345,-1.4451680754980554,-2.1577602414152914,1.157638895840589,-0.3713121603928724,0.6904761904761905,-0.18495007842592281,-0.48809760625048565,-0.11864560174343311,-2.1168268759679623,-0.4047580752995687,3,chickpea
-0.0625,0.6,1.793103448275862,-1.0499705376885564,-2.0803730329840815,0.8050178538387137,-0.4396742870221884,0.5476190476190477,-0.27442996564063565,-0.6225652949603708,-0.19618088510982026,-2.0130694703967436,-0.4922737585254967,3,chickpea
0.046875,-1.125,0.0,0.09560047946850384,0.5439145221940517,-0.461473145321204,0.8258916741192601,-0.8214285714285714,4.311792485034751,-0.09272247517366816,-0.5870879433612136,0.7669453636128268,0.640814908023872,4,coconut
-0.34375,-1.05,-0.7241379310344828,-2.375617376266567,0.45792464139618133,1.513087036113276,0.23808058356240236,-1.3214285714285714,0.4697190515603964,-0.02247821161008278,-0.23581006455000159,-1.0814197726660697,0.21324577091290534,16,orange
0.515625,0.425,0.7931034482758621,2.7273391255102584,0.4743104896796551,0.2661643825802622,-0.27036775010053493,0.5595238095238095,0.08313273217239989,-0.07867360212203033,-0.01388682159952944,2.302668739333591,-0.2839089167400197,17,papaya
1.203125,-0.6,-0.13793103448275862,-0.09086509607141943,-0.7609418279400162,0.7494574959400186,1.6615952705498231,0.27380952380952384,2.02002974816779,1.6513434775192668,-0.15827475846753178,-0.6163436775246306,1.0981384201647055,5,coffee
-0.3125,2.125,5.620689655172414,2.7198073828228284,0.035950270801546835,-0.042728124744368524,-0.488992732195346,2.4047619047619047,-0.4655226050453013,-0.8115199294609776,-0.2998881906216162,1.8521967471040055,-0.5586112941633157,7,grapes
1.140625,-0.3,-0.2413793103448276,-0.5049201896067438,-0.10768647593143148,0.7965909663859406,-0.33259287866795567,0.3333333333333333,1.1696921691352422,1.8544498810084267,0.15786242826958824,-0.22907425079116836,-0.35728866260342934,6,cotton
-0.0625,2.2,5.896551724137931,1.356288950731493,0.06623458555798367,-0.7564931921968829,-0.40805293748591936,2.7261904761904763,-0.39732978749041015,-0.764922492671972,-0.3066315284646737,1.0634321781392606,-0.45118064440824907,7,grapes
-0.296875,-0.375,-0.3103448275862069,-0.2601112901016085,-0.9011591249255589,0.8020051243096854,-1.011825763386793,-0.8214285714285714,-0.2380313719537271,-0.3816403980637148,0.16063122152993972,-0.8182450566460971,-1.5221171436675887,13,mothbeans
-0.359375,2.225,5.689655172413793,-0.37557031763191945,0.34860988203994814,-0.36915399220953604,0.3093745903871936,2.4404761904761907,-0.4806886876516812,-0.8214804874805672,-0.2928703990840777,0.25344963613181226,0.2718081458960128,0,apple
-0.21875,-0.15,-0.3793103448275862,1.0308845266723443,-0.9673538275253512,2.385080232566771,-0.34432834571414256,-0.6785714285714286,-0.2312908892047776,-0.18838855178780284,0.4671765037385335,-0.3818865586696119,-0.3715239962877561,13,mothbeans
-0.203125,-0.45,0.10344827586206896,0.6492675862382455,-0.8656074447528083,-1.1156029751371,0.10138934841652905,-0.6428571428571429,-0.10015789752822099,-0.44153566682397893,-0.16964659627068765,-0.4148293480984315,0.0944048600411736,12,mango
0.796875,-0.85,0.6896551724137931,0.7602758425310476,0.34363887166565105,0.22082762062440361,-1.1753709473879055,0.13095238095238096,2.59891804489328,0.18069002054714475,-0.4965141401592673,1.0154982795976328,-2.007823116824906,15,muskmelon
-0.421875,2.225,5.689655172413793,-0.5806315730496228,0.3274510529181564,-0.20698672896704817,0.5029740266036803,2.392857142857143,-0.4980213535057507,-0.8340317560709847,-0.2928703990840777,0.09687752614073489,0.4205460205415137,0,apple
-0.453125,-0.575,0.20689655172413793,-0.3974676965391743,0.4673852870495731,0.4231624895961811,0.18494517697345764,-0.8571428571428571,-0.36802636455241994,-0.7352730928209714,-0.2789758781816089,0.34431265709271375,0.16812051985219836,19,pomegranate
-0.453125,-0.325,0.0,0.7338120657168113,-1.1377227344655545,-1.485604580433979,-0.05702170570277313,-0.8095238095238095,-0.4136386406122296,-0.7108724370723563,-0.039818074642069955,-0.6904554335618704,-0.05572127397130008,12,mango
0.734375,-0.325,0.3793103448275862,0.18299333423744374,-0.22624394257168895,0.85068514273347,1.0933162754542896,0.2261904761904762,0.79964794591037,0.34213884488517354,-0.2010293500505477,0.04587480946959053,0.8022508898381326,8,jute
0.3125,0.15,1.4827586206896552,-1.461020475066596,-2.096423253102629,1.3871222031030288,-0.12699988704202803,0.5119047619047619,0.06529028044180787,-0.3956159480868834,-0.2666863039031052,-2.0808194898960872,-0.12694618275961359,3,chickpea
1.015625,0.55,0.6896551724137931,0.4149494115703237,0.09493354498557516,-0.07725588515285572,-0.07673480475093054,0.9642857142857143,0.30628556669979234,0.34711501228939967,0.07499379488272337,0.5165715227753528,-0.0754581739925314,1,banana
-0.125,-0.15,-0.5517241379310345,0.5058988998373426,0.24807388633423053,0.15567069441209502,-0.8748585449887296,-0.6666666666666666,-0.1504051164388263,0.25498684338194577,0.8225465203336588,0.7397493925944677,-1.2068545698787103,14,mungbean
-0.234375,0.2,-0.3103448275862069,0.3126656180315153,-0.9848783988161879,-1.8884115188160668,-0.9869318077466827,-0.5,-0.31514704226368434,-0.2741360581785341,0.6913171483439859,-0.6768636758892036,-1.4598662540293306,13,mothbeans
1.0625,-0.525,0.6206896551724138,-0.03798484575948651,0.041495509750678665,-0.05664709036334096,-0.6390732837762155,0.4642857142857143,1.5818984933736147,0.4327050070440094,-0.35159605687569445,0.18402609280759585,-0.7798414011271833,21,watermelon
-0.234375,0.1,-0.27586206896551724,0.528638838082149,-0.7820148638054344,2.284576129359281,-0.5122310581379202,-0.5357142857142857,-0.29869569886263675,-0.2987724683757042,0.5461476307121639,-0.37253469943548984,-0.5908761917201633,13,mothbeans
1.171875,0.075,-0.5862068965517241,-0.009771905469778918,0.034466360158315695,-0.26233231865305245,-0.3029580037404513,0.4166666666666667,0.7168701184339595,3.554992428287286,1.2404616717899597,0.19432614551272076,-0.3219098145022839,6,cotton
0.171875,0.275,0.5172413793103449,-0.02966107430707612,0.4202340198401783,0.38083137379043436,1.3487167502388797,0.13095238095238096,-0.07169368954141898,-0.23410783250320102,0.03004617089974,0.5567950617738513,0.9422215005108641,17,papaya
-0.125,2.3,5.931034482758621,-0.46918098931387214,0.389984918696072,-0.22460932717943144,0.2467092306482514,2.738095238095238,-0.42002435713255426,-0.7779643208747612,-0.2946443894237637,0.22632833425130527,0.22045178950036715,0,apple
0.859375,-1.1,0.4482758620689655,0.20585287085509252,0.02016539095649231,0.5258861609786176,-0.7327573096824955,-0.023809523809523808,7.431672192677607,0.3983633392993534,-0.5874564745140876,0.3104770343084714,-0.9357848488393551,21,watermelon
0.375,0.225,-0.5862068965517241,-0.11157990420047774,-0.39712792036229433,-0.1700270043650086,-0.059484708202612695,-0.11904761904761904,0.07540100262586566,1.6483998284768773,1.452736037593274,-0.2786342195645931,-0.05817361783447949,11,maize
0.203125,0.175,-0.3103448275862069,0.3977967359542271,-0.607066028270407,1.1942179267433046,-0.4237274918067868,-0.17857142857142858,-0.018384657135553744,0.4783943210177312,0.6682438471781579,-0.24191319072862802,-0.4714147750820771,2,blackgram
-0.28125,-0.9,0.06896551724137931,0.13483920637130262,0.5521642960187834,-0.7640749788457911,2.0519356688854486,-0.9285714285714286,0.22706178898384474,-0.5199731834980615,-0.4358814729638698,0.8953124154886547,1.2730349399452363,4,coconut
-0.203125,0.725,-0.3448275862068966,-1.5267825578014238,-2.06528888517739,-0.8152071980782107,0.03388015616373246,-0.23809523809523808,-0.35936002764815755,-0.191064524145411,1.259759382342891,-2.0698152540635673,0.03218716481576385,9,kidneybeans
-0.484375,0.65,-0.41379310344827586,0.04660075671151556,-0.6818810662474902,-0.3824240241941201,-0.7728479409806263,-0.5119047619047619,-0.494082111542448,-0.6799649424545151,1.3731331844693755,-0.47903644522688366,-1.0076055926004164,10,lentil
-0.1875,-0.75,-0.7241379310344828,1.164869412887383,0.32348685939134664,0.02927546209957989,0.1682352375426525,-1.0595238095238095,0.18084136321362543,0.5394762656812143,0.34312000996982517,1.263643676471254,0.15365499297642504,16,orange
0.703125,-0.625,0.5172413793103449,0.5175711466179477,0.43502063702282245,0.13715339124754997,-1.195326996331675,0.10714285714285714,1.3719065758298206,0.21306448481950982,-0.37643667568455064,0.951484404341,-2.078975143784733,15,muskmelon
0.71875,1.075,0.5172413793103449,0.3259307085612734,0.018945012620344082,0.03883287506863244,0.29408673670299174,0.9285714285714286,-0.005699889097611262,0.22621661179958955,0.39136425675244274,0.38164582468883085,0.25943456350865424,1,banana
-0.328125,0.5,-0.27586206896551724,-1.2460169660705678,-1.4179870840999986,-1.5219301079451495,0.760086793886792,-0.4166666666666667,-0.4046446686916116,-0.4533099572406108,0.8999382492291197,-1.5752884543303196,0.5983854173703275,18,pigeonpeas
0.953125,-1.075,0.6551724137931034,0.11453815923903334,0.20126781584765369,-0.17640982152903034,-0.767984518973249,0.13095238095238096,6.890026590950189,0.32240766012626787,-0.5867627671878339,0.4369794384334568,-0.9987143475011084,21,watermelon
0.828125,-0.275,0.2413793103448276,0.03606493717849414,0.0444046801625623,0.1998618315309362,1.646203360860835,0.27380952380952384,0.8235943934929838,0.5610899925280687,-0.12571435246036836,0.2319200204762885,1.0908225138214933,8,jute
-0.09375,0.7,1.4827586206896552,-1.1612473875729932,-2.168578390839293,1.8173544628575855,-0.08538857415923067,0.4642857142857143,-0.3033031150023977,-0.6099079387178267,-0.11101842734505496,-2.0921497858153293,-0.08420203861754808,3,chickpea
-0.09375,0.125,-0.3103448275862069,1.0314652604365762,-1.5194652500746813,-0.7887342663408149,1.3516158909447402,-0.42857142857142855,-0.20553262081640444,-0.03225129343687735,0.6220972448465016,-1.0471339240700517,0.9437402966851318,18,pigeonpeas
0.828125,-0.175,0.20689655172413793,-0.29186389530249046,0.1124610560728731,1.0674840132028245,2.4801488909908205,0.30952380952380953,0.6995082679827677,0.5986294631211115,-0.0555291683197445,0.09443809383941662,1.444698157795179,20,rice
-0.484375,0.45,-0.4482758620689655,0.2370976007717025,-1.3073812613828328,-1.7222165983925035,-0.005167362932421393,-0.6190476190476191,-0.4886014267988665,-0.670204680594923,1.2572202014021883,-1.037795140145501,-0.00496814786783957,18,pigeonpeas
0.40625,-0.35,0.3793103448275862,-0.3641737289087884,0.15293278195845877,0.23619489640494395,1.5408471243387347,-0.03571428571428571,0.49158015613689837,0.04025165177712314,-0.21337088348184569,0.08563690718609013,1.0398011375242682,8,jute
-0.078125,0.675,-0.3448275862068966,-0.26833551066165895,-0.6120816579229408,0.5898305576264947,-0.7005975096589803,-0.16666666666666666,-0.29247371498272173,0.03371727698846151,1.2115152072733222,-0.5561190086845774,-0.8804744027999497,10,lentil
0.96875,-0.275,0.0,-0.23125398904761008,-0.3565533406408049,0.6292908205395845,1.1601954113504611,0.2976190476190476,0.9600891346563746,1.046991517077038,-0.006650203810606735,-0.3022208978787775,0.8401367667021228,5,coffee
1.203125,0.7,0.6551724137931034,0.11986833078674425,0.06064605267903676,-0.12121310987475947,0.2929767308953463,1.1666666666666667,0.3340563030781737,0.5163370621953776,0.15203530542400126,0.299236880563737,0.25853231394401494,1,banana
-0.09375,-0.525,-0.10344827586206896,0.18500218054273007,0.3514917555918944,-0.894307904281174,1.4234177981183753,-0.6666666666666666,0.0855117138300348,-0.20462893592940362,-0.12102217396970016,0.6352870687206712,0.9808906850042854,4,coconut
-0.234375,-0.85,-0.8417241379310345,-0.24214536357973593,0.3426518468674216,0.5268317049563326,0.13656885522332413,-1.2142857142857142,0.24371474761762676,1.8544494458309444,1.1343242483107356,0.3381295898566657,0.12586772065205176,16,orange
-0.203125,-0.325,-0.3448275862068966,-0.18027663018864973,-0.7412824733867371,1.8151449446363934,-1.0129218160184406,-0.7380952380952381,-0.15820988555484017,-0.191064524145411,0.24663170588194072,-0.6364274899595419,-1.5249160174727308,13,mothbeans
0.703125,-0.7,0.5862068965517241,0.2245339657591091,0.22473532417603856,0.45276069480877046,-0.7294605393683599,0.09523809523809523,1.6214621641931524,0.16904512194780139,-0.4209101388416776,0.5318491345484987,-0.9300236231145808,21,watermelon
-0.53125,-1.05,0.10344827586206896,0.24231795324762628,0.5521642960187834,-0.11572454777815748,2.2164479956515684,-1.1785714285714286,-0.33913860420066017,-0.812425644956647,-0.533545522939185,0.9815033677248317,1.341241809879784,4,coconut
-0.453125,2.05,5.620689655172414,-0.875833838460338,0.01459493067401408,0.025211954505150642,-0.3975998680925209,2.261904761904762,-0.5048631953039697,-0.8400499284477103,-0.30805258980878364,-0.3465303029466506,-0.43783155560741865,7,grapes
0.671875,-0.825,0.6551724137931034,0.43949676436217744,0.37947322900200214,0.28138354175130825,-1.2346675872217223,0.03571428571428571,2.1548393175177103,0.10423708279851958,-0.4827067006227867,0.8375343302745336,-2.2295630112669977,15,muskmelon
0.03125,-0.675,0.2413793103448276,-0.32330362354599446,0.43025875134992203,-0.0002171380497479496,0.25465740210615356,-0.5238095238095238,0.44444231827586517,-0.24725996218115295,-0.34343165965216965,0.36275142942145416,0.22706014657939674,19,pomegranate
-0.546875,2.0,5.758620689655173,-0.5277893009593208,0.35961688553674537,-0.4243750355573245,0.4987338515388145,2.2142857142857144,-0.5320912882997834,-0.859197364952962,-0.32066159488260293,0.16003662887429418,0.41743603748686153,0,apple
0.921875,-0.25,0.27586206896551724,-0.335360593334968,-0.2873398958450678,-0.34988237785169923,1.6201072429030698,0.36904761904761907,0.8790800614986912,0.6181499902820724,-0.12605453540416772,-0.29384624722862035,1.0783397209257424,8,jute
-0.140625,0.15,-0.5172413793103449,0.8596842268456653,-0.6381013689751697,2.385080232566771,-0.5573516999665366,-0.5238095238095238,-0.24335280129326642,0.15271939338915771,1.1093510480436655,-0.06346965230284311,-0.6554994243874726,13,mothbeans
-0.265625,0.575,-0.5517241379310345,1.8246053361071728,-1.2428214443815309,-1.7134433529768904,1.102997066196966,-0.42857142857142855,-0.37739536921451494,-0.09272249932014955,1.784414744387712,-0.4564665848866298,0.8077922776737142,18,pigeonpeas
-0.234375,0.4,1.5862068965517242,-1.4480146200949506,-2.198392496227791,-0.23302470619105523,-0.3801789528612194,0.25,-0.34215671062201647,-0.6910599350803712,-0.21416200266286325,-2.1168268759679623,-0.41583536551680694,3,chickpea
0.703125,-0.4,0.10344827586206896,-0.004297178481685208,0.21634656600630364,0.889110129646096,1.384719145515462,0.07142857142857142,0.8799255514368011,0.5828271299233901,-0.13932168571497952,0.3752487368142595,0.960978143658255,8,jute
0.25,0.55,1.5517241379310345,-1.0063713728295984,-2.10163186869758,0.9161392009094567,-0.3578536986707112,0.6785714285714286,-0.10091336131192453,-0.4399300758722037,-0.16688977837937147,-2.0230499382487523,-0.38809356426221653,3,chickpea
0.90625,-0.3,-0.10344827586206896,0.31774860782012776,-0.8261912380622839,0.720057920477855,0.918163859311184,0.20238095238095238,0.9363678254157649,1.1595640790231116,0.04367345997135126,-0.5086798919652612,0.6984275762845479,5,coffee
-0.171875,2.1,5.896551724137931,1.4328424757116112,0.020893966417981594,-0.76488077161073,-0.3427655684916578,2.5952380952380953,-0.42451801130366124,-0.7862380091606203,-0.3170883944207945,1.0517295046215869,-0.3696207912181515,7,grapes
-0.453125,-0.575,0.1724137931034483,-0.2833773828276957,0.190617831195057,-0.35755683460890963,0.22932829047011774,-0.8690476190476191,-0.36802636455241994,-0.7317558811666782,-0.2684074530008025,0.171230772837433,0.20590226436465497,19,pomegranate
0.015625,0.525,-0.3793103448275862,0.470763055201891,-1.04668827770559,-0.5424999731010692,1.5536550711436687,-0.17857142857142858,-0.22118016494092665,0.2531471280551703,1.1494869782455763,-0.6834247494540409,1.0460937087723996,18,pigeonpeas
0.859375,-0.75,0.5517241379310345,0.05170791997538316,0.05051445460377256,-0.05539064938352236,-0.6765364397241518,0.17857142857142858,2.116322305243818,0.31937751176699275,-0.4378325222011384,0.2474837233209761,-0.8403406682231591,21,watermelon
0.984375,-0.825,0.6896551724137931,0.11852522067244875,-0.005373317902019259,0.4556130450384748,-0.6485930845425113,0.2857142857142857,2.828887401432369,0.32334001346907754,-0.4863086413192318,0.23215647708004603,-0.7949935916335262,21,watermelon
1.078125,0.85,0.7241379310344828,0.2913861484481144,-0.05834882336544899,-0.5292269200225845,0.08387057108300336,1.1666666666666667,0.21516686446370403,0.37089001155830664,0.1810924718115328,0.28028727955455685,0.07849655867085101,1,banana
-0.546875,0.4,-0.4827586206896552,1.5603701749068262,-1.1110485914023145,-0.5224513196596641,0.5798392920258089,-0.7023809523809523,-0.5232442629119327,-0.7967266001165603,1.3053233055113145,-0.3679336027262947,0.47587242593348306,18,pigeonpeas
0.3125,0.325,0.7931034482758621,0.20200206433140044,0.41787243338423835,0.15605864058141042,-0.5465022053959682,0.35714285714285715,-0.0010613293039345678,-0.22478177684381562,-0.05248216270778487,0.7146333928684074,-0.6397137631684627,17,papaya
0.703125,-0.55,0.10344827586206896,0.20025226635421178,-0.9524489255202284,-0.18918240396312694,1.0396594252298688,0.0,1.1739831763819295,0.5828271299233901,-0.23029641738210394,-0.6865945787118267,0.7711743688036604,5,coffee
0.234375,0.55,1.6206896551724137,-1.4321293651260198,-2.0796622443849797,1.4437936543665257,-0.013036695727795951,0.6904761904761905,-0.10922354351624526,-0.4585264007578897,-0.17962693877663521,-2.0658193106559337,-0.012564691677741035,3,chickpea
-0.234375,0.125,-0.5172413793103449,0.7558935749420411,0.22836145187956325,0.4706904556724504,-0.8472244535351062,-0.6071428571428571,-0.30302886520094247,-0.06545117538288214,1.0781342292983405,0.8806134803557731,-1.1503128085613177,14,mungbean
1.078125,-0.125,-0.41379310344827586,-0.36066707368940515,-0.06422904093088908,-0.23652833375994745,-0.2307209954486405,0.30952380952380953,0.856564142293774,2.4107848090873687,0.5505700032721461,-0.10709973654039663,-0.23889643712515457,6,cotton
0.375,0.025,0.3103448275862069,-0.09395480911737224,0.11272808651898465,0.46008513816150404,1.8636013259292579,0.09523809523809523,0.1702862347652712,0.05427660744033282,0.0030574703181032526,0.2181386216003509,1.1910975931108394,20,rice
0.71875,-0.9,0.5862068965517241,0.5908847290021129,0.3652026973791282,0.006692452131815258,-1.2122528112798827,0.011904761904761904,2.815406402456751,0.18166042742944571,-0.5075527411367016,0.9250815307161238,-2.1419807459417894,15,muskmelon
0.390625,0.2,0.3103448275862069,-0.22429106255257233,-0.1900743393954011,0.762132460558435,1.6551495654980695,0.19047619047619047,0.09613655024038838,0.06935343588274863,0.09366238638167688,-0.1441279799464909,1.0950789035078095,8,jute
-0.40625,-1.025,0.4482758620689655,-0.5007022215566348,0.26633006476217463,-0.03431217902144016,0.2415839960431719,-0.9523809523809523,0.12595455527647503,-0.7143066021632218,-0.5520774119744658,0.09754998675158089,0.21617558860652858,19,pomegranate
0.546875,-0.225,0.3793103448275862,0.18185885556890372,0.01218066750800354,-0.0806580672989723,1.465422191514997,0.13095238095238096,0.4986069157705769,0.16963187739485905,-0.1516632163253557,0.2878748205447204,1.0022198493875034,8,jute
-0.3125,0.575,-0.5172413793103449,0.0886940357615683,-0.36966015476015474,0.9855788279911182,-0.9765970637586323,-0.4523809523809524,-0.40198901655347635,-0.24725998269291538,1.6400369667141939,-0.148876667575584,-1.4347363945842544,10,lentil
1.015625,-0.125,-0.4482758620689655,-0.476377540728042,0.0692293873439167,0.20447484618195225,-0.22488238702090166,0.25,0.8038125513339742,2.45307927063876,0.6148109274548352,-0.058357273662751716,-0.23237620513093046,6,cotton
-0.453125,0.075,-0.41379310344827586,0.48807882029623356,0.007755468124823212,0.6176811501992933,-0.9480795584197841,-0.7619047619047619,-0.451479936957004,-0.6181499474236776,0.7628443726133666,0.46729128496109895,-1.3674260687974138,14,mungbean
-0.28125,-0.4,-0.27586206896551724,0.27592996226330063,0.10434574811083965,0.4630332769488794,-0.7732498010875294,-0.8095238095238095,-0.21203237397047575,-0.3760412128081575,0.10390935756596911,0.4401705635641083,-1.0083425439024165,14,mungbean
1.375,0.225,-0.5172413793103449,-0.23833578059793278,0.13373266702779765,0.36302966611142,-0.24408900034665237,0.6666666666666666,0.7224871883483995,3.554992428287286,1.2030015042796411,0.14749740298050182,-0.25392870442674453,6,cotton
1.296875,-0.075,-0.5517241379310345,-0.5301574728681789,-0.1727338081134123,1.0509207111469245,-0.3881788140781003,0.4523809523809524,0.9752552233270632,3.554992428287286,0.9220501297185609,-0.299548253716433,-0.42589767306415816,6,cotton
0.96875,-1.125,0.4482758620689655,0.10527074851159085,0.2022173384684771,-0.44117604482383727,-0.9156532439271695,0.047619047619047616,7.666096351493642,0.49452000090723025,-0.5963012405584729,0.43196726337943914,-1.29426625125859,21,watermelon
-0.046875,2.05,5.862068965517241,-1.769067165036676,-0.014983634365131095,-0.6422165984642388,-0.3379235704867764,2.6547619047619047,-0.3862712710838675,-0.7613648817188367,-0.32059558585766784,-0.9017171875039178,-0.36373876152572143,7,grapes
1.234375,-0.575,0.06896551724137931,-0.3597125317332286,-0.6780577201023736,-0.008471536207734172,0.46472920790981664,0.38095238095238093,1.9718834588923888,1.2435722992782425,-0.23297214515133485,-0.6577307745760254,0.3922678881333609,5,coffee
1.296875,-0.275,0.034482758620689655,-0.22192810187912856,-0.8830840840674616,0.31013124344393933,0.3452528332237844,0.5595238095238095,1.27857686403762,1.3824081178495442,-0.026751943099319622,-0.7861987692525357,0.3004666201196857,5,coffee
0.15625,0.3,-0.5517241379310345,0.33309216995015306,-0.4522500177474015,0.23610584382088434,-0.3771298075527212,-0.23809523809523808,-0.08877785812460844,0.9504055287861365,1.4195681766430714,-0.10927124074619846,-0.4120171694814557,2,blackgram
-0.140625,0.575,1.6896551724137931,-1.3012369189274282,-2.0944624765105004,2.3798981944695927,-0.21657867989878407,0.44047619047619047,-0.31181230964395124,-0.6517284551968676,-0.18518342529370485,-2.0577817434307293,-0.22314986429395783,3,chickpea
0.84375,0.125,0.1724137931034483,-0.36175941000209466,0.0008937694734948744,-0.0696915671493472,2.9595257655246114,0.4523809523809524,0.44444234174718233,0.6549048500294526,0.13319271443826675,-0.04929067731767713,1.6167881776639972,20,rice
-0.4375,0.725,-0.4482758620689655,-0.6435961758531236,-2.0856722185418937,-0.4980620419196411,0.513627042739493,-0.4523809523809524,-0.4731056467061368,-0.5726020571188705,1.56445941937701,-1.960903565480804,0.42833224517265106,9,kidneybeans
1.015625,0.55,0.7586206896551724,0.1531415730946493,0.1301706928516438,-0.7283733553905034,0.2751282949584908,0.9880952380952381,0.30628556669979234,0.30220668201598244,0.04740115038175032,0.3899177255624247,0.24395226202881257,1,banana
0.03125,0.225,-0.3793103448275862,1.6260396654648466,-0.5702174068265699,0.5549250815712193,-0.5088825829903622,-0.30952380952380953,-0.1470348737162553,0.2825828400447018,0.8462378784646685,0.3781968655408394,-0.5861856234207545,2,blackgram
0.171875,0.25,-0.3793103448275862,0.8262930244275476,-0.6343825217403813,0.20166648422721511,-0.49362819745034164,-0.19047619047619047,-0.06399435641190795,0.5475042479504856,0.871508636779744,-0.0744462201365532,-0.5649941776715808,2,blackgram
-0.046875,0.35,0.5517241379310345,2.7273391255102584,0.31960178458817856,0.23933754219486075,1.7706048560662715,0.011904761904761904,-0.22403190742785986,-0.42755369997445525,0.048629588394302786,2.302668739333591,1.148990614000401,17,papaya
-0.4375,0.625,-0.2413793103448276,0.5832503020586813,-1.023765487915052,-0.7398660823422561,1.4302602371193291,-0.42857142857142855,-0.46951367983577913,-0.6428759432106729,0.9432776026862553,-0.6167102720263,0.9843851481786062,18,pigeonpeas
-0.546875,0.525,-0.4827586206896552,0.18329821924696366,-0.658418690699394,1.4400840779655781,-0.7432455364046374,-0.6428571428571429,-0.5245018153409244,-0.7967266001165603,1.4527360611793132,-0.3938796635981424,-0.9542564829486399,10,lentil
-0.46875,0.575,-0.5172413793103449,-0.5280793410557163,-0.6050224719236238,-0.783002284829594,0.033443359594091025,-0.5714285714285714,-0.48396784101668106,-0.6108775973129817,1.6400369667141939,-0.6704770566034254,0.031776400364235166,18,pigeonpeas
1.03125,0.0,-0.41379310344827586,-0.470939646044543,0.12130614907034859,0.630381589156985,-0.05307569908910406,0.3333333333333333,0.6838285431346626,2.3180623165411123,0.6832414841104087,-0.009534638546815674,-0.051800376519729366,6,cotton
0.984375,-0.85,0.5517241379310345,0.7297213429987647,0.46293669785821456,-0.06525582245900811,-1.1559713666177516,0.2261904761904762,3.027136826216126,0.42240250648995104,-0.48205635043708756,1.1307182042821977,-1.9416383412322598,15,muskmelon
0.546875,-0.15,0.10344827586206896,-0.015408350649621106,0.08092446677765647,-0.6896572202887209,1.703664350247068,0.07142857142857142,0.4292762550504916,0.40621285462211976,0.012302867063561061,0.23615884886292005,1.1179606093087133,20,rice
0.59375,-0.375,0.41379310344827586,-0.38795537161614674,-0.21089286090979428,0.18637292395769342,0.99884579262089,0.10714285714285714,0.7224871743057307,0.18825478921492314,-0.2358100349456235,-0.2538374365566734,0.7471138832694348,8,jute
-0.046875,-0.55,-0.8275862068965517,1.1025657736431052,0.3570888312130925,0.01963781182792801,0.17905084764339504,-0.8928571428571429,0.16988394056367354,1.7617271642283017,1.2537287074347219,1.2629061443951193,0.1630332201537686,16,orange
-0.546875,-0.75,0.41379310344827586,-1.143677780185133,0.22786641539707445,0.1408645888732457,0.13598782011040944,-0.9404761904761905,-0.4835774676325603,-0.8373122017667095,-0.4167256955682269,-0.35323845356731104,0.12535320051127355,19,pomegranate
-0.078125,0.55,1.6896551724137931,-0.8785715469430236,-2.1922838284895336,-0.45345597272046034,-0.03537964850072138,0.47619047619047616,-0.2754271876026603,-0.6212025305754161,-0.19173510360649088,-2.076861837450391,-0.03433733818216669,3,chickpea
-0.125,-0.4,-0.13793103448275862,0.4903529541965039,-0.9088057145669174,0.5492284605908858,-0.07401650723304896,-0.6428571428571429,-0.038705719143923886,-0.22518318415297067,-0.006650206772023707,-0.5265143694992837,-0.07272167912887477,12,mango
-0.234375,0.075,-0.41379310344827586,0.5275106489552202,0.10418692438703234,0.2647531064388424,-0.9105545037576603,-0.5952380952380952,-0.29420204488514357,-0.18544498220781375,0.7628443726133666,0.5964682623180247,-1.2830689581383636,14,mungbean
0.015625,-0.8,-0.034482758620689655,1.5983173770316528,-1.0585851493455358,-0.590648814965761,-0.06982246877314069,-0.6904761904761905,0.6719335364530826,-0.10767771695118909,-0.34474850035598525,-0.2847163696956275,-0.06850897563219568,12,mango
0.46875,-0.1,0.41379310344827586,0.21012558461483208,0.041855357665177124,1.4726265154492781,2.972171142449853,0.14285714285714285,0.3234363617170677,0.07586388609364839,-0.10313855048904759,0.33526233402665867,1.621071445221712,20,rice
-0.078125,0.625,-0.5862068965517241,0.439103057780317,-0.5736322043923825,1.201707280011419,-0.8708389042912179,-0.27380952380952384,-0.2859242597226303,0.4533099444655123,1.8150592523529459,-0.18679234545278658,-1.1985013337586452,10,lentil
0.046875,0.7,-0.5172413793103449,-0.7613499481878424,-0.5840867927050514,-0.028483138207488577,-0.9494226415481137,-0.11904761904761904,-0.23419185280088994,0.5890605309332374,1.7961210604408204,-0.7620589639547882,-1.3705317240942876,10,lentil
-0.046875,0.425,0.6551724137931034,0.3170243362453162,0.4588992079865577,0.26194818574371054,-0.9217604147464524,0.08333333333333333,-0.23803136798873828,-0.4533099481501704,0.03757363220244929,0.8371139239580043,-1.3077850012309857,17,papaya
0.84375,-0.95,0.5172413793103449,0.622544655345626,0.40025616467568703,-0.2944937242552777,-1.1317102931996257,0.05952380952380952,3.7051498197841903,0.3314336276402274,-0.5232221480622112,0.9856808840849423,-1.8626404136873815,15,muskmelon
0.015625,1.725,5.689655172413793,-1.3825247472648232,0.08093143714107984,-0.11042677165561736,-0.35572173044421185,2.488095238095238,-0.3492493051536829,-0.7461728759380629,-0.34674714499204823,-0.6070446469365918,-0.38547000958912514,7,grapes
-0.140625,0.35,-0.3103448275862069,0.49723612590603256,-0.6277941467525683,0.9978407902170576,-0.34769410176346716,-0.35714285714285715,-0.2800297504948712,-0.11287954835076293,0.8297569553389544,-0.21823379761985573,-0.37563084940940633,2,blackgram
1.03125,-0.875,0.5862068965517241,-0.25160604769087985,0.03696810237812116,0.4962458131457803,-0.7286619988350003,0.2619047619047619,3.3639130409197273,0.43396653706233085,-0.4967224158498237,0.0499565153032077,-0.9286313455643839,21,watermelon
-0.078125,0.125,-0.4827586206896552,-0.9486119932766514,-0.49467902141298,0.7212235646735418,-0.8251857406354605,-0.47619047619047616,-0.194699704773678,0.23352331134045737,0.9810152430417165,-0.781393218413974,-1.1066465805967933,10,lentil
0.484375,0.475,0.7586206896551724,1.0022367498738947,0.4112036402389955,0.5685057461609511,-0.6774058755351403,0.5476190476190477,0.04795761668807517,-0.08699885450502115,0.017918598156204214,1.2597798951963477,-0.841773011576925,17,papaya
0.015625,2.1,5.896551724137931,-0.3046712361836288,0.4415355871022799,-0.4774786753536551,0.10252981306903615,2.738095238095238,-0.3705941619941552,-0.7496971237515089,-0.3170883944207945,0.3859447758120336,0.09543487047967956,0,apple
-0.171875,0.075,-0.5172413793103449,0.5250689355235703,0.28320062002235796,-0.16282896940192282,-0.766981564919648,-0.5833333333333334,-0.2492655042931834,0.07999587046514435,1.0157005918076896,0.7906898739709989,-0.9968870574229857,14,mungbean
-0.21875,-0.15,-0.3103448275862069,0.5647897294399777,0.20694746222366672,0.5653307476117201,-0.6546056942239672,-0.6547619047619048,-0.2312908892047776,-0.24725997320723883,0.3682909320223926,0.7329167729196558,-0.8046400934287118,14,mungbean
-0.125,0.3,-0.5172413793103449,0.781450203264424,-0.42588195579119537,0.8506466514556817,-0.4793320168852788,-0.44047619047619047,-0.2621045151521337,0.18908115485116433,1.2966519605156168,0.1447753539824797,-0.5453923024978503,2,blackgram
1.15625,-0.575,-0.20689655172413793,0.39092555216648395,-0.5406309246984781,0.5184180978142331,1.6588588593095102,0.2261904761904762,1.863554300399574,1.77361489075825,-0.09849969638841773,-0.17443313449364348,1.0968402901690293,5,coffee
0.046875,2.3,5.655172413793103,-0.4856102046852223,0.3941877183542025,-0.4552290289556981,0.2075941219813872,2.738095238095238,-0.37284098897070317,-0.7392568707996715,-0.28011590414453336,0.21873030460640028,0.18751527002595464,0,apple
0.734375,-0.175,-0.3793103448275862,-0.6326608404069463,-0.6270625396154611,-0.5954442758139856,0.21164569712547582,0.03571428571428571,0.6167841822411883,1.6071898795736212,0.44190574542345773,-0.7375928143623743,0.1909593868728194,11,maize
-0.109375,0.35,1.7241379310344827,-0.8328981682330252,-2.1964867230558043,0.6889902318265321,-0.30476927639065965,0.36904761904761907,-0.26136380280586746,-0.6392574981528355,-0.2493419335860681,-2.074965242074924,-0.3240492459967247,3,chickpea
-0.296875,0.1,-0.3103448275862069,-0.6101744116022976,-0.8155454583114599,0.5679841493799385,0.7123075742351905,-0.5952380952380952,-0.3428152114586891,-0.3816403980637148,0.5990239436806736,-0.8860597107922787,0.5668374659334896,18,pigeonpeas
-0.09375,-0.625,-0.7931034482758621,-2.375617376266567,0.4278966052051995,1.1628220138661078,0.14275051530471647,-0.9523809523809523,0.18195243811630835,1.2637731045095355,0.8630849533355127,-1.076538268165361,0.1313312244162849,16,orange
-0.109375,0.6,1.6896551724137931,-1.0576342522604276,-2.145112416186062,-0.02361099199406185,-0.44507623234839344,0.47619047619047616,-0.2986956976861164,-0.6364654928861418,-0.17863174698091883,-2.062286876815834,-0.49940353468630466,3,chickpea
0.40625,-0.2,-0.5172413793103449,-1.0799974958505592,-0.5072474563197413,0.3853331203643173,-0.3972375397823934,-0.27380952380952384,0.34744994912441635,1.42538104455939,0.6723155856091124,-0.8550058776056805,-0.4373708902314522,11,maize
-0.3125,0.15,-0.3793103448275862,-0.9768405568709345,-2.026951143912346,-0.6581878685949946,-0.5733846622259408,-0.6071428571428571,-0.36042431505484634,-0.36500282372499204,0.7704256035194414,-1.9621990054117855,-0.6791238137698011,9,kidneybeans
-0.234375,-0.375,-0.5517241379310345,0.8776822130403654,-1.0019486182536113,1.7962093419171012,-0.5112940712045212,-0.8571428571428571,-0.17062656168990545,-0.015453756497461696,0.5240356921789528,-0.4814181114831176,-0.5895622292879402,13,mothbeans
1.078125,-1.025,0.5862068965517241,0.38275989472803473,0.3858437702886446,-0.08285860627160326,-1.2346675872217223,0.2261904761904762,5.889065416608561,0.47181245350726364,-0.5617043675710915,0.8055632756262967,-2.2295630112669977,15,muskmelon
-0.234375,-0.7,0.41379310344827586,-0.9341188905506388,0.2952494429598111,-0.2947338735509527,0.2128905819406761,-0.6785714285714286,0.038914469802364605,-0.5563349439635225,-0.3926036074852131,-0.16522836724875017,0.19201609628150274,19,pomegranate
0.03125,-0.575,-0.7586206896551724,1.0107900427876106,0.3681949221734759,0.7690365168502212,0.2436033380202587,-0.8214285714285714,0.30361441810303447,1.5453747581164132,0.8159128906526499,1.2140367215809413,0.21786181358767187,16,orange
-0.421875,0.6,-0.5172413793103449,-1.2272225172614275,-0.42030077761998325,1.33296767251391,-0.9444840382092275,-0.5238095238095238,-0.4604672446559884,-0.5017923129269618,1.671253785459519,-0.8652699792885471,-1.3591423876770847,10,lentil
0.5,-0.1,0.27586206896551724,-0.02555835326557545,-0.14478389435224892,-0.30881281367546093,1.5083677332383298,0.11904761904761904,0.34925097007103756,0.20089876339263785,-0.04645164491113791,0.01055945988482727,1.0237289976783879,8,jute
-0.359375,2.0,5.724137931034483,1.3774340463733754,0.11190772815514405,-0.8902252402049625,-0.4547827463587555,2.3452380952380953,-0.47652090925293766,-0.8217023533383683,-0.318897221025063,1.1349473402969665,-0.5122973214803705,7,grapes
-0.015625,-0.65,0.034482758620689655,0.4273824328441984,-0.9158343862530439,-0.9047835689033917,0.08201333933364499,-0.6190476190476191,0.33221331220128214,-0.1910645139280565,-0.26797282210202666,-0.5591170976802308,0.0768004918106998,12,mango
-0.28125,-0.675,-0.5862068965517241,-0.8718521737587406,0.44366286723681186,0.7231557540581052,0.28906739921732666,-1.0476190476190477,-0.0610937516814628,-0.08242000353958231,0.17908984277338666,-0.00740014950781276,0.25535051001712883,16,orange
-0.125,-1.0,-0.8417241379310345,-0.4135125963007994,0.383818660786031,1.23827018372461,0.16344510612505475,-1.2023809523809523,1.057979197150903,2.719859246451208,0.49750123581052136,0.2590009546856001,0.14948334884146225,16,orange
1.109375,-0.625,0.6896551724137931,0.5734153434141662,0.46193109361366314,-0.23537476061754023,-1.160802918033218,0.47619047619047616,1.9785498617229829,0.4184400087503661,-0.40466465059894746,1.0200091670313285,-1.9578607626910505,15,muskmelon
-0.265625,0.425,-0.3103448275862069,0.00536571231192613,-0.5582774993934874,1.3074889225214057,-0.5350497596733751,-0.4166666666666667,-0.36292851805140314,-0.3278882281211244,0.8989768588364387,-0.37655971152611184,-0.6232226396810331,2,blackgram
0.140625,0.625,1.5517241379310345,-1.2625856331307834,-2.0481626544559597,0.549664287204312,-0.18671594408558412,0.6309523809523809,-0.17417417791462664,-0.4961255279801994,-0.146213702678255,-2.0201803484851744,-0.19041369215360462,3,chickpea
-0.28125,-0.3,-0.5172413793103449,0.6522203578644209,0.04235872889973825,0.47005154247773745,-0.8519311382529562,-0.8452380952380952,-0.2458088494295865,-0.17453645976890214,0.5474483106278114,0.6046853507741455,-1.1597991863361792,14,mungbean
0.65625,-0.2,0.2413793103448276,-0.6678515954450976,0.005629989225627449,0.6469541348584048,1.965464320985625,0.17857142857142858,0.5731776868425982,0.38674000229666794,-0.0848923573619056,-0.22873901129178728,1.2359489582413583,20,rice
-0.15625,0.575,-0.41379310344827586,-0.1428111726257393,-0.6924804089936111,-0.5858382783670663,-0.04767315671330709,-0.2976190476190476,-0.3200101920902717,-0.030907494630719474,1.2935302959664177,-0.5739648693014269,-0.04644817330292368,18,pigeonpeas
1.1875,-0.775,0.5517241379310345,0.3375655284086248,0.48243182127958817,0.009332863606178328,-1.1431774490385365,0.4166666666666667,2.886181507606972,0.5898181229147583,-0.44888847926012565,0.8762552225025912,-1.8994803422586801,15,muskmelon
0.046875,-0.15,-0.41379310344827586,0.6688652587456982,-0.768893679516733,0.458104162414575,-0.9557794839404729,-0.4880952380952381,-0.002114533034582131,0.3708899730697254,0.5240357071044934,-0.29801730370322865,-1.3853154866247748,13,mothbeans
-0.28125,1.775,5.862068965517241,-0.3768839078138679,0.33108444816201055,-0.6348627230162427,0.3069569782226656,2.3452380952380953,-0.44687578223265295,-0.8072671078195094,-0.3494943255599554,0.2368912296102926,0.26985792811356185,0,apple
0.03125,0.15,-0.4482758620689655,0.6596634860073637,-1.1648068682406494,-0.009970362584616936,1.196449683642031,-0.36904761904761907,-0.12628128753168655,0.40342417764165556,0.9220501454296562,-0.7466445029161,0.8602953071386032,18,pigeonpeas
0.953125,-0.2,0.10344827586206896,-0.0192077451981143,-0.13804879373603549,0.9105037816756826,1.5898409257863841,0.35714285714285715,0.8412293753829388,0.865409970405423,-0.018022043492147012,0.020714178958908085,1.0637357032795947,8,jute
0.40625,-0.25,0.4482758620689655,-0.03828461141498902,0.21353427930446078,0.7075754009756411,1.7251326766885091,0.03571428571428571,0.39080619037257336,2.6923863546727633e-08,-0.18649376573170745,0.35054408390109726,1.1279796818194663,8,jute
1.234375,-0.375,-0.2413793103448276,0.3570928076313133,-0.7409895585965148,-0.2658187727173376,1.0485795595484622,0.36904761904761907,1.4133864795099027,2.002805870565997,0.09418011683039904,-0.4022979534662325,0.7763838306474014,5,coffee
0.015625,0.25,0.6896551724137931,0.9897613175344251,0.48456635818473115,0.19394465737350708,-0.8185892328824363,0.05952380952380952,-0.16344407760545304,-0.41368494996090804,-0.04747219119770319,1.3389245526246911,-1.0938112456436908,17,papaya
0.171875,0.275,-0.5862068965517241,-0.02648858999204216,-0.46795601210052024,1.1346050593437162,-0.49044454847099644,-0.25,-0.07169368954141898,1.1126698804717827,1.5234941595277123,-0.3039539862216508,-0.5606075849344302,2,blackgram
-0.046875,0.2,-0.4827586206896552,-0.37075522799044186,-1.9706405633840614,-0.704402638527801,-0.12031736959509257,-0.4166666666666667,-0.19176196451246252,0.30220663877092513,1.069462896442516,-1.820214663164463,-0.12000216177518175,9,kidneybeans
0.84375,1.075,0.4827586206896552,0.667313499849534,-0.14449330009970235,-0.28852429275683955,-0.032929253825132405,1.0119047619047619,0.04592932815957551,0.3574519652308561,0.41443755792894305,0.403682687714244,-0.031934572723310614,1,banana
-0.28125,0.0,-0.2413793103448276,0.2229578166862835,-1.0871494398440307,-1.8884115188160668,-0.862030245313674,-0.6071428571428571,-0.3153486524687287,-0.39561596061472243,0.41259167402634506,-0.8160697049783047,-1.1803512177248174,13,mothbeans
-0.3125,0.65,-0.3103448275862069,-0.17429855610886588,-2.0101357440801415,-0.7802934683288117,-0.5179101753954743,-0.34523809523809523,-0.4074187827785748,-0.40851648303501,1.1066365693288918,-1.8251757651745795,-0.5988639873696121,9,kidneybeans
-0.09375,0.0,-0.2413793103448276,0.34971689506371484,0.1692147559752474,0.784271687409025,-0.7072043163057474,-0.4642857142857143,-0.1726090530968156,-0.09890398149958192,0.41259167402634506,0.5544795733302754,-0.8916779737694435,14,mungbean
-0.234375,-0.05,-0.3448275862068966,0.4708994019930101,-0.638787995038826,-1.8884115188160668,-0.3744203583944816,-0.6309523809523809,-0.2689825583329105,-0.24725997442887904,0.5119746687645707,-0.24224330188728163,-0.40863218545135693,13,mothbeans
-0.375,0.4,-0.4827586206896552,0.8766263831133566,-1.5409585125958085,-1.0726673607822916,1.402496889086862,-0.5714285714285714,-0.4236461091524788,-0.4189682992489872,1.3053233055113145,-1.1130566089871465,0.9701573811743811,18,pigeonpeas
0.0625,0.675,-0.3793103448275862,-0.05548908386798226,-0.6787949672061768,0.15355059770094645,-0.40454879109993525,-0.07142857142857142,-0.2224764109694773,0.341454264023765,1.3011115281360306,-0.5218190045958382,-0.446692912002513,2,blackgram
-0.140625,0.375,-0.3103448275862069,-0.6897629160540172,-1.8944088746816536,-0.44610984266856635,0.4390006726373406,-0.34523809523809523,-0.2839891938840623,-0.11287954835076293,0.8528302565047825,-1.809480476994276,0.3729511577983212,9,kidneybeans
-0.5625,-0.075,-0.27586206896551724,0.6635034869321412,0.17037706163605273,-0.20356583612471615,-0.6052857143369503,-0.8690476190476191,-0.5287146161286911,-0.839653679402877,0.39136423511099566,0.755443897627784,-0.7272233462479886,14,mungbean
-0.25,-0.7,0.3448275862068966,-1.036244389779916,0.3283147183374058,0.4829583832266117,0.16262487516111165,-0.7142857142857143,0.012538674895851492,-0.5563349442980192,-0.3793938928971273,-0.2083044649556792,0.1487679015704274,19,pomegranate
-0.515625,-0.275,-0.3793103448275862,0.5683863278781793,-0.0028565919754897796,0.3013648159854913,-0.8548709797871615,-0.9642857142857143,-0.48068868873497284,-0.747667079588902,0.340822712163155,0.5038198090433459,-1.165753928330434,14,mungbean
0.84375,0.05,0.27586206896551724,0.17484854081037565,0.029455733712901354,-1.0712276670920686,2.876717163586899,0.4523809523809524,0.5002420780465141,0.5408812445618066,0.03315124558189203,0.30120996813061285,1.5883873416175016,20,rice
-0.109375,-1.1,-0.5862068965517241,1.3376332462978286,0.353994480885021,1.4286190389090148,0.355577793897938,-1.119047619047619,2.0585465071259876,0.37088995246472856,-0.422354193669338,1.4182945855999247,0.30861709316815883,16,orange
1.265625,-0.825,0.0,0.36942495353383387,-0.9905408331635115,-0.08162880789668174,0.4753822223518717,0.2619047619047619,3.435530676955562,1.4140180569543843,-0.3714967829567024,-0.6612181528268065,0.40019644133971477,5,coffee
-0.328125,0.475,-0.41379310344827586,-0.12377626153470075,-1.3602842852978925,-0.8424650546921091,0.45378054297857046,-0.47619047619047616,-0.4026916922988068,-0.37088996730032675,1.1873931112958076,-1.199944692419777,0.3840770099263102,18,pigeonpeas
-0.40625,-1.125,-0.2413793103448276,0.5500735889587299,0.5421935353925633,-0.3585853684869932,1.4259912613983978,-1.2380952380952381,0.570826196742801,-0.5934239466914827,-0.5426429975614933,1.0918528865647574,0.9822058840739067,4,coconut
0.296875,-0.025,0.6896551724137931,1.312067247806645,0.3940927048730041,0.3473101961639124,-0.11250761777585812,0.14285714285714285,0.1380874746029345,-0.19970996057800908,-0.1597326784380942,1.4518007125843473,-0.11192584405633277,17,papaya
-0.109375,0.225,-0.3793103448275862,0.5821502407742672,-0.6075534939776939,-0.9977463369664963,1.4819745572787186,-0.4166666666666667,-0.23803136858348664,0.01766143213891804,0.8462378784646685,-0.15676968791712725,1.0105452789275557,18,pigeonpeas
1.15625,-0.9,0.7586206896551724,0.3791723388061075,0.41630126110089477,-0.24327332966280935,-1.231539549846516,0.40476190476190477,3.947807170851148,0.4052316769774247,-0.5225948593121411,0.835430417551916,-2.217026772594114,15,muskmelon
0.8125,0.05,0.41379310344827586,-0.10951692935116485,-0.2902845134375409,0.9102816769598594,0.939651123657558,0.47619047619047616,0.47734987813030666,0.384938869677154,-0.03077228624000622,-0.17573325610094281,0.7115431869448611,8,jute
1.265625,-0.45,-0.06896551724137931,-0.24042732362701716,-0.44819523238174097,-0.0705773553654053,1.3304513501107609,0.4166666666666667,1.6278563248715336,1.5659799175224158,-0.08625309502227371,-0.3916974582071007,0.932618439271952,5,coffee
0.90625,-1.1,0.4482758620689655,0.30883083180937493,0.34523108865107804,-0.4097248822059756,-1.1801717149264057,0.011904761904761904,7.666096351493642,0.43957333713130065,-0.5874564745140876,0.7125177835422739,-2.024645309251455,15,muskmelon
0.03125,-1.1,-0.10344827586206896,0.35089623959137806,0.4728087686152778,-0.07064267576067193,0.9388270478636183,-0.8452380952380952,2.8385163647060616,-0.03410480906033928,-0.5419110162634982,0.8755079897554356,0.7110422112249466,4,coconut
0.046875,0.525,1.5517241379310345,-1.472472307045786,-2.1389235539841494,1.0806646011318883,-0.10537428046171436,0.5119047619047619,-0.20432896214092672,-0.5442930583584814,-0.17378180361307694,-2.1100880796890236,-0.10458545465099608,3,chickpea
0.78125,-0.325,-0.10344827586206896,-0.05453718740257122,-0.762584124450707,0.22664861065352299,1.0395126729807802,0.09523809523809523,0.8475408374836306,0.989039952154047,0.025373945089012306,-0.6022799118253668,0.7710885178974284,5,coffee
1.265625,-0.9,0.4482758620689655,-0.22601058647652045,0.12329469167825453,0.10917005090692534,-0.792021057198939,0.38095238095238093,4.230907362949747,0.7555166538428961,-0.4931123077417628,0.1455619746666693,-1.0431607560145209,21,watermelon
0.359375,0.1,0.13793103448275862,0.10563191867753086,-0.00170282703761434,0.7182903643141815,0.9461351652212732,0.05952380952380952,0.1204396707998599,0.16484001252804187,0.14076255825551523,0.2281232993717821,0.7154793802610905,8,jute
-0.3125,0.125,-0.5172413793103449,0.42027619564165475,-1.182258771532374,-0.48666719820532106,-0.4252968504635972,-0.6666666666666666,-0.3571934454145747,-0.24725998269291538,1.0781342292983405,-0.8470848156203681,-0.47345520103263633,13,mothbeans
0.796875,0.025,0.2413793103448276,-0.27560539729888206,0.2533845675563493,0.4598529136009483,1.0143628794732824,0.39285714285714285,0.4852741008057183,0.5293899943041777,0.037573627933482644,0.2337406654381621,0.7563053864915875,8,jute
0.046875,-0.6,0.4482758620689655,-0.6688975108493719,0.47964461085645166,-0.5593731996291837,0.2991583638766155,-0.40476190476190477,0.3573777770551159,-0.3159432897877318,-0.3515960575832757,0.16389540357566382,0.2635503122509576,19,pomegranate
0.453125,0.175,0.10344827586206896,-0.338794820009981,-0.036330661616580884,0.912211944854918,1.5326289645146742,0.15476190476190477,0.1489652183861648,0.30024428944135734,0.20941478567566382,-0.06913048569426947,1.0357501040590242,8,jute
0.578125,-0.075,-0.5172413793103449,-0.673859494572809,-0.682014543776533,-0.0008825083615720119,-0.43283185327188356,-0.08333333333333333,0.3938887307643347,1.8253604206414629,0.8283996793357384,-0.8020890576538482,-0.4832893618834508,11,maize
0.53125,0.225,-0.3448275862068966,0.09639675138570747,-0.7125126317138996,-0.23229621571754844,-0.1527030787872963,0.08333333333333333,0.17650821914501158,1.1295285575160896,0.7773176316472006,-0.4873082203584067,-0.15394760858653087,11,maize
-0.421875,-1.125,0.3448275862068966,-0.914931751055829,0.3548873234896606,0.46682292975970896,0.24527661989125105,-1.0595238095238095,0.6719333576529946,-0.7182313640951192,-0.5963012405584729,-0.10624938062850377,0.21925768351307678,19,pomegranate
-0.109375,-0.35,-0.2413793103448276,0.758045126924508,-0.013376336745517664,0.7056271745834595,-0.6771058995275147,-0.6428571428571429,-0.04948007800862779,-0.12362997975917686,0.11540755397679549,0.6052424333064564,-0.841278670209475,14,mungbean
0.84375,-0.675,0.7931034482758621,0.13036077363270537,0.0858085103328719,-0.176665371435,-0.8130746320048104,0.2857142857142857,1.7588361001649175,0.15734729550546903,-0.4384355737903391,0.330980599883948,-1.0831616638823895,21,watermelon
1.296875,0.9,0.6896551724137931,0.443421393253684,-0.15101503274562575,-0.5390243511136295,0.41022463534009435,1.3452380952380953,0.29539636427657295,0.5610900016722986,0.21787077864322116,0.2697280651900107,0.3510586502245777,1,banana
-0.515625,-0.925,0.3103448275862069,-0.9824829153987471,0.31181703797530563,-0.00134672382955923,0.1362809807757699,-1.0357142857142858,-0.3680263707426571,-0.8051026137773653,-0.4887977883127245,-0.18475115136378106,0.12561282236590923,19,pomegranate
1.0,-0.85,0.7931034482758621,-0.1989272256699632,0.2216068324956858,0.020518579576203975,-0.8491397823594767,0.32142857142857145,3.0628217246596963,0.26973819913761155,-0.5059774207297861,0.2542920460084283,-1.154166204862418,21,watermelon
-0.40625,0.675,-0.3448275862068966,-0.28103352655021574,-1.9452309147874434,-0.503103139837573,0.3029976823860201,-0.4166666666666667,-0.45580075768029216,-0.5563349509879536,1.2115152072733222,-1.782286348926924,0.2666587937666115,9,kidneybeans
-0.546875,1.8,5.724137931034483,2.4495690396509793,0.05615322518821609,-0.1828674773787359,-0.412828074066529,2.107142857142857,-0.5314888993719237,-0.8591659883743624,-0.34033907747787584,1.718885713985167,-0.4573170201599367,7,grapes
0.109375,0.575,1.8275862068965518,-0.9243894290850674,-2.0497843407553775,0.737035907638642,-0.27967610571146484,0.6785714285714286,-0.1806461905028237,-0.5454264116233228,-0.20799868126746265,-1.971930008434961,-0.29466836719611533,3,chickpea
-0.453125,-0.15,-0.5862068965517241,0.446757629286461,-0.658258073480986,-1.8652421707116054,-1.0320312200161879,-0.9285714285714286,-0.43350532111965584,-0.5357299595438931,0.9220501230849877,-0.274246987552325,-1.5745399592146612,13,mothbeans
0.0,0.525,-0.4827586206896552,-1.1515521874665346,-1.8847659115011866,-0.7247710401205709,0.18020715739925947,-0.2261904761904762,-0.22960576634092655,0.405231629916627,1.4527360611793132,-1.8857911847574105,0.16403252360069648,9,kidneybeans
1.4098437500000038,-0.4,-0.5862068965517241,-0.04680338812873837,0.09829699085318525,-0.5464045709513512,-0.13918259758602297,0.5119047619047619,1.8678874839481467,3.554992428287286,0.5682595134127966,0.2335958038020694,-0.13968587550048825,6,cotton
0.875,0.75,0.6206896551724138,0.38131984453991946,-0.13340281681658017,-0.4052020217930001,0.12597188722382424,0.9285714285714286,0.1551633653339416,0.28434901451931927,0.1897036011834067,0.25330602004313757,0.11645702854486105,1,banana
0.578125,0.175,-0.4827586206896552,-0.9502570013882858,-0.8139973120217587,0.3031604812348533,0.2413872034163614,0.047619047619047616,0.2326401561470241,1.6758731873802821,1.039980345308916,-1.0272682660322268,0.2160111618201772,11,maize
-0.234375,-0.825,-0.034482758620689655,0.9094344732526092,-1.0973133521216067,-0.4872390754989363,-0.07431409639731264,-0.8928571428571429,0.20009987416520025,-0.4267228582547003,-0.36186740141303186,-0.5818045983257013,-0.07302102615621132,12,mango
0.984375,-0.925,0.5862068965517241,0.6882738861472858,0.35450614648521245,-0.06714551669405246,-1.1645171857335435,0.20238095238095238,3.7918131668157553,0.39612062061739806,-0.5183830664235797,0.9791842494657022,-1.9704477158617821,15,muskmelon
-0.140625,0.175,1.6896551724137931,-1.3944554182734765,-2.153915790324981,-0.25727479020645455,-0.024088964769271727,0.25,-0.2484907359779168,-0.6517284551968676,-0.29001027829828147,-2.110267485713389,-0.023296802357668994,3,chickpea
0.875,0.125,0.3448275862068966,-0.28802476291694906,0.05665571397900857,0.9748715249907428,1.6992161512480304,0.5357142857142857,0.4661081738326352,0.5033507125557262,0.03757362922941888,0.04583829119178494,1.1158765884150306,20,rice
1.4098437500000038,0.025,-0.5517241379310345,-0.3226969064163635,0.13238988882723338,0.05594419515484998,-0.10548336218437161,0.6309523809523809,0.9869214430182824,3.554992428287286,1.0547216088984304,0.09326424968759987,-0.10469744244896576,6,cotton
0.03125,-0.675,-0.034482758620689655,1.3935287909256306,-0.9023853727580181,-1.7158775491726532,0.06610249819061262,-0.6190476190476191,0.44444231827586517,-0.08773739561971954,-0.259153995070752,-0.15870138854681798,0.06219413645225669,12,mango
0.9375,0.575,0.4482758620689655,0.1658322367378994,-0.0681179329259817,-0.7724466923926842,0.31069523529091153,0.8333333333333334,0.25384157915216105,0.4670466690192656,0.202675922204132,0.19680521150772046,0.27287244127427185,1,banana
-0.125,1.775,5.655172413793103,2.7273391255102584,0.020651948978483572,-0.8128148001717753,-0.367612043699445,2.392857142857143,-0.3971509212282996,-0.7739489614051946,-0.33968269413409896,1.9056054250922927,-0.40015871945680925,7,grapes
-0.515625,-0.95,-0.8417241379310345,-1.7139425503968406,0.46166213134938483,1.1576749870498826,0.11344801915542066,-1.3571428571428572,-0.3546935527376226,-0.45331000875309846,0.47981174601281984,-0.5834946005715004,0.10526131495683322,16,orange
-0.265625,1.95,5.827586206896552,-0.36548134506637325,0.37548658801733886,-0.8644875103196199,0.36085897955021645,2.4285714285714284,-0.4472997926334924,-0.8039024670355356,-0.32941813190813873,0.2843687428569077,0.3127696015870345,0,apple
0.546875,0.225,-0.2413793103448276,-1.212409301484683,-0.3875314298612216,-0.6743381774815671,-0.11297734641536612,0.13095238095238096,0.1866189407969261,0.914861947143815,0.6036386083439129,-0.834522194202995,-0.11241042350983954,11,maize
-0.25,0.3,-0.5172413793103449,-0.07437087721267926,-0.416212275296241,0.13138296354949652,-0.9030725968660022,-0.5357142857142857,-0.33913858494214494,-0.10181293684488876,1.2966519605156168,-0.27795453935659437,-1.2667824224671163,10,lentil
0.46875,-0.4,-0.3448275862068966,-0.38368071447819646,-0.5820979317173567,-0.04692882771433623,0.23691837783595668,-0.2619047619047619,0.6199355691969733,1.0171376569491535,0.1742654432775871,-0.5828354170968656,0.21227262789093304,11,maize
1.4098437500000038,0.125,-0.4827586206896552,-0.2965011181634365,0.11364422099467925,0.2662318324982985,-0.40309705510840005,0.7380952380952381,0.9102577315844195,3.554992428287286,0.9810152430417165,0.09262459331486979,-0.44483746777301775,6,cotton
0.5625,-0.15,0.1724137931034483,-0.3144742721106059,-0.19873052413493786,0.31892675046837593,1.465199223556568,0.10714285714285714,0.4427572171781501,0.35418324567366516,-0.02457877991279614,-0.20221073690177974,1.002107397632211,8,jute
1.09375,0.0,-0.3448275862068966,-0.11321304054227886,-0.07813140368589334,-0.4595195797501809,-0.2575172310343638,0.40476190476190477,0.7314084095919668,2.1410466626185154,0.5602188438341398,0.024347891985490075,-0.26917622580292394,6,cotton
-0.40625,0.25,-0.3793103448275862,-1.1953886698365856,-1.9357968568753694,-0.9216765852362285,0.6870768868595628,-0.6309523809523809,-0.43195832482802476,-0.5416170956621813,0.871508636779744,-1.9301916837915916,0.5499164812996838,9,kidneybeans
-0.15625,0.2,-0.3448275862068966,-0.6426460095317387,-1.9296780055812053,-0.6531210647342502,0.5976973942379035,-0.4523809523809524,-0.2637365932006752,-0.1067713487202087,0.753195544112416,-1.830448344064118,0.48844979761515184,9,kidneybeans
0.40625,-0.025,0.6896551724137931,0.5420830019858679,0.4268881998243069,0.32821089073704707,0.35643150537049334,0.2261904761904762,0.22301753619591688,-0.11649746470688162,-0.1597326784380942,0.9595975808555779,0.3092891031073576,17,papaya
-0.1875,-0.4,-0.41379310344827586,0.5866191854584986,-1.2515982428950645,2.385080232566771,-0.38740265164095344,-0.7857142857142857,-0.1080363810745446,-0.09272248966155722,0.2586927454279679,-0.8676736585655032,-0.42491855472932333,13,mothbeans
-0.359375,-0.55,0.0,1.7540016256098683,-1.0625620639286284,0.5237134769426622,0.04652680540588633,-0.8452380952380952,-0.24849074102726634,-0.5949693192163522,-0.18907349338365453,-0.233317621389695,0.044033357400137585,12,mango
0.09375,0.375,1.6206896551724137,-1.049929676471419,-2.19826544799827,1.5834405471743576,-0.3419173759592177,0.5,-0.14611571660360048,-0.5289485496252406,-0.2266497438676305,-2.10094737685754,-0.368588805575787,3,chickpea
-0.453125,-0.65,0.13793103448275862,-0.9717497866350372,0.484906274043637,0.40688924124901527,0.1567597021762334,-0.9166666666666666,-0.34722716695376726,-0.7280432688703522,-0.3014757210328776,-0.045563472019296516,0.1436423967771084,19,pomegranate
0.4375,-0.3,0.4482758620689655,-0.3208222658923035,-0.3248522048628776,0.34486759153007024,1.5191442497174161,0.03571428571428571,0.4697191379768104,0.02747335881182848,-0.21007980742478868,-0.3200688250720656,1.029080072477353,8,jute
0.71875,-0.15,-0.3793103448275862,-1.1589556211127103,-0.7334010248028152,-0.7329890232342298,-0.2543900983459624,0.03571428571428571,0.5775668384547357,1.5777541675840896,0.4671765037385335,-1.0565847497070555,-0.26561206173053414,11,maize
0.03125,2.175,5.896551724137931,-0.7498322979239745,0.060198056978566575,-0.03283835865279169,-0.34119417122807016,2.738095238095238,-0.3699103450368981,-0.7466520499674163,-0.3092457449537039,-0.2336430090458729,-0.3677094309577923,7,grapes
-0.109375,-0.85,-0.034482758620689655,0.9857532811385087,-0.876477241032597,0.3822067923756829,-0.0024223482498308977,-0.8095238095238095,0.5291939351661907,-0.2672002876029447,-0.37898630247007853,-0.2906522660038471,-0.0023269830457247147,12,mango
0.03125,-0.375,-0.3448275862068966,0.6630229090905955,-0.6744237271391706,2.385080232566771,-1.0287750194335512,-0.5833333333333334,0.11584388193133643,0.2304013529805999,0.19838753081237168,-0.19434745805639037,-1.565971585015737,13,mothbeans
0.078125,0.7,-0.3103448275862069,0.38106985086337475,-0.5805984625337032,0.35905143780805465,-0.44389126455086214,-0.023809523809523808,-0.2188337945338882,0.26338564124736974,1.152783171660548,-0.22158886899596747,-0.4978367533210824,2,blackgram
0.8125,0.225,-0.5172413793103449,-0.024819722188788675,-0.7852492958555598,-0.4586210605132493,0.11734129401036902,0.23809523809523808,0.3585012088794742,2.3707868425715626,1.2030015042796411,-0.6115183946543381,0.10875033872093695,11,maize
1.328125,-0.075,-0.5517241379310345,-0.14985295589565875,-0.16515534770813556,-0.12696358994975318,-0.5579705624478453,0.47619047619047616,1.0005320273515297,3.554992428287286,0.9220501297185609,-0.07914161440731798,-0.6564046917891673,6,cotton
-0.015625,2.225,5.724137931034483,-0.3770242575133607,0.36800547374686865,-0.1533028700506591,0.16351937062551627,2.7142857142857144,-0.3853590254542993,-0.7530190224390455,-0.2947751325156487,0.26980902739573154,0.14954810989971165,0,apple
-0.34375,-0.925,-0.8275862068965517,-2.375617376266567,0.3258401827811496,-0.21575484528667332,0.4170292916878578,-1.2976190476190477,0.10862190960257766,0.29362114235385256,0.25869267577544924,-1.3186101790994424,0.35626341672976425,16,orange
0.15625,0.7,1.5862068965517242,-1.3929048885076878,-2.198392496227791,0.18263794905225358,-0.5023500156070668,0.6904761904761905,-0.18043864886638394,-0.4929349436409883,-0.1325180114192199,-2.1168268759679623,-0.5770752277515103,3,chickpea
0.03125,0.675,-0.5862068965517241,-0.7218169026360851,-0.603809582243578,-0.5186339225899538,-0.8975283833448654,-0.16666666666666666,-0.23803136741686493,0.7417799164682555,1.8150592523529459,-0.7596165740655199,-1.2548227783603136,10,lentil
-0.3125,-0.55,-0.20689655172413793,0.10799811773678769,0.42883102026754216,-0.368495852847022,1.7045797974943198,-0.8809523809523809,-0.1857345387886254,-0.46123495537414777,-0.07808869910086583,0.660628315443372,1.1183891586471124,4,coconut
-0.0625,0.2,-0.4482758620689655,-0.40316896664444846,-0.5989044973518157,1.2395365406150753,-0.7659245147854924,-0.4166666666666667,-0.2020440543250643,0.20821893068955039,0.9779118214250784,-0.6069306883454778,-0.994963527364286,10,lentil
-0.21875,0.35,-0.41379310344827586,-0.4291980352371751,-1.9559225540168426,-0.6123531241955592,0.2302810749122826,-0.4523809523809524,-0.32669461971738073,-0.1545374846923948,1.0547216304575446,-1.8167802285736676,0.20670336863575967,9,kidneybeans
-0.34375,-1.125,0.3103448275862069,-1.128572005374848,0.2791833836150654,0.4774423412680851,0.23554808889381948,-1.0,0.9752550021550649,-0.6392575009107919,-0.5923462638139515,-0.3060682284119495,0.2111244699487343,19,pomegranate
0.96875,-0.9,-0.1724137931034483,0.26416099731111675,-0.7829264325938038,0.07140725026991186,1.2011223343312494,-0.05952380952380952,3.4624925558249777,1.4011399196315537,-0.3751821036441423,-0.48617830996743544,0.8628745683833177,5,coffee
0.90625,-0.875,0.7931034482758621,-0.04322650431766014,0.235864534018882,0.18586734778758982,-0.9255718302913768,0.23809523809523808,3.060591405264531,0.20230365695832606,-0.51562625600685,0.3689641855157551,-1.3162817685999746,21,watermelon
-0.359375,0.575,-0.4482758620689655,-1.234515629088553,-1.4712757069984073,0.19828594163971888,-0.027934407567796943,-0.4642857142857143,-0.42658266389243776,-0.40993101799211606,1.3968743913907435,-1.609554650394674,-0.027048264643869783,18,pigeonpeas
-0.078125,-0.825,-0.6551724137931034,-2.025018654946412,0.37712465068263984,-0.3969135154028908,0.22382599829913108,-0.9880952380952381,0.5371239161225296,0.6561899091689829,0.064788253650619,-0.8463340217189286,0.20126783908889959,16,orange
1.015625,-0.35,-0.2413793103448276,-0.03536057786248804,-0.08833695472224867,-0.5365277510874712,-0.3716704299514045,0.21428571428571427,1.1310149783088839,1.656641894931666,0.11540755397679549,0.05973428826405877,-0.4052041373278576,6,cotton
0.390625,0.025,-0.5517241379310345,-0.562277447628827,-0.7303942891596744,0.5488595305065178,-0.5234110537869023,-0.19047619047619047,0.1819524520260285,1.5299210999562955,1.0547216088984304,-0.7933538615905378,-0.6066403506500929,11,maize
0.03125,2.025,5.655172413793103,1.78774077420732,0.09367228345367615,-0.6690710683315475,-0.3572594691852519,2.630952380952381,-0.36211749631847917,-0.7424106972183555,-0.3126068805024782,1.3657979547880905,-0.3873618736845928,7,grapes
1.234375,0.125,-0.5172413793103449,-0.1397515724071811,-0.09467290804986658,1.5859848780246442,-0.1612953580157679,0.5119047619047619,0.7152652428153435,3.3525544020457416,1.0781342292983405,-0.0067452719166925775,-0.163079310403779,6,cotton
-0.203125,0.3,-0.4482758620689655,-1.069761393431925,-0.8270560205032225,-1.7932893439840416,1.6907013551677927,-0.47619047619047616,-0.3102508087708906,-0.08458893973860741,1.0896351734159222,-1.0870245598459363,1.1118795340927616,18,pigeonpeas
0.78125,-0.75,0.6896551724137931,0.31759313236248843,0.4627233951793391,-0.37283262801786116,-1.1443047846975463,0.16666666666666666,1.9718834289729086,0.16880252113698382,-0.4556921447991251,0.8415184523127852,-1.9031495767606499,15,muskmelon
1.265625,-0.025,-0.4482758620689655,-0.44425775319740823,0.06041188535430151,-0.07241750079104782,-0.47914999433380867,0.4880952380952381,0.890325162997921,2.973626595844374,0.7265342794456793,-0.046382464144910866,-0.545144310576969,6,cotton
-0.0625,2.3,5.931034482758621,-0.7605434999726073,0.38418870930624555,-0.6323420556935239,0.47029946549634927,2.738095238095238,-0.401358409298616,-0.7654150781346312,-0.2980071769992333,0.02203536959993622,0.39641861234917497,0,apple
0.265625,0.275,1.6551724137931034,-1.3920097868804038,-2.159051409444421,1.084301603642783,-0.25939864608690005,0.5952380952380952,-0.012986273466480831,-0.4481586954419534,-0.25872601441819754,-2.1134068745047343,-0.2713245146465481,3,chickpea
1.15625,-0.025,-0.5862068965517241,-0.06075509446336965,-0.008037030622610483,1.4891009278634304,-0.17188884195566265,0.35714285714285715,0.8053951014049388,3.554992428287286,1.0989454279210833,0.12243065704587663,-0.17441206931349063,6,cotton
-0.1875,0.625,-0.27586206896551724,-1.766242822799046,-1.872155769515247,-0.8879252111172754,0.6869711116907028,-0.25,-0.34179930062663216,-0.2215037239432509,1.0104978175156683,-1.990554206009668,0.5498451546139904,9,kidneybeans
0.3125,0.55,1.8275862068965518,-1.2179560738890614,-2.198392496227791,0.9495970400930882,-0.04787591339975877,0.8214285714285714,-0.06767263249464149,-0.4508858273731372,-0.21424204531033303,-2.1168268759679623,-0.046648708862860426,3,chickpea
0.59375,-0.25,0.10344827586206896,-0.09504164294795742,-0.06446164159820893,0.4359018768899662,1.2172860927952538,0.05952380952380952,0.5683603253275253,0.4591971372125009,-0.0483469540478552,0.047991205444625706,0.8717640099970181,8,jute
-0.328125,-0.925,-0.06896551724137931,0.7264971190560051,0.5304934662138521,-0.05821863307670021,1.9490550370980388,-1.0238095238095237,0.1519535714521445,-0.5357299485545612,-0.4223541854142241,1.205333017283893,1.2288105020022724,4,coconut
-0.328125,2.2,5.896551724137931,-1.3332542639021385,0.014088556707452257,-0.15970062051872536,-0.48992069106141023,2.5238095238095237,-0.4715235729770387,-0.8166887470015464,-0.3066315284646737,-0.6222997886373292,-0.5598869701762134,7,grapes
0.359375,-0.35,0.2413793103448276,0.1859115445897593,0.08074995931545496,-0.4078603476983278,1.1259158979455914,-0.11904761904761904,0.44239286212366874,0.08559001916970305,-0.16653634755883115,0.36015092185882935,0.8208331844683835,8,jute
0.046875,0.675,-0.41379310344827586,-1.0978833780738448,-2.0095061520871487,-0.7811406832835299,-0.24762108458852577,-0.09523809523809523,-0.2302538891931711,0.3708899730697254,1.3996674806370277,-1.9676645364620986,-0.25792487566811095,9,kidneybeans
1.046875,-0.65,0.7931034482758621,0.7442931811468714,0.3307141738142714,-0.31530374050026466,-1.220943513075004,0.4523809523809524,1.9822830472921167,0.30345547022725433,-0.42878673851327526,0.9899544601513083,-2.175349924062039,15,muskmelon
0.046875,-0.875,0.10344827586206896,1.4988341371169156,-0.887744471206158,-1.5133528964757395,0.06031383800017733,-0.6547619047619048,0.9752551601350571,-0.15895282634194616,-0.4274083359942067,-0.09747038915253478,0.0568458964376412,12,mango
-0.15625,1.725,5.793103448275862,-0.7048635385716696,0.34338563453587084,-0.32922421564139337,0.3714596179226698,2.392857142857143,-0.40485827470262115,-0.7819596805001364,-0.35159605209952105,0.026580641825311828,0.32107143326035975,0,apple
-0.0625,-0.7,0.4482758620689655,-0.9563406454586864,0.1781668084270621,0.7020469467073013,0.29749978721004333,-0.5357142857142857,0.32904821377400906,-0.41209995139560873,-0.39876814096943813,-0.2696874678874533,0.2622055336871763,19,pomegranate
0.46875,0.225,-0.2413793103448276,-0.10350236795542377,-0.46296486504598827,-0.6981131883322762,0.24464069009102277,0.07142857142857142,0.13606533253735315,0.7912319558458396,0.6036386083439129,-0.33735063735972354,0.21872733136199068,11,maize
-0.234375,-0.225,-0.3448275862068966,0.004132254842738257,-0.7934560925720212,1.4922862307203864,-0.7842876030669189,-0.7142857142857143,-0.2235874827790767,-0.24725997442887904,0.34312005602107887,-0.6072310989525807,-1.028721790221608,13,mothbeans
0.84375,-1.1,0.6896551724137931,-0.07638612574430802,0.09827309251238485,-0.027078530403250315,-0.6499445212838564,0.047619047619047616,7.345008875168709,0.21635251877762796,-0.5963012405584729,0.21521330060211646,-0.7971566070920005,21,watermelon
0.671875,-0.15,0.3448275862068966,-0.4119069793039635,-0.18661646968865364,0.972446511977628,0.9676604595094621,0.25,0.53712395207176,0.3120185800682443,-0.1014155448127631,-0.24554691365713835,0.7284756076886297,8,jute
-0.046875,-0.875,-0.2413793103448276,0.7893774111436352,-0.9955903224728906,-0.3322199315337384,-0.045332835455513455,-0.8452380952380952,0.7477639333936599,-0.02472598672079681,-0.33036862609752915,-0.5074319670412383,-0.04413535693187136,12,mango
-0.078125,0.15,-0.4827586206896552,-1.7301972916648727,-1.9111779872755452,-0.7543047970379321,0.21362513078344836,-0.4642857142857143,-0.200781341743601,0.23352331134045737,1.0104977941753164,-2.0071006150739508,0.19263927530061356,9,kidneybeans
-0.078125,2.25,5.931034482758621,-2.375617376266567,0.07926563201875858,-0.9170188485574527,-0.4664066360996781,2.738095238095238,-0.40367510496687337,-0.7684452250865219,-0.30320998040399744,-1.5398026123724415,-0.5278798965564564,7,grapes
-0.015625,1.85,5.655172413793103,2.0711476110901352,0.003949956969271773,-0.28306521706960336,-0.4731315667640019,2.511904761904762,-0.36663974648165853,-0.7518721764744072,-0.33155995004461275,1.4126413972241623,-0.5369668225926124,7,grapes
-0.171875,-0.825,0.3448275862068966,-1.004185649635803,0.30650010594154775,0.490771270236615,0.22791482764400506,-0.7142857142857143,0.334909490948132,-0.48274566257206464,-0.44257079018902823,-0.20326134163330345,0.20471306044970095,19,pomegranate
-0.015625,-1.0,-0.6551724137931034,-1.4177157016682682,0.4209159156417561,0.7790997181218191,0.303976418583786,-1.0238095238095237,1.4440249042903097,0.8463898887584842,-0.22096569738457184,-0.40293302454793756,0.2674502301450719,16,orange
-0.515625,-0.675,0.3793103448275862,-0.5399193355279931,0.2560672881561071,0.7870694140474438,0.25570586861499695,-0.8928571428571429,-0.44024580414945874,-0.8079076050502567,-0.3738108180887197,0.0629483583884827,0.22792978421640508,19,pomegranate
-0.140625,-0.6,0.0,0.5933009600820143,0.41930443634257475,-0.6833965852622276,1.6429406720005466,-0.7023809523809523,0.0877585384963038,-0.3245287108856761,-0.22224136421511784,0.986695996523647,1.0892673047628685,4,coconut
0.234375,0.5,-0.5517241379310345,0.3855711516679571,-0.403943533034416,0.6603865834335859,-0.3893340838667322,-0.08333333333333333,-0.09705088243065794,1.1435773858428562,1.68491113500281,-0.03175409266050798,-0.4273561712831258,2,blackgram
0.53125,-0.4,-0.27586206896551724,-0.562542773363258,-0.7074489899854046,-0.6200525756882664,-0.4540204752754503,-0.19047619047619047,0.689266231127594,0.9632836906876993,0.10390935756596911,-0.7738944101563628,-0.5112808757174098,11,maize
-0.359375,-0.7,-0.2413793103448276,0.11560909585446517,0.5521642960187834,-0.8396702384697943,0.6884457632077712,-1.0,-0.17209188944974044,-0.5192459519126976,-0.18177656607275428,0.7902024445097678,0.5508392522208072,4,coconut
1.296875,0.225,-0.5862068965517241,-0.5547445253576339,0.11170142882195368,0.8781459342590835,-0.4982204005765858,0.5833333333333334,0.6719335800888264,3.554992428287286,1.452736037593274,-0.0701821133902147,-0.5713433952948507,6,cotton
0.125,0.15,0.5172413793103449,-0.40741539539043187,0.34482919306506965,0.2305594843447303,1.1334058571307697,0.03571428571428571,-0.06242409820718841,-0.2735642134434403,-0.026409780014744803,0.22856984055525903,0.8250714315163696,17,papaya
-0.21875,-1.1,0.06896551724137931,0.10173810992680783,0.36959956331701327,-0.5938062741587782,0.6665851895812985,-0.9761904761904762,1.4519032845637083,-0.44724965843512104,-0.5607487516177375,0.5970602086900688,0.5360370909898415,4,coconut
-0.1875,2.3,5.793103448275862,-0.29719155831472477,0.4126853043863621,-0.41732583046063665,0.09902878709287713,2.642857142857143,-0.4352964962906907,-0.7881411802813877,-0.29056716816762057,0.36484930170185464,0.0922707524821051,0,apple
0.359375,-0.325,-0.5172413793103449,-1.230747046012787,-0.5488019255647301,0.04406502643196665,-0.3109644043864666,-0.36904761904761907,0.416504813324286,1.3162957601733702,0.5162314918824863,-0.9577118593628772,-0.33138908248224275,11,maize
0.875,-0.1,0.1724137931034483,-0.6908773385740179,0.05377182346081304,0.07057308197274217,2.972171142449853,0.36904761904761907,0.6590262703186764,0.6883183616245401,0.004106946332851635,-0.20285108401377475,1.621071445221712,20,rice
-0.234375,0.675,1.5172413793103448,-1.3297038696709447,-2.0681423643678234,2.2444896996442667,-0.31246197820410004,0.35714285714285715,-0.37024849721966,-0.6864717774442507,-0.12535625798511196,-2.0436639068938653,-0.3331685761125069,3,chickpea
-0.484375,2.225,5.931034482758621,-1.3614172189787048,0.0803256798802402,-0.12132748000455136,-0.4218377512576131,2.4404761904761907,-0.5153540193598202,-0.847317733063111,-0.3075879491139743,-0.5944358190234766,-0.4689613425682992,7,grapes
-0.265625,2.275,5.655172413793103,-2.375617376266567,-0.017700287990437782,-0.22942773112475873,-0.44170421362994344,2.5238095238095237,-0.4559102991333946,-0.8023333991733498,-0.28553106687085755,-1.3587472943905154,-0.4949491367836283,7,grapes
-0.078125,-1.0,-0.034482758620689655,-0.07800134001301763,0.429839049717966,-0.23113826157906595,0.6786776033612479,-0.8571428571428571,1.2234273573535055,-0.22731964494000584,-0.4816997088123585,0.5325785782493931,0.5442424512488805,4,coconut
-0.34375,1.85,5.758620689655173,-1.2294184427574215,0.00046904511430515607,-0.8836262098681428,-0.4236972133471212,2.2976190476190474,-0.4685558216162302,-0.8188157080915313,-0.3366621762058366,-0.5694020366553106,-0.4713754343524868,7,grapes
1.1875,-0.525,0.6206896551724138,0.090324081074513,0.11590647598560969,-0.1578117573919444,-0.862045427310889,0.5595238095238095,1.743670037108056,0.5316090020604692,-0.35159605687569445,0.33626285169746317,-1.1803823187153464,21,watermelon
0.953125,-0.55,-0.06896551724137931,0.021044074647183802,-0.6566023501609295,-0.21879695874562688,1.7733812704761305,0.13095238095238096,1.508682921654681,1.1538799437818321,-0.15701121931531595,-0.46566642252315793,1.1502643500964984,5,coffee
0.875,1.0,0.5172413793103449,0.4037621772088397,0.09318449835693988,-0.3384240481240943,0.38135510939240225,1.0119047619047619,0.0786231042547285,0.35773788160038683,0.35749068620375185,0.5077712545563217,0.32878129273954065,1,banana
-0.390625,-0.55,0.27586206896551724,-1.0116910629636982,0.309979678312838,0.1665900796390291,0.27962741000798635,-0.7738095238095238,-0.2903282091863603,-0.6799649378183907,-0.2852603163902274,-0.20564131604372404,0.24764039356994078,19,pomegranate
-0.0625,0.55,-0.3103448275862069,0.6443399574889309,-0.7119001060218495,-0.4567354101169218,0.1449453051739784,-0.20238095238095238,-0.26711700539833955,0.02150087650571299,1.0143433646655793,-0.24471838299070536,0.13326643171986796,18,pigeonpeas
1.125,-0.625,0.4482758620689655,0.47866419130152943,0.331417545443206,-0.21207318018609442,-1.2346675872217223,0.40476190476190477,2.001882295795797,0.6318866603470543,-0.3633890784298163,0.8122223523115267,-2.2295630112669977,15,muskmelon
-0.578125,2.3,5.931034482758621,-0.7443469386980902,0.32162604294651687,-0.9332746077633319,0.3252604794304243,2.4285714285714284,-0.5413530181409243,-0.8654099275470282,-0.2946443894237637,-0.017751377736224035,0.28456243418353677,0,apple
-0.265625,-1.1,-0.7931034482758621,0.6862953381657971,0.3714107946339468,0.7149573660382331,0.27777942888572554,-1.3095238095238095,1.191913332037017,0.5082565447475291,-0.25725192750034515,0.9969306611977867,0.24612657543606364,16,orange
-0.359375,0.45,-0.4482758620689655,-0.790937664734919,-0.5674643020810238,0.8280108461298482,-0.717708669633778,-0.5238095238095238,-0.4182659716761227,-0.40993101799211606,1.2572202014021883,-0.7626182722853371,-0.90965850560452,10,lentil
-0.578125,2.15,5.620689655172414,-0.5344296249378742,-0.011988080045152574,-0.10450626794117039,-0.4975454941933583,2.2142857142857144,-0.5413530181409243,-0.8654099275470282,-0.29716672422589374,-0.16380684499941853,-0.5704086398209722,7,grapes
0.0,-0.025,-0.3103448275862069,0.7167292685029374,0.2673431680959921,0.10144755281288223,-0.6563892290510718,-0.42857142857142855,-0.09243697829230331,0.1290052163908938,0.48365743785153303,0.8994567468612985,-0.8075130889452541,14,mungbean
-0.046875,-0.325,-0.034482758620689655,1.709184786078533,-1.1766328098447258,0.023127260341457984,0.04477111731050616,-0.5119047619047619,0.0014330863560281855,-0.18743900227706686,-0.019489380272098827,-0.40420928640706666,0.04239417113065495,12,mango
1.265625,-0.175,-0.3103448275862069,-0.5953346871759458,0.07696038666943948,0.2666646769600138,-0.4693057942512421,0.4642857142857143,1.085554001443472,2.305968099065804,0.34521763085656443,-0.12488051596442463,-0.531790824207742,6,cotton
-0.046875,0.725,-0.4482758620689655,1.035785537554542,-0.5884963467169575,0.09196539972001445,-0.3944641914127374,-0.15476190476190477,-0.2835296149428381,0.2407531385149013,1.56445941937701,0.07700737260208146,-0.43384935281229786,2,blackgram
1.125,-0.7,-0.2413793103448276,-0.0696122582240254,-0.4059516600379554,0.5901319650324232,1.6955325127845917,0.13095238095238096,2.3336086266690073,1.8297238827488318,-0.18177656607275428,-0.2656709993127636,1.11414865716624,5,coffee
0.1875,0.075,0.6206896551724138,0.018343501851061986,0.42540658750620824,0.33925251548999724,0.04218817999674445,0.08333333333333333,0.009119604110587418,-0.25962295807121066,-0.09686680602435276,0.5950788021430667,0.0399794882068248,17,papaya
0.640625,0.175,-0.5862068965517241,-0.08829658457940949,-0.4282899425674868,0.09956251114443065,-0.5396137246404883,0.05952380952380952,0.2744776250274537,2.348969760483539,1.3819779156588359,-0.29658348511884736,-0.6297736734196732,11,maize
-0.1875,2.025,5.724137931034483,-0.5546194106337967,0.34696739436676327,-0.7160444535941399,0.09052764778103854,2.488095238095238,-0.4264584528701261,-0.787360687888707,-0.31621698896846145,0.13102241895597577,0.08456082092293626,0,apple
0.015625,2.25,5.724137931034483,-2.160176325704148,-0.008728251990317073,-0.6911906795924636,-0.4067766961342721,2.738095238095238,-0.3778604962467388,-0.7467750832663798,-0.2920949004590471,-1.1315286894888092,-0.4495446743830073,7,grapes
-0.03125,2.1,5.758620689655173,-0.6490619366038379,0.0002390742774999316,-0.031520498669999536,-0.4298123405932371,2.6547619047619047,-0.3840751243215317,-0.7566900821508686,-0.3099945406671138,-0.2219586797136674,-0.4793410436333802,7,grapes
-0.09375,0.675,1.5172413793103448,-1.377620040323442,-2.198392496227791,2.1402811913533464,-0.09251399789861164,0.4642857142857143,-0.3002511932064156,-0.61326980694766,-0.12535625798511196,-2.1168268759679623,-0.09143868773891951,3,chickpea
0.953125,-0.725,0.5172413793103449,0.6161250824890696,0.3827628373464357,-0.09231009751592385,-1.1168109743223116,0.25,2.160967054667641,0.4234985165007856,-0.42160143641613856,0.9617887289110901,-1.8160402526305741,15,muskmelon
0.84375,-1.1,0.7241379310344828,-0.06610197108907562,0.29416155975249136,0.026377094501989332,-0.8679422161465192,0.05952380952380952,7.345008875168709,0.19594190696792904,-0.5963012405584729,0.41020173146348277,-1.1925093719783588,21,watermelon
-0.28125,-0.625,-0.10344827586206896,0.2449183891907856,0.5521642960187834,-0.7787703112832051,1.2160964397251508,-0.8571428571428571,-0.0980367707574591,-0.46041512623300024,-0.19422023349905634,0.9472042085887414,0.8711114741367826,4,coconut
0.75,-0.35,0.2413793103448276,-0.17176929530914356,0.07385784159562934,-0.06901237441061178,2.200244789570547,0.17857142857142858,0.8522869789005826,0.48183999696834107,-0.16653634755883115,0.13307982737604357,1.3346550488541298,20,rice
0.734375,-0.025,0.41379310344827586,-0.005675045767911226,0.029078692953273613,-0.5084345425388668,1.488514462359156,0.38095238095238093,0.4778077209748639,0.3146945552263574,-0.0669554183645269,0.19155164843403416,1.0138224599898629,20,rice
0.671875,-0.2,-0.5517241379310345,-0.339759082324431,-0.30117544293303283,0.2321027447821462,-0.47514321332231846,-0.08333333333333333,0.5872856704499845,2.2253397853604864,0.7562107807437242,-0.3086859227065081,-0.5396953550502304,11,maize
-0.3125,0.325,-0.5517241379310345,0.9463665749131098,-1.6253247685450205,0.7484278706558944,1.4556876154963054,-0.5833333333333334,-0.38021339164568174,-0.20862561355418133,1.4527360464380383,-1.1951351355961148,0.99730273096228,18,pigeonpeas
0.75,-0.75,0.6896551724137931,0.7124018246360679,0.32168454977611727,-0.36516858214699155,-1.2038670041647708,0.14285714285714285,1.9141078784645444,0.1450275223166617,-0.4556921447991251,0.958277458403588,-2.110446285697678,15,muskmelon
-0.171875,0.325,-0.3448275862068966,0.07487999029538318,-1.3448701967470411,-1.2977105075153108,0.24406295611188078,-0.40476190476190477,-0.2949041776187886,-0.1348690738619428,0.8738059817863387,-1.1253529695528215,0.21824535666225253,18,pigeonpeas
1.171875,-0.85,-0.13793103448275862,0.36598255288178194,-0.648952782019436,0.35451775249179884,1.7255445189564635,0.13095238095238096,3.455355607538972,1.607189909009332,-0.34780544808691694,-0.30102784236088104,1.1281712560491879,5,coffee
-0.265625,-0.575,-0.20689655172413793,0.1492863389278269,0.3687453109678514,-0.9057981204866375,1.2241555387628602,-0.8571428571428571,-0.10803638416966337,-0.3899099602848159,-0.09849969638841773,0.6285564201745935,0.8755266265013153,4,coconut
-0.046875,0.55,-0.5862068965517241,-0.7882214825031115,-0.5623988163748748,1.2286736236093514,-0.7057970340015113,-0.2857142857142857,-0.25880682319401876,0.5357299364662961,1.8150592523529459,-0.7572631042681754,-0.8892847923081538,10,lentil
-0.125,-1.075,-0.13793103448275862,0.234335805494324,0.3763727207511093,-0.33925626521271973,2.0264172188502747,-0.9642857142857143,1.6577287029166499,-0.22518318415297067,-0.5183830687443636,0.694271662504055,1.2621821116375413,4,coconut
-0.078125,0.225,1.7586206896551724,-1.0102165572520099,-2.056345305801214,2.385080232566771,-0.05101338004268811,0.34523809523809523,-0.21780992527965745,-0.6270870460941956,-0.2863792275529746,-1.98941086991205,-0.04975510199190832,3,chickpea
0.03125,-0.875,-0.1724137931034483,1.7370429185555836,-0.9287502748116516,-1.5336179998174502,-0.05465685968024763,-0.7619047619047619,0.9373399556781574,0.027473345583928242,-0.35552706919109367,-0.05734684500817633,-0.05337029065820726,12,mango
-0.53125,0.125,-0.5172413793103449,0.46468863047611275,-0.9099282897283512,2.3342911071220573,-0.7221633675811409,-0.8333333333333334,-0.508854270012745,-0.7563246431610083,1.0781342292983405,-0.5379440113710123,-0.9173468539454389,13,mothbeans
0.71875,-1.025,0.7241379310344828,-0.1020590239059358,0.15029483444197309,-0.24219513629753017,-0.7793651342945827,0.0,4.493785944917635,0.10263625118639436,-0.5698781978220594,0.24895486233580055,-1.0196004025885343,21,watermelon
1.1875,-1.125,0.6896551724137931,0.3891120075700601,0.3302720627550281,0.31718004169724906,-1.1781181011171056,0.2976190476190476,7.666096351493642,0.4778775058011711,-0.5963012405584729,0.7508141941811706,-2.017427062583163,15,muskmelon
0.21875,0.125,-0.4827586206896552,0.45233785518711045,-0.5496778405285456,0.2818474559297415,-0.40496316079314165,-0.25,0.011125700038124423,0.8860149219299017,0.9810152430417165,-0.1547357415703546,-0.44722291817439475,2,blackgram
1.109375,0.525,0.4827586206896552,-0.061694524530289604,0.14930095202580612,-0.3285828019483361,-0.06482038983164104,0.9523809523809523,0.3686119330590691,0.5858986924530982,0.16063123958730555,0.27351157744484716,-0.06349949262273502,1,banana
0.859375,-0.175,-0.5517241379310345,-1.1513156414124484,-0.4972298378721843,-0.35714481294467687,-0.00018069921857285585,0.07142857142857142,0.7270829632299609,2.6889522422966134,0.7893786505386916,-0.8824822289440968,-0.0001734584680235814,11,maize
1.4098437500000038,0.025,-0.4827586206896552,-0.2694625400026624,-0.13295764109945782,1.6019605434985953,-0.31574449215960804,0.6904761904761905,1.0219200948005545,3.554992428287286,0.8630850385073174,-0.11685716070328724,-0.3370761551422491,6,cotton
0.109375,0.1,-0.2413793103448276,0.7131123088006172,-0.4923350478211708,1.0146803983647716,-0.3998833747886389,-0.2619047619047619,-0.05603837958434919,0.22253399587515374,0.49750142261193087,0.03485493012759513,-0.44073795355826517,2,blackgram
0.359375,-0.125,-0.3448275862068966,-0.1083522477074452,-0.5024118667354786,0.19873502396875187,-0.11589967923739335,-0.21428571428571427,0.24992084625607475,0.8204535809570151,0.43960840616021707,-0.37737140289327,-0.115428540202978,11,maize
-0.5625,0.625,-0.4482758620689655,-0.23111181212186058,-1.139397578746816,0.24395414670067278,1.3984550615183828,-0.5952380952380952,-0.5333708694403526,-0.8328757197216773,1.4527360673861658,-1.0273471358238386,0.9680751993969579,18,pigeonpeas
-0.125,2.275,5.896551724137931,0.7200789400228937,0.10677730778051568,-0.5536779375262295,-0.4791244070748667,2.7142857142857144,-0.4174610755800062,-0.7771027878083424,-0.29878887899758305,0.7191740252822472,-0.5451094530433255,7,grapes
1.140625,-0.65,0.7586206896551724,0.5881104794615218,0.3446921093632649,-0.005684210207713953,-1.208133290875965,0.5119047619047619,2.127877435682484,0.39378445531504214,-0.4243196852269874,0.9004834748905144,-2.126409658410053,15,muskmelon
-0.1875,-0.85,0.27586206896551724,-1.1452483487633478,0.24255637200477326,0.18092360943714994,0.2795968630877236,-0.7619047619047619,0.35076944294833823,-0.4790661989456999,-0.4444660973762871,-0.3436167877750729,0.24761538228509,19,pomegranate
0.234375,0.35,-0.41379310344827586,1.2652582965194092,-0.48415504885552824,0.3923152895599065,-0.43924750530312257,-0.10714285714285714,-0.05603837822682573,0.7417799432547514,1.0547216304575446,0.3157561124965887,-0.491711858220407,2,blackgram
0.0,0.275,-0.3448275862068966,-0.2597429063792615,-0.636732266218271,0.9900217452174851,-0.7620476270363683,-0.2976190476190476,-0.1793239523454723,0.1742059026971317,0.8255618067167695,-0.5748144623313988,-0.9879289656763126,10,lentil
0.25,0.35,1.5172413793103448,-0.9235428495030307,-2.1580609740111223,2.345224848693788,-0.2953000386957155,0.5714285714285714,-0.04670540438232384,-0.4343316568448825,-0.21613148506090527,-2.055545359696507,-0.31289675759663077,3,chickpea
-0.40625,2.025,5.689655172413793,-1.6518105126620404,0.02346936139298891,-0.714446295945333,-0.3450281713382718,2.3095238095238093,-0.4907994094217731,-0.8308939389233804,-0.31442109744726593,-0.8083289151003211,-0.37237702321403154,7,grapes
-0.171875,0.3,-0.5172413793103449,0.7558355423054822,-0.49848548164993,0.5316869728059357,-0.843762594350937,-0.47619047619047616,-0.2909922913233879,0.07999587046514435,1.2966519605156168,0.048755850526842476,-1.1433720936157845,10,lentil
-0.3125,2.075,5.931034482758621,2.344200335169378,-0.012061717318884472,0.06981648548793037,-0.35379029059652356,2.488095238095238,-0.46439080784336506,-0.8138974293648842,-0.3214197923206721,1.5524675742991745,-0.38309703107922394,7,grapes
-0.25,0.525,-0.5172413793103449,1.0405814395867161,-0.4706731994999751,1.1775397196149335,-0.5599808301180119,-0.42857142857142855,-0.3644153887409256,-0.10181293684488876,1.5776033292235436,0.22150798862927204,-0.6593489329738393,2,blackgram
0.859375,0.225,-0.3103448275862069,-1.187729662019255,-0.3037682417723315,-0.7274098078247107,-0.4207231528259425,0.34523809523809523,0.38883337383521793,1.6071898898121293,0.7143904495098139,-0.761963139948982,-0.46751608016240437,11,maize
-0.09375,2.3,5.862068965517241,-2.375617376266567,0.0004459464250665831,-0.5747836100309529,-0.44940356801553305,2.738095238095238,-0.4107561955340029,-0.7705453269389713,-0.29169684615538033,-1.338472683944834,-0.5051386278342194,7,grapes
0.328125,0.475,1.793103448275862,-0.8432865805351593,-2.1517261673219177,-0.20539810088139873,-0.3406053771804713,0.7857142857142857,-0.03870571196324831,-0.4385920884553273,-0.2277693341318237,-2.040734832294012,-0.3669938584281946,3,chickpea
-0.15625,0.225,-0.5172413793103449,0.1558564967246899,-0.5686188626318165,0.6100782855790969,-0.5140688718020362,-0.5,-0.26836353353923037,0.11635763192715097,1.2030015042796411,-0.3154573973057049,-0.5934566327583094,2,blackgram
0.453125,0.05,-0.4482758620689655,-0.4204310140606312,-0.6874574815109157,-0.4077937995993664,-0.49585189756179293,-0.09523809523809523,0.21408957909392112,1.281847788926129,0.8103267934388123,-0.6933132062617039,-0.5680654508829883,11,maize
-0.5,-0.65,-0.8417241379310345,0.9019188021469535,0.4533713914121704,-0.4305934398312511,0.20391553938470688,-1.3095238095238095,-0.4200243611489512,-0.35028502905461606,1.5411834688922277,1.2402042397760105,0.18438161057580957,16,orange
0.5625,0.15,0.3103448275862069,-0.7059465549902846,0.14813200717040662,-0.6218129675142661,2.972171142449853,0.2976190476190476,0.23557611864046954,0.23519854874932195,0.06777526750637018,-0.13454234357661649,1.621071445221712,20,rice
-0.4375,0.225,-0.3793103448275862,0.767206771763263,-0.4452299402962408,1.117336052093072,-0.9214283386427462,-0.6666666666666666,-0.450356523273693,-0.6004885196412443,0.8462378784646685,0.1153943272506219,-1.3070468968985849,10,lentil
0.90625,-0.325,-0.3448275862068966,-0.9828295024268608,-0.6494584690799216,-0.7182379307085387,0.1015638393355995,0.10714285714285714,0.9752552150123255,1.8038739609177068,0.24663170588194072,-0.91582214683129,0.09456249563605164,11,maize
-0.484375,0.65,-0.2413793103448276,-0.8506887989198487,-1.890731040215786,-0.654569770466456,-0.42571286140802267,-0.4523809523809524,-0.494082111542448,-0.717053937989458,0.9645050398326518,-1.835599516275763,-0.4739965327208205,9,kidneybeans
1.390625,-0.025,-0.4482758620689655,-0.14286420206023365,0.04016989141298195,0.2021357918985941,-0.27417904352552863,0.5833333333333334,0.9873880905327581,3.233900258447181,0.7265342794456793,0.11899854454889346,-0.28830537434423614,6,cotton
-0.40625,-0.925,-0.8417241379310345,-2.375617376266567,0.4829880768778454,0.527643173032675,0.35223071525360955,-1.3571428571428572,-0.06470473779568951,0.4945197591419581,0.8159127420606285,-1.075793028121245,0.3059795962052083,16,orange
0.296875,0.35,0.4482758620689655,2.1987438694094115,0.4520413335947812,0.32775109315773304,2.088713525722238,0.23809523809523808,-0.01870648284881816,-0.0961566346840133,0.09653873458526673,2.1448259611411458,1.2885444411822973,17,papaya
-0.296875,-0.7,-0.8275862068965517,-0.6982065025806767,0.43405917919857673,-0.018374267998101303,0.11364141918554213,-1.1547619047619047,-0.06658870982368792,0.5254273563340287,0.8557142947710128,0.10571194795446189,0.10543481830119959,16,orange
-0.46875,0.55,-0.2413793103448276,0.3472771180758301,-0.5859456706006411,0.8778173636527008,-0.8394966472381632,-0.4880952380952381,-0.48318174271067904,-0.692327939729863,0.879595291247066,-0.2431292427280564,-1.1348615877712942,10,lentil
-0.15625,2.3,5.931034482758621,-2.375617376266567,0.0589316508869999,-0.6468860208735967,-0.4868691399394639,2.738095238095238,-0.4283918509952005,-0.7839950523694001,-0.2946443894237637,-1.4785407868643978,-0.5556958932429799,7,grapes
-0.078125,0.425,-0.4482758620689655,-0.15434425723055686,-2.098717505598851,-0.939985988360175,0.9310846950673523,-0.32142857142857145,-0.2558738179976904,0.17568472286419962,1.2292893634044775,-1.9056488221844334,0.7063275591455752,9,kidneybeans
0.90625,0.15,0.3103448275862069,-0.39342568656361204,-0.23184690788241946,0.0032110636262679105,1.5242959526741973,0.5595238095238095,0.4697191461636293,0.5668887744824685,0.06777526750637018,-0.2755183818563743,1.0316316663543497,8,jute
0.71875,-0.7,0.7931034482758621,0.23903837683129878,0.1127486109090671,0.03258175423337931,-0.8604395083858258,0.17857142857142858,1.6478379590996657,0.06743457259975498,-0.448084409067403,0.42588269309041515,-1.1770959605521782,21,watermelon
-0.171875,-0.475,0.0,0.9354669085183802,-1.0302811487958978,0.38809830773084336,-0.07845630112883664,-0.6666666666666666,-0.048455344798179,-0.3631630835043442,-0.13932168713645968,-0.4931516007920987,-0.07719368523297604,12,mango
-0.390625,0.675,-0.3103448275862069,-1.6388568636595466,-2.0804916001751037,-0.44409782282477794,-0.11358635766309409,-0.39285714285714285,-0.44802327945659837,-0.5428969078914859,1.1297098704947195,-2.0951511121654214,-0.11303891367959155,9,kidneybeans
-0.03125,2.075,5.931034482758621,-2.375617376266567,0.06761591968554963,-0.6049763773860701,-0.48719902770821144,2.7023809523809526,-0.3829014087047729,-0.7593547842308496,-0.3214197923206721,-1.424102444651293,-0.5561484259507758,7,grapes
-0.15625,-0.525,-0.034482758620689655,0.6010079663939948,0.34319543828696963,-0.731044495325049,0.9157686301547671,-0.6904761904761905,0.00462594196281432,-0.327021251597353,-0.15644058872847202,0.9075283689054531,0.6969586852453789,4,coconut
-0.09375,0.625,1.7241379310344827,-0.8137242093845418,-2.10991400262045,1.1967573324316891,-0.2636752354181043,0.5119047619047619,-0.293906408423202,-0.6317190838396958,-0.17815235581080902,-2.003732811811157,-0.2762187806454196,3,chickpea
0.46875,0.1,0.41379310344827586,0.13268397219854264,-0.1816016770451408,0.8407102510699888,1.4819699367076915,0.23809523809523808,0.19764881784295144,0.07586388609364839,-0.006650198156992472,0.06320265267969105,1.0105429610949987,8,jute
-0.1875,0.0,-0.4827586206896552,0.3916817273891101,-0.8656502143319781,2.385080232566771,-0.7535219026620233,-0.6190476190476191,-0.24397885278277212,-0.006868334666180142,0.8336024873737174,-0.5198801059996015,-0.9725700388928968,13,mothbeans
-0.375,-1.1,0.3793103448275862,-1.2683708516271774,0.35609061735096637,0.5964343327614011,0.2521977203876765,-0.9880952380952381,0.5852701094747376,-0.6785273794325208,-0.5836168864207857,-0.34479761855969865,0.22501808563956646,19,pomegranate
-0.484375,1.825,5.793103448275862,-0.4397433757631752,0.44770822707989855,-0.4715544741810018,0.2508906119955599,2.1904761904761907,-0.5119993098667318,-0.8468654282032745,-0.3409823331548427,0.297307080397355,0.22393181593884057,0,apple
0.5,-0.35,0.3448275862068966,-0.42657351770015645,0.09517050873490054,0.6578932904189667,2.6470458219712545,0.023809523809523808,0.5899547441633577,0.15012216027114428,-0.20249858047980468,-0.004857213841444261,1.5067933960677142,20,rice
0.65625,0.2,-0.5172413793103449,-0.890843637084658,-0.5655388255955237,0.2180023239421515,0.23260169234790862,0.10714285714285714,0.27093207705461925,2.0071692279514965,1.171784685534316,-0.8084230463158576,0.20865282869900775,11,maize
1.078125,-0.05,-0.27586206896551724,-0.4298968625996857,-0.1370421121831307,0.5656024277815962,-0.06986506406948269,0.39285714285714285,0.7709773791158693,1.8647523757329874,0.41347614876830546,-0.2118325918868207,-0.06855170325633703,6,cotton
-0.46875,0.3,-0.27586206896551724,-0.44451056052501,-1.9017568856707816,-0.587063470291146,0.2194936506335576,-0.6190476190476191,-0.4739482070746645,-0.6851161905379705,0.7230429399706416,-1.7717102943884424,0.19760909438681884,9,kidneybeans
0.046875,-0.05,0.5172413793103449,2.7273391255102584,0.357869410613831,0.0717802590360048,2.567546373749033,-0.11904761904761904,-0.04613400030817196,-0.3393248483438389,-0.11673930147792048,2.302668739333591,1.477523658805369,17,papaya
0.578125,-0.125,0.4482758620689655,0.041380230874467315,0.2633318304651815,-0.41652627561923256,1.6032057902882297,0.2261904761904762,0.43455141461537455,0.1511033523076701,-0.12752866149900458,0.45114253519785424,1.0702013731915274,8,jute
-0.078125,-0.925,0.1724137931034483,-0.4833902322675926,0.2673365952024739,0.40354212028139413,0.16788122355036164,-0.75,0.8452601610452133,-0.3307937420256284,-0.46920753672033705,0.10981312603275144,0.1533470703703169,19,pomegranate
-0.25,-0.75,-0.06896551724137931,0.37784706755156344,-0.980259382202982,-1.053047260988434,0.10161712325933293,-0.8809523809523809,0.06529026219689743,-0.43270495511941526,-0.2985274679014003,-0.6471096508416916,0.09461062930457896,12,mango
-0.4375,2.2,5.758620689655173,-0.3928964809265332,0.47114019298300086,-0.5780420729603614,0.17925508602908943,2.392857142857143,-0.5020739552362387,-0.83745339587373,-0.2993274864516247,0.3508665960754472,0.1632097732373433,0,apple
0.265625,0.35,0.5172413793103449,0.41762763118300156,0.37066744715800254,0.2975575172398321,0.9339073914065793,0.23809523809523808,-0.037372430537821945,-0.15519507062272264,0.06391974144843088,0.8131838626884487,0.7080480744412558,17,papaya
1.25,-0.65,0.7241379310344828,0.6240879143458361,0.3898337791660594,-0.017985451778337408,-1.1899047829926097,0.5833333333333334,2.2977375554712465,0.49918528825791686,-0.41968406389534096,0.9751173820517118,-2.059318677993466,15,muskmelon
-0.078125,0.7,-0.3448275862068966,0.3611631049416248,-0.5748544041570877,-0.5277935400906796,-0.6841836168872941,-0.15476190476190477,-0.2956240858688968,0.03371727698846151,1.2356372948081067,-0.2248846584122974,-0.8529843349955727,10,lentil
1.25,-0.8,0.7931034482758621,0.569398366785039,0.3783215941124153,-0.317411858389634,-1.1790071921394154,0.5357142857142857,3.194292426266939,0.4495636449490395,-0.4866797501756584,0.9249528470299123,-2.0205480218782306,15,muskmelon
0.859375,0.75,0.6896551724137931,0.3250105510506081,0.03106933498308269,0.006824779733935742,-0.007817407942825759,0.9404761904761905,0.14767394185571722,0.22824001818778902,0.1566377856030078,0.39381216455342294,-0.007522193043316382,1,banana
-0.015625,2.3,5.655172413793103,-0.3236617078839116,0.4699287548590095,0.06707983454635884,0.3487203888538768,2.738095238095238,-0.3896921918877252,-0.7518721764744072,-0.28011590414453336,0.39844069768486895,0.30320865206776687,0,apple
-0.390625,-0.55,-0.6551724137931034,-0.5309160092693263,0.369720930634716,1.16803693536114,0.393533876021574,-1.0952380952380953,-0.2903282091863603,-0.2948099887785241,0.513830176705919,0.16660637880817655,0.3382180120365348,16,orange
-0.40625,2.3,5.689655172413793,-0.43930856525860207,0.43005256711809325,-0.5695388209030372,0.4644738485289817,2.4404761904761907,-0.4946881485268216,-0.8308939389233804,-0.2847888871978821,0.28206704135460975,0.3920773394513684,0,apple
-0.328125,0.125,-0.5172413793103449,1.4356979796114413,-1.3633688173452365,1.0391079747212337,1.3862395081655525,-0.6785714285714286,-0.36802636145730117,-0.28362174415492203,1.0781342292983405,-0.738657421898962,0.9617652766064131,18,pigeonpeas
-0.109375,-0.25,-0.5862068965517241,-0.11902783271296886,-1.2240952906048894,-0.5599280386910507,-0.7230901357355364,-0.7142857142857143,-0.09746768075354449,0.37088995246472856,0.7805338792161112,-1.0689945583306153,-0.918951141452847,13,mothbeans
0.515625,-0.225,0.3793103448275862,-0.4074862758199568,-0.13041698654229594,0.07877104470293725,1.0560400168618829,0.10714285714285714,0.46971913982859076,0.14088071614647332,-0.1516632163253557,-0.19321034082796082,0.7807274800844296,8,jute
0.328125,0.25,-0.5862068965517241,0.9414248692404537,-0.548874667942207,0.9954996760969478,-0.5417527012976315,-0.14285714285714285,0.03545536478163707,1.5247698404757015,1.4881150985604932,0.07973246507950567,-0.6328534334138395,2,blackgram
0.78125,-0.575,-0.06896551724137931,0.014368938021140256,-0.3998171044756222,0.10780737871446489,1.2544951566318718,-0.011904761904761904,1.343574339634061,0.9272249582245111,-0.1747007503885765,-0.21689154094082613,0.8920367122792123,5,coffee
-0.21875,0.475,-0.5862068965517241,1.5744951106118985,-0.5865913421191646,0.996249506889108,-0.5818847072009242,-0.4523809523809524,-0.3420273622428804,0.08241998046198536,1.806526647265465,0.33212033439982075,-0.6917954473934464,2,blackgram
-0.03125,0.025,-0.4482758620689655,0.27519567214908136,0.31479923784496133,0.2737189609377623,-0.9707900476384131,-0.47619047619047616,-0.13303541401441865,0.2732873463402522,0.7823959554411013,0.6582129260576479,-1.4207920658971638,14,mungbean
-0.21875,-0.675,0.0,0.4512857126512284,-1.1568506646881986,-0.8207145098132159,-0.02489973508016142,-0.7976190476190477,0.04001346231000278,-0.4211146424323462,-0.27199317046231264,-0.8092452367959022,-0.024087006332542377,12,mango
-0.390625,-0.35,-0.06896551724137931,0.9672053293120235,-1.1150143273546747,-1.8884115188160668,-0.07598738013143852,-0.7976190476190477,-0.3446038420880057,-0.618149943302678,-0.015494970729231599,-0.582295730665276,-0.07470526633026255,12,mango
1.046875,-0.65,0.6551724137931034,0.5972219674596221,0.4490467428280098,0.03946037922725509,-1.206146224129506,0.40476190476190477,1.9822830472921167,0.39513118590218416,-0.40986745402725366,1.0224030009908125,-2.1189541886718675,15,muskmelon
0.75,-0.4,0.0,0.12666227005806754,-0.883660201045037,0.4330101130675099,0.649377564854386,0.07142857142857142,0.9319235478847666,0.7765509087463621,-0.08956988088926483,-0.6460206396908327,0.5242857323766992,5,coffee
-0.5,0.575,-0.3793103448275862,-1.6077447151304232,-1.9918722365225436,-0.8605952930105256,-0.47089903082671575,-0.5476190476190477,-0.5003636059093219,-0.7182313675993706,1.2000284948757278,-2.035679197292964,-0.5339442698725552,9,kidneybeans
-0.375,0.15,-0.2413793103448276,0.4822489855807365,0.19064061991834927,0.442309604756343,-0.7503215263009305,-0.6071428571428571,-0.40299577460451175,-0.5439719501722926,0.5399562969047235,0.6620329489625715,-0.9668435065555854,14,mungbean
-0.421875,0.675,-0.4827586206896552,-1.2095816411151228,-0.6002753461492455,-0.13783557331156232,-0.8586397217841378,-0.47619047619047616,-0.463578235903986,-0.521993290394689,1.6296313679809122,-0.9841577892180493,-1.1734210945608659,10,lentil
-0.4375,-0.4,-0.41379310344827586,0.32875844347611743,0.014731784173097087,0.494290825160126,-0.9187082506535916,-0.9761904761904762,-0.3853590287970276,-0.5872424499082587,0.2586927454279679,0.3789270299340536,-1.301014101568844,14,mungbean
0.578125,0.075,0.20689655172413793,0.02372955809099463,0.09853917858884892,0.7058736202159506,2.076653579583792,0.23809523809523808,0.28997298281033834,0.3383557936689977,0.08412502534392076,0.2776077347055338,1.2834756734345418,20,rice
-0.53125,0.425,-0.5517241379310345,-1.2481222219646315,-1.5429154235322813,-1.5029529826062245,0.21510041407214228,-0.7023809523809523,-0.5145893431274962,-0.7495068133129964,1.585407525617908,-1.6635478461267377,0.1938901281405943,18,pigeonpeas
-0.171875,-0.9,-0.8417241379310345,-1.438604389271985,0.4794426641721028,0.4924708815065554,0.22413278016397872,-1.1785714285714286,0.5101619810824439,1.8132395446135152,0.6567070331593878,-0.3787826474373654,0.20152659619183272,16,orange
0.03125,-1.05,-0.5862068965517241,-0.028427549227049487,0.37927952182503205,1.5992576246896024,0.3723392794570684,-0.9880952380952381,2.0874343630825094,0.7417799164682555,-0.3515960717348998,0.517875508791461,0.321758350644049,16,orange
-0.375,0.525,-0.3793103448275862,-0.20759801235246614,-2.0029809149076767,-0.6254147416927545,-0.5842962328471287,-0.47619047619047616,-0.43182019994092513,-0.48274567168311816,1.1494869782455763,-1.8236646580734237,-0.6954093416277932,9,kidneybeans
0.71875,-0.325,0.10344827586206896,0.03286434235705811,-0.9307611265538455,0.7764641313795073,0.7106998255436755,0.11904761904761904,0.7836836487192832,0.6004885574535174,-0.09383431988141737,-0.7302631389318965,0.56576469559234,5,coffee
-0.5625,-0.525,-0.7586206896551724,-2.3610742530310875,0.36362323914399697,0.8812494216300567,0.14912831930371723,-1.25,-0.5211315751741192,-0.80359493560694,0.9220500700164015,-1.0817518367870749,0.13694806493684258,16,orange
-0.015625,0.4,-0.41379310344827586,-0.8889736825118042,-0.6753633840251968,0.5047775995784708,-0.7021892143999828,-0.27380952380952384,-0.21539542401907505,0.24725998300805002,1.1077902227928498,-0.89331169567913,-0.8831661933887186,10,lentil
0.65625,-0.15,-0.41379310344827586,-0.29700112978708293,-0.7167564424581822,-0.7340282621146504,-0.08147586783835377,-0.023809523809523808,0.5236429899441014,1.57628237617106,0.5240357071044934,-0.6648536022416561,-0.08024251440147344,11,maize
-0.234375,-0.625,0.20689655172413793,-0.4504151190861705,0.1543704332973339,0.5703572094159836,0.2620450024317681,-0.7142857142857143,-0.02803946853901726,-0.5075336320503718,-0.30690671691434196,0.0323351317307877,0.23317738051562087,19,pomegranate
-0.359375,-0.825,0.10344827586206896,0.9661219817736603,-1.1281864638523516,-1.68100186798986,-0.055994269228382895,-0.9404761904761905,-0.06951935940066328,-0.6181499421252494,-0.39708342543849856,-0.5983641383905169,-0.05469942422239198,12,mango
1.0625,0.125,-0.5862068965517241,0.0778637380873545,0.048353370007200525,0.8616866785541551,-0.34943699182560645,0.35714285714285715,0.5961031663453525,3.461639652494121,1.3112197937243977,0.2612908553967394,-0.37776176623330965,6,cotton
-0.46875,0.125,-0.3103448275862069,0.14223112710517363,-1.3641526471814898,-0.9082326374430476,-0.6651093597169925,-0.7142857142857143,-0.4655226058418392,-0.677277332747962,0.6220972448465016,-1.124482038951596,-0.8216366804282682,13,mothbeans
0.03125,-0.35,-0.5862068965517241,0.6030642789752779,0.10927202174966351,0.39994592815802105,-0.5915884221072983,-0.6547619047619048,0.09808180403106118,0.7417799164682555,0.6390176353472348,0.6491043040701141,-0.7063886694821457,14,mungbean
0.328125,-0.125,0.4482758620689655,2.7273391255102584,0.3448988280423497,0.14837363356581884,-0.10681662456675925,0.03571428571428571,0.22354505077617487,-0.0686833027960485,-0.12752866149900458,2.302668739333591,-0.10606687585557058,17,papaya
0.703125,-0.275,0.27586206896551724,-0.2926301636098086,0.14375147990439238,-0.16396585786665283,2.972171142449853,0.19047619047619047,0.7022657346810808,0.4017975022653285,-0.13932168381967266,0.12252122159767533,1.621071445221712,20,rice
0.1875,0.625,-0.4827586206896552,0.2661088291684962,-0.43215409382789893,0.9860102869307984,-0.5810127443034355,-0.03571428571428571,-0.15022773181291155,0.8173315944994342,1.5706662657137123,-0.12187067105721427,-0.690490792232495,2,blackgram
0.578125,0.1,-0.4482758620689655,-1.294715990489202,-0.5939718928015751,-0.14614547023525312,-0.1784615615591819,0.023809523809523808,0.27485796488604297,1.542121451528936,0.8661884694342344,-1.019495691635513,-0.18148516090398578,11,maize
-0.09375,1.75,5.827586206896552,-0.4092612735702605,0.3298780391597722,-0.7172970167519378,0.26998968983006494,2.4642857142857144,-0.3859320063180111,-0.7700733637542145,-0.3505399606542927,0.21406195921770982,0.23972919709578283,0,apple
1.234375,-0.65,0.6206896551724138,0.6487646084057523,0.41669906957892133,-0.35108616694466455,-1.119002811802513,0.5357142857142857,2.273471824072852,0.5686980001916417,-0.40466465080305736,1.0221313457973862,-1.8228087234545218,15,muskmelon
1.078125,0.475,0.7931034482758621,0.06060575772316204,-0.06792739911373193,-0.708053215465363,0.3646557474784831,1.0119047619047619,0.37727826556310434,0.32593365095368276,0.005410848954598334,0.13555760664500197,0.3157481095048956,1,banana
-0.40625,0.525,-0.3448275862068966,0.6689486766517758,-1.2021487754146922,0.4214638662280453,1.3148491553210617,-0.4880952380952381,-0.448671402740925,-0.5563349509879536,1.066782682064615,-0.7854912520493278,0.9243683992514073,18,pigeonpeas
-0.078125,0.375,-0.5172413793103449,1.6344417926784875,-0.5140716851028179,0.7490017534721573,-0.41719029013302666,-0.36904761904761907,-0.24722293327593917,0.2981664392371842,1.3903024167515923,0.4573237697317332,-0.4629439797871793,2,blackgram
1.125,-0.975,0.5517241379310345,0.6828802574934175,0.389830990818758,0.28414087201914395,-1.2346675872217223,0.27380952380952384,4.968989914796339,0.5383056255532791,-0.537336135732024,1.0153887069910077,-2.2295630112669977,15,muskmelon
-0.484375,0.275,-0.3448275862068966,-0.864747590421328,-2.1017805214323952,-0.6224464267531657,0.4349293025469196,-0.6666666666666666,-0.48264560206598617,-0.6968235766966239,0.8255618067167695,-2.0041094145317038,0.36987233296113886,9,kidneybeans
0.96875,-0.3,-0.4827586206896552,-1.0951849289515032,-0.4118250031577741,-0.3266292169062195,-0.11723579966653719,0.11904761904761904,0.9985876504076255,2.5344147802611303,0.4798118737705202,-0.7922204111479039,-0.11681040515176579,11,maize
0.90625,-0.625,0.4482758620689655,0.7624856646548144,0.4716676601153773,-0.321731743923911,-1.1282457214624872,0.23809523809523808,1.6752282187764016,0.43957333713130065,-0.3633890784298163,1.1636966476869728,-1.851679270663759,15,muskmelon
-0.015625,-0.175,-0.3793103448275862,-0.06819439479267465,-0.9830877228522762,-1.8884115188160668,-0.953344620684314,-0.5357142857142857,-0.045008503691447536,0.19427570407610728,0.44190574542345773,-0.8203622035372123,-1.379636260555168,13,mothbeans
0.78125,-0.65,0.4827586206896552,0.33085306019794614,0.31920905807083483,-0.05307089812754374,-1.2346675872217223,0.14285714285714285,1.569765613519408,0.30369979411974024,-0.38159134959710184,0.7000497976635941,-2.2295630112669977,15,muskmelon
-0.546875,-0.675,0.20689655172413793,-0.16622541110110609,0.3733403649585024,-0.521151106636497,0.29125687068738615,-0.9761904761904762,-0.49079941114519154,-0.832875718865514,-0.334837555647075,0.41821430091602774,0.2571333211241463,19,pomegranate
1.15625,-0.275,-0.2413793103448276,-0.17924903385444016,0.13149146414313193,-0.25007219798265795,-0.0648563201914021,0.35714285714285715,1.1420821228742288,1.8791758792680215,0.17908986541598468,0.18252838350588665,-0.06353541876135885,6,cotton
1.4098437500000038,-0.25,-0.3448275862068966,-0.21274981263877224,0.016229025034785433,1.4135892371486334,-0.07377359019633621,0.5833333333333334,1.4117424663635472,2.8434897911618675,0.3189979684862943,0.05424873914256001,-0.07247736983062043,6,cotton
0.03125,1.95,5.896551724137931,1.5378119156536885,0.08890422706891463,-0.5815512856587531,-0.4021412247817489,2.6785714285714284,-0.3579492284014322,-0.7466520499674163,-0.33277369335497564,1.204662800090326,-0.4436170398344439,7,grapes
-0.359375,-0.35,-0.5862068965517241,0.4236428496174055,0.1155572567731184,0.15358978276454482,-0.7763485379279578,-0.9523809523809523,-0.3118123127458526,-0.28846998354154174,0.6390176353472348,0.5440489228617386,-1.014036907833449,14,mungbean
-0.171875,-1.0,-0.7241379310344828,-2.0483420608603895,0.3504726020324354,1.2070752330299008,0.19515349363553947,-1.1666666666666667,0.8925310369483002,0.595671713410344,-0.13932171879669716,-0.876234504966794,0.17689202301603185,16,orange
1.25,-0.65,0.7586206896551724,0.5485326980714854,0.40276628876508114,-0.2877533091834008,-1.1121329339266908,0.5952380952380952,2.2977375554712465,0.47391500695171945,-0.4243196852269874,0.9375677785697631,-1.8016919613030296,15,muskmelon
0.984375,-0.075,-0.5517241379310345,0.03472473606387426,-0.44830348184636354,-0.9034333325910168,-0.34311559199078856,0.21428571428571427,0.7224871830823987,2.9980272135873647,0.9220501297185609,-0.2542625421094799,-0.3700468600343654,11,maize
-0.546875,0.125,-0.3103448275862069,0.1967085395918807,-0.698419179159954,1.146348669287724,-0.9799072025636051,-0.7738095238095238,-0.5196871860554714,-0.8116577576044379,0.6220972448465016,-0.4286350971930507,-1.4427412342755397,13,mothbeans
-0.109375,0.325,-0.41379310344827586,1.4468092332591065,-0.6384960926020956,0.14557613648134526,-0.453089749825546,-0.38095238095238093,-0.2569889713846139,0.06181499791553693,1.0281873342898922,0.20487273430291364,-0.5100407044706781,2,blackgram
0.71875,0.175,-0.3103448275862069,-1.0014243605729092,-0.702713697775235,-0.051522268792248846,-0.4956603911527887,0.21428571428571427,0.3267744611279908,1.3653051250704726,0.6682438471781579,-0.9645605344174597,-0.5678007124483118,11,maize
-0.0625,2.075,5.931034482758621,-0.7770267103999173,0.4643388649955944,-0.3545362951217346,0.3382215741135512,2.6904761904761907,-0.3919557863868387,-0.765902857885483,-0.323120220742227,0.07534553195020177,0.29489165915332755,0,apple
-0.25,0.675,-0.4482758620689655,0.2848211464111061,-0.46384332637500425,0.5007277227743983,-0.4221088143130372,-0.3333333333333333,-0.37802597544335387,-0.18219156321466,1.5085977433815878,-0.14541863161806742,-0.4693130238162674,2,blackgram
-0.359375,-1.125,0.13793103448275862,-0.10267565902552285,0.15645232681122143,-0.6138024202093418,0.16932186780017078,-1.0833333333333333,1.1572479079705622,-0.6250182748628451,-0.5963012405584729,0.25444390433438724,0.15459976764719216,19,pomegranate
-0.359375,0.625,-0.41379310344827586,0.6138295055512617,-0.6204635911204459,0.6261463649627492,-0.9869767736263125,-0.42857142857142855,-0.4296029363329207,-0.43270496233116446,1.3465988883017228,-0.15641896247919848,-1.4599764835587852,10,lentil
0.84375,-0.025,0.27586206896551724,-0.8137370398413957,0.12088557239880471,0.03168047932429863,2.2942229224446185,0.4166666666666667,0.5627377825678463,0.5408812445618066,-0.006650199664622879,-0.2243586347056562,1.372475936250775,20,rice
-0.421875,0.125,-0.5517241379310345,0.46039017952377087,0.016936269723556618,0.4065460621984116,-0.989414600450333,-0.7619047619047619,-0.43302385771365987,-0.4790662134335889,1.1873930880782997,0.46056856832517584,-1.4659642911206077,14,mungbean
-0.0625,0.725,-0.3448275862068966,0.5289951506693696,-0.4989295389991481,0.1665128367856746,-0.4181196634561529,-0.13095238095238096,-0.29111265621337007,0.061815002130195605,1.259759382342891,-0.06260139803531825,-0.46414543973792494,2,blackgram
0.90625,-0.975,0.4827586206896552,0.12100963641638275,0.015743024682253984,-0.11135450983057608,-0.6795072539893072,0.08333333333333333,4.26123944634568,0.4112041363419718,-0.5315678104353421,0.25484570760296726,-0.845240356853546,21,watermelon
1.09375,-0.15,-0.2413793103448276,-0.42162499720168034,0.10140832065134814,0.816010881816265,-0.3884083782065466,0.36904761904761907,0.901109929518541,1.7802718862296414,0.28522705114796665,0.003726437165198503,-0.4261873830982997,6,cotton
0.921875,-0.95,0.7931034482758621,0.694983121172985,0.47226130413589373,0.2755263365127713,-1.2346675872217223,0.21428571428571427,3.9384741515383177,0.21354274732154027,-0.5445727618380416,1.116906359480005,-2.2295630112669977,15,muskmelon
-0.546875,-0.325,-0.4827586206896552,0.34978624471450714,0.31591486048031764,0.19308548614248386,-0.8347963254598947,-1.0476190476190477,-0.5094244237587506,-0.7967266001165603,0.45032932263692027,0.709249728689599,-1.1255380576843779,14,mungbean
1.0625,1.1,0.6206896551724138,0.3146564538495365,0.10549039749208709,-0.5968418207351953,0.10631575280427552,1.2380952380952381,0.12914747447157246,0.4327050070440094,0.33829566418002266,0.46545502286852797,0.09884926442745312,1,banana
0.46875,-0.125,0.41379310344827586,0.22645074690540828,-0.07869952010920772,0.6782612103583682,1.001813948872074,0.13095238095238096,0.34223613043572465,0.07586388609364839,-0.11519959453055452,0.22132511953474418,0.7488762639944154,8,jute
0.4375,0.225,0.3793103448275862,-0.6148531908584922,0.045665623651226304,-0.7924818533909758,2.2457726207453175,0.2619047619047619,0.11584388923352408,0.06900281302550887,0.07048438543800822,-0.1632391229389573,1.353092170884377,20,rice
0.515625,0.075,0.4827586206896552,2.463953110364712,0.35606989708663783,0.49996110175073394,0.4740879052179656,0.2857142857142857,0.24503644221837811,0.0752530668974981,-0.047028475419488736,2.1840963706387875,0.3992352917934188,17,papaya
0.703125,-0.725,0.4482758620689655,0.12217189967241017,0.1617590939139537,0.0827199597871898,-0.6803989000451198,0.03571428571428571,1.7197719407397116,0.26099667985952946,-0.4105611618159787,0.40220736632122,-0.8467139391996672,21,watermelon
-0.546875,-0.275,-0.1724137931034483,0.731418420124261,-1.1104074071541072,-0.4886742539450187,-0.07921187035164316,-0.9166666666666666,-0.5110208534379486,-0.8196210417454408,0.1161937576820734,-0.6601743827653143,-0.07795601684090081,12,mango
0.015625,2.1,5.896551724137931,2.7273391255102584,0.0759099390018954,0.013215230591469458,-0.42092399404180236,2.738095238095238,-0.3705941619941552,-0.7496971237515089,-0.3170883944207945,1.9316745948034033,-0.46777640517136654,7,grapes
-0.1875,0.0,-0.27586206896551724,-0.002498716303126736,-0.6352046399434542,2.385080232566771,-0.5029232015080114,-0.5476190476190477,-0.24397885278277212,-0.2215037239432509,0.457699976082925,-0.45544792286237157,-0.5778724697317159,13,mothbeans
0.046875,-0.675,-0.2413793103448276,0.5525534297025781,-1.0130946063074409,-1.0109281208306276,0.019005342742312168,-0.6785714285714286,0.4697191217737315,0.12363000283677354,-0.1605491289263579,-0.6164185080444388,0.018137509351669613,12,mango
-0.03125,0.525,-0.3793103448275862,1.4766102602687,-0.5470480981909626,1.3424203596932998,-0.4728540318603759,-0.21428571428571427,-0.24645696914092644,0.16483999208657563,1.1494869782455763,0.3377345978479095,-0.5365907582441223,2,blackgram
1.125,-1.025,0.7241379310344828,0.2254962950970161,0.2451840203053126,0.12325477394625116,-0.8250399667008249,0.30952380952380953,6.071058391176943,0.40587963247638215,-0.5698781978220594,0.5534791594156392,-1.1063617907856238,21,watermelon
-0.484375,1.8,5.896551724137931,-2.2124102424021883,0.03643706945942524,-0.30863438774669605,-0.4741525175013771,2.2142857142857144,-0.5117606618339225,-0.8471394848424726,-0.3484589922891569,-1.1406422668419602,-0.5383510097038035,7,grapes
-0.03125,0.325,1.5862068965517242,-1.3158449132717438,-2.198392496227791,1.0915778334932245,-0.15919247872289602,0.36904761904761907,-0.20959496359189556,-0.5880349395318921,-0.23457300047377405,-2.1168268759679623,-0.16083945821618423,3,chickpea
-0.03125,1.85,5.931034482758621,-1.0175393190323263,-0.013131120026665881,-0.33176267032057216,-0.3569978342627332,2.5952380952380953,-0.3714928929166381,-0.7593547842308496,-0.3448324076421108,-0.4527215042270831,-0.3870398246266631,7,grapes
-0.265625,0.275,-0.4827586206896552,0.6665617279994799,-0.523505643058447,0.9582494048600653,-0.5565768413840735,-0.5476190476190477,-0.34566163122446375,-0.17857665324234975,1.1579105498433153,-0.023018067528075285,-0.6543667085607913,2,blackgram
-0.5,-0.7,-0.5862068965517241,0.026065836753705402,0.38718435853436417,1.0016973518544794,0.3009783234713563,-1.2261904761904763,-0.40947404360835865,-0.6593599475450688,0.14371078180616756,0.5628499288606519,0.26502460537981964,16,orange
0.625,0.025,-0.5172413793103449,-0.11353522699206414,-0.4981101388036561,-0.7344474993562777,-0.32096468356431546,0.0,0.356945710937388,1.9344457050274828,0.9532669543170392,-0.37580343626318186,-0.34331065738536753,11,maize
1.09375,0.175,-0.5862068965517241,-0.30857844228208364,-0.16044469728586194,1.1524698164736,-0.30717771126779875,0.40476190476190477,0.5777992744105686,3.5440596444949044,1.3819779156588359,-0.16412719924003272,-0.3268985916550561,6,cotton
0.015625,0.25,-0.3793103448275862,0.8243485644440474,-0.4427536889892855,-1.777976215265389,0.5590103438752899,-0.30952380952380953,-0.16344407760545304,0.2531471280551703,0.871508636779744,0.14686686152962944,0.46107319217665105,18,pigeonpeas
0.703125,0.6,0.7931034482758621,0.31676479037078953,-0.06915971198019552,-0.15413739600107598,-0.04433105128036127,0.7857142857142857,0.12191032443555058,0.05619548223654075,0.053655025339917596,0.2838358791136369,-0.04314639532572896,1,banana
0.375,-0.175,-0.5172413793103449,0.100814514665036,-0.30180628959817296,0.5126830542173348,0.1269248105541213,-0.2857142857142857,0.29967518689846695,1.3526575216353767,0.7035324043544376,-0.07477400498559059,0.11730560811336348,11,maize
-0.3125,0.175,-0.2413793103448276,0.9726100686803861,-1.2437151152447956,0.024712993382918862,-1.0502167349088913,-0.5476190476190477,-0.3635437753990983,-0.4450679571339125,0.5611837340511201,-0.7338424030384944,-1.6232801877840728,13,mothbeans
0.734375,0.15,-0.2413793103448276,-0.5172316049859494,-0.422366371838782,0.05898997942735681,-0.5142909383426129,0.23809523809523808,0.3526476324020494,1.2115739262589553,0.5399562969047235,-0.5077707221857268,-0.5937687221541286,11,maize
0.109375,0.65,-0.3793103448275862,1.2344233368264925,-0.6475769801613863,0.9177062908911329,-0.5578187995553304,-0.047619047619047616,-0.1946997030854314,0.4297613999923595,1.275840769820955,0.09628361712183832,-0.6561826454558198,2,blackgram
-0.28125,-1.1,-0.7586206896551724,-1.861660099431594,0.35938209693390266,-0.32080914406809147,0.09186286916359102,-1.3095238095238095,1.10525001452812,0.3090749193146484,-0.2985274926667413,-0.744931617223262,0.08577430212040371,16,orange
-0.0625,0.175,-0.27586206896551724,1.723079494742521,-0.3966021558550238,-1.1907838447970038,0.23476738176599088,-0.36904761904761907,-0.19619389987737976,-0.015453738790042188,0.6124833716840931,0.659879804176383,0.21046994075385692,18,pigeonpeas
1.296875,-0.7,-0.13793103448275862,0.026799319005082964,-0.9844829983797961,0.4573879213085715,1.7191822619594639,0.2976190476190476,2.6237423706406515,1.7838041830490723,-0.23408703431528582,-0.7854755900593926,1.125209129038452,5,coffee
-0.390625,0.4,-0.3103448275862069,0.019122923066925937,-0.5853753790308438,0.15734968066987362,-0.8346113554312613,-0.5238095238095238,-0.4327004867669746,-0.5428969078914859,0.8759035576706108,-0.39661813828201764,-1.1251722914636983,10,lentil
1.109375,-0.725,0.5172413793103449,0.5229961033606956,0.37643883504026304,-0.27705730966529346,-1.179593132544028,0.36904761904761907,2.4367140008725965,0.5550197863015829,-0.42160143641613856,0.8912261509638558,-2.0226082622909387,15,muskmelon
0.96875,0.075,0.1724137931034483,-0.7584861784295776,-0.006976512595627414,-0.8574024312700499,1.7598232583140618,0.5238095238095238,0.5708263615100891,0.7885588964098028,0.10450698819261885,-0.293342069860128,1.144034435933655,20,rice
0.453125,0.45,0.5172413793103449,-0.3166497860677558,0.4398162255185491,0.4927437699090338,-0.12260473534877242,0.42857142857142855,0.03891448662171191,0.002630453138234123,0.10908450218001872,0.3760420242778219,-0.12237555373622361,17,papaya
0.03125,-0.675,-0.6206896551724138,0.8730588417332991,0.3487071702875209,0.7765707786586759,0.19137151221206344,-0.8214285714285714,0.44444231827586517,0.8565791828408283,0.239739657242204,1.097538366621699,0.1736481119610542,16,orange
0.71875,-1.05,0.4482758620689655,0.05828066432022931,0.28907665388890874,-0.3913359119949677,-0.8116621302168215,-0.10714285714285714,5.0532457675397175,0.2747333458035118,-0.5638704328210064,0.4877426797054958,-1.080445572492821,21,watermelon
0.046875,0.2,-0.3103448275862069,1.971632944270677,-0.599420282369143,-1.1912137921649397,1.1679152524130316,-0.2857142857142857,-0.13006942563685162,0.20963347130477938,0.6913171483439859,0.5003682661303167,0.8444511692127521,18,pigeonpeas
1.203125,-1.075,0.6896551724137931,0.6626132324819094,0.4714791355286421,-0.012701844463218297,-1.1270853524468998,0.3333333333333333,7.666096351493642,0.4897650052113322,-0.5883636297195873,1.0932635130408945,-1.8480252997735847,15,muskmelon
0.0,-1.125,0.06896551724137931,0.04789101942049814,0.44758894875093397,-0.6686219388619707,0.9764734788968485,-0.8333333333333334,3.9478065722965754,-0.19271732071482983,-0.5919655712812043,0.6374683118508505,0.7337654646628743,4,coconut
0.921875,0.875,0.6551724137931034,0.7610952044164754,-0.11964192676002058,-0.17842472206988536,-0.04696647391109713,1.0357142857142858,0.13583020288784417,0.2981664848676292,0.22487455201953427,0.48532389318412206,-0.04574943375879314,1,banana
-0.4375,-0.075,-0.3448275862068966,0.3904279051885809,0.22069418942794605,-0.029259315438963405,-0.7666698840300059,-0.7976190476190477,-0.4276074000308252,-0.6125304012714218,0.487852581229786,0.635141513409143,-0.9963196399491902,14,mungbean
0.75,-0.75,0.5172413793103449,0.7549279777469292,0.338808688816379,-0.25077467507503054,-1.1869067781574658,0.08333333333333333,1.9141078784645444,0.252520865759749,-0.4328926265990355,1.0063626170270614,-2.048555980510831,15,muskmelon
-0.09375,-0.075,-0.5172413793103449,0.5828633652287484,0.2153858183103386,0.1673097814757332,-0.6940212418024385,-0.5952380952380952,-0.14956255576169417,0.2618046777751776,0.8283996793357384,0.7539019991767716,-0.8694021001728932,14,mungbean
0.828125,0.875,0.7931034482758621,0.4236447392536668,0.1215535722351764,-0.8065040127319786,0.047210174818877224,1.0119047619047619,0.09350625157354618,0.14610820514225467,0.15979221338761995,0.5504723249735864,0.04467091436936015,1,banana
-0.5,-0.4,-0.41379310344827586,0.5913124490366781,-0.907758491756808,2.385080232566771,-0.4813019472075038,-1.0238095238095237,-0.45468969072764837,-0.7108724399699341,0.2586927454279679,-0.4851612667359878,-0.5480787128863873,13,mothbeans
0.96875,-0.9,-0.1724137931034483,0.3291186618894818,-0.8045638821188656,-0.353098304639809,0.5615153539375468,-0.05952380952380952,3.4624925558249777,1.4011399196315537,-0.3751821036441423,-0.48123402925737097,0.4628604924912325,5,coffee
-0.375,2.3,5.689655172413793,-0.4502335181070089,0.4830828514059255,-0.1550052277696,0.1849852987060429,2.4761904761904763,-0.48658660866060244,-0.8246183046281715,-0.2820950499024836,0.32104414994549524,0.16815509137716286,0,apple
-0.375,1.875,5.931034482758621,-0.41766660796471133,0.4124124216081774,-0.04949485448693363,0.2271537274554036,2.3452380952380953,-0.47876283593979274,-0.8260180171724476,-0.34223100593972877,0.28147057707188766,0.20407233944000694,0,apple
-0.421875,0.7,-0.4827586206896552,-0.7722001806578079,-0.8438229741052083,-0.8267490762191347,1.521843130674437,-0.4642857142857143,-0.4645627268059157,-0.521993290394689,1.6591139191145117,-0.9767166707365066,1.0304173262910563,18,pigeonpeas
0.59375,0.075,0.13793103448275862,0.13452812023434454,0.13552583820074926,0.60714843219826,2.7560643810160403,0.2261904761904762,0.30120711795832833,0.4224024975468093,0.12602128227923545,0.3836282596553705,1.546057239637838,20,rice
0.703125,-0.275,0.4482758620689655,0.12039457368219925,0.03912240440822772,0.24201107399954497,1.4456427600030999,0.25,0.7022657346810808,0.26099667985952946,-0.19828678657824805,0.2779487559791849,0.9922125542878829,8,jute
0.859375,-0.275,-0.06896551724137931,-0.37470675386047625,-0.8533116920382338,-0.415236622077598,1.302925348345906,0.19047619047619047,0.8539265581959596,1.030249951659657,0.03757362249054999,-0.8212537155910191,0.918033796579167,5,coffee
0.265625,0.65,1.8275862068965518,-1.45221040658913,-2.1363108550618586,1.4323894911719017,-0.1867621269301272,0.8333333333333334,-0.11591485875463754,-0.47270288527702614,-0.18926858913885145,-2.1058130711743526,-0.1904637911243997,3,chickpea
0.9375,-0.55,-0.1724137931034483,0.38609509406128467,-0.8808471991666074,0.7927821427462096,0.7637048534392955,0.08333333333333333,1.4877641875751346,1.3553510338299661,-0.10001162130146155,-0.5383077720207067,0.6007485396886133,5,coffee
-0.21875,-0.4,-0.4827586206896552,0.16853786127720047,-1.1165832820857704,-1.0422003768911494,-0.9786351573273034,-0.8333333333333334,-0.142701712039855,-0.07555166209664804,0.361881669236121,-0.865455833260212,-1.439660203492689,13,mothbeans
0.796875,0.675,0.4482758620689655,0.6215653868922051,-0.045314789317588436,-0.10986567929830286,-0.04563330891977794,0.7738095238095238,0.1430650655441328,0.3434166755234238,0.2498480055902943,0.4883045770490881,-0.04443210690746463,1,banana
-0.078125,0.5,1.8275862068965518,-0.8479058535852327,-2.198392496227791,-0.028177035193603372,-0.04583748378955846,0.5,-0.2679363192422989,-0.6326946432388788,-0.22672877339607383,-2.0989573495311973,-0.04463378390288358,3,chickpea
0.03125,0.025,0.7241379310344828,1.2124562806159194,0.47510339233021753,0.2794888741890264,-0.7402073776555118,-0.023809523809523808,-0.08637054497138948,-0.4105448556120465,-0.14933462282724777,1.4843538537838117,-0.9488831636837562,17,papaya
0.375,0.325,0.6896551724137931,2.7273391255102584,0.41368278860009344,0.2148185162602308,0.2674386874710073,0.36904761904761907,0.03685387693024014,-0.14027246352720374,-0.016855694677596525,2.302668739333591,0.23762844236532557,17,papaya
-0.015625,0.25,-0.3793103448275862,1.5636451641877886,-1.3966181357606628,-0.8346637037927035,1.2503703705046163,-0.3333333333333333,-0.18333402184416206,0.19427570407610728,0.871508636779744,-0.7445561663079378,0.8898023589094612,18,pigeonpeas
1.4098437500000038,-0.325,-0.4482758620689655,-0.28613516826225555,-0.16352890186646793,0.3923572169733293,-0.07313382149426288,0.5,1.5499699138914516,3.396571297573935,0.39136422347314703,-0.15430113452564617,-0.07183411769609649,6,cotton
0.515625,0.425,0.4482758620689655,1.4417457344617657,0.41437767402779674,0.5740370852255354,1.8399601624122077,0.44047619047619047,0.08313273217239989,0.09615668853174053,0.1319177971248884,1.5670449499334305,1.180500794805801,17,papaya
-0.34375,0.65,-0.41379310344827586,-0.06709406133129413,-0.458248079923098,0.992279387783857,-0.7745961731545763,-0.40476190476190477,-0.42317575164473353,-0.40179746481574563,1.3731331844693755,-0.31472945765531185,-1.0108141336641143,10,lentil
1.0,-0.35,-0.4827586206896552,-0.44987999316667626,0.07219289906040967,1.2358003789977157,-0.03139231047271183,0.11904761904761904,1.1146192136378075,2.6030981076915984,0.4208467715033206,-0.039480564416305604,-0.030429393372375806,6,cotton
0.078125,0.25,-0.3448275862068966,0.13072968437287252,-0.6143509371258847,1.0116494131482432,-0.4156563948669775,-0.25,-0.12366418912803501,0.3146945284058021,0.8014397191819851,-0.3733698226785717,-0.4609630413017468,2,blackgram
0.859375,-0.775,0.7931034482758621,-0.07175550967583212,0.23506389130661243,0.16018934394486659,-0.6014087893251566,0.25,2.2492060647688676,0.16858638586868324,-0.4770309148985945,0.34962160744001675,-0.7212978931825565,21,watermelon
-0.5625,0.375,-0.3103448275862069,-1.035916577761628,-0.7947381463907381,-1.6682762887758644,1.3278398941515928,-0.6666666666666666,-0.5321614529888935,-0.8385338425757329,0.8528302565047825,-1.048747787512247,0.931240610631932,18,pigeonpeas
-0.015625,0.625,1.4827586206896552,-1.2373566538672311,-2.1507217851038063,2.3620079189342715,-0.4107700495427812,0.4880952380952381,-0.25399566492034353,-0.5686979405195683,-0.13224586505751634,-2.0886937165989474,-0.4546693527311874,3,chickpea
0.109375,0.175,-0.4827586206896552,0.43648608318584214,-0.5208607628725507,0.3924279093408575,-0.37732662677152784,-0.30952380952380953,-0.08114086045619825,0.6456232759232645,1.039980345308916,-0.13135856102104276,-0.41226334767690165,2,blackgram
0.046875,0.425,-0.5172413793103449,1.4922306107707328,-0.518075512874644,1.3339461113671778,-0.41267750696695576,-0.25,-0.1845040179618819,0.5890605309332374,1.4527360542422427,0.3830723585487981,-0.45712316149603405,2,blackgram
-0.4375,-0.875,0.2413793103448276,-1.2320794060037283,0.35597116973549753,-0.33846770948964716,0.1763360097950075,-0.9761904761904762,-0.2001161780288285,-0.7227599355395186,-0.45229031324807034,-0.32029171593805184,0.16068448552124312,19,pomegranate
0.765625,-0.3,0.3793103448275862,0.10871670653392498,-0.3131771214299311,0.0005881197725099899,1.6654414149027907,0.2619047619047619,0.7963732191840786,0.37089000613355927,-0.18868781661924972,-0.08195561052405513,1.099961170432666,8,jute
-0.296875,-0.7,0.41379310344827586,-0.3135017474049434,0.3054433270260335,-0.25320367658796267,0.18423727263318898,-0.7261904761904762,-0.06658870982368792,-0.6125303955241599,-0.3926036074852131,0.25620084509150026,0.1675104166111018,19,pomegranate
1.265625,-0.95,0.7586206896551724,-0.1916570599213293,0.31210031420446976,-0.4016097454090438,-0.8586357021583454,0.4642857142857143,4.965101211256478,0.4853622286141017,-0.5422498941291719,0.3436210218214079,-1.173412896849893,21,watermelon
-0.015625,-1.1,0.1724137931034483,-0.9797567874392044,0.19565818172560392,-0.6651346649621643,0.2294080139516718,-0.7857142857142857,2.57852641217937,-0.26396671883545336,-0.5696075785801044,-0.2713228999438855,0.2059693119308464,19,pomegranate
-0.359375,-0.825,-0.06896551724137931,0.7435141690632627,-0.9559586480536193,-1.2709628345471542,0.016488700629620438,-1.0,-0.06951935940066328,-0.5769399459286196,-0.3515960611211819,-0.47956357363769936,0.015747885485822243,12,mango
0.03125,0.35,0.7241379310344828,1.7014170582989463,0.38948564365644184,0.13247053173397644,2.3855018322226123,0.13095238095238096,-0.17736703820535038,-0.4105448556120465,-0.019166373424091783,1.7126481443315564,1.408351539108098,17,papaya
0.578125,-0.3,-0.3103448275862069,-0.5013852955937265,-0.49700879344883425,0.35791841076863723,-0.11178889828449701,-0.11904761904761904,0.6097137442084967,1.1234203603288158,0.229851125027424,-0.564448093167475,-0.11118469349073978,11,maize
1.015625,-0.675,0.7586206896551724,0.38221416604214165,0.34990333930726103,0.27361088202081224,-1.21872520808998,0.40476190476190477,2.036880938641448,0.30220668201598244,-0.4341472026355028,0.7670256937888033,-2.1667642220470222,15,muskmelon
0.0,0.125,-0.2413793103448276,-0.600303189277677,-2.05090866263045,-0.6730055194675919,0.541222903541012,-0.3333333333333333,-0.14053512456004577,0.04945200805798843,0.5187288597583272,-1.925557111450183,0.44832267889395894,9,kidneybeans
0.03125,0.225,-0.5862068965517241,1.6599187164900882,-1.6678075295945602,-1.4627946031009484,0.374966248543084,-0.38095238095238093,-0.1470348737162553,0.7417799164682555,1.452736037593274,-1.0811300024322412,0.32380791815523885,18,pigeonpeas
-0.21875,2.175,5.620689655172414,-0.5248862094307074,0.3756142933140861,-0.6512485481029937,0.5016732020526604,2.5,-0.4402458006693191,-0.7924999301364892,-0.2944452578301713,0.17578706451396767,0.4195925829122321,0,apple
1.1875,-0.575,0.5517241379310345,0.5822515287450989,0.4020495485505686,-0.26742737916988146,-1.1912178808507328,0.5119047619047619,1.9068859637966997,0.5898181229147583,-0.3604408227882273,0.9599697416696078,-2.0640561662259533,15,muskmelon
1.265625,0.925,0.6896551724137931,0.5428602856590617,0.07219761316791143,-0.6029013665046936,0.0673824378622151,1.3333333333333333,0.27210050089506355,0.5373150028519764,0.2280762774832566,0.5709104477439177,0.06337421832997142,1,banana
0.765625,-0.35,-0.5517241379310345,-0.8670634939510302,-0.7178679096651577,-0.89153719942158,-0.4600656752264673,-0.08333333333333333,0.868682743571659,2.4571460138285497,0.5572035619739201,-0.9168615730256219,-0.5193601040610091,11,maize
0.71875,1.1,0.6206896551724138,0.17304354638463137,-0.092322943802419,-0.9448675842027927,0.23851814384739453,0.9761904761904762,-0.01133834302818877,0.16071902074874428,0.33829566418002266,0.17643146387179573,0.21361199321282467,1,banana
0.8125,0.15,0.3793103448275862,0.24209797358263482,-0.24714303840442317,0.5813756512699408,1.396515797018212,0.5119047619047619,0.4058619568391312,0.41401674800613786,0.03345978514411427,0.05677286310010899,0.9670751815417613,8,jute
-0.03125,0.4,0.5862068965517241,2.7273391255102584,0.35703492574550855,0.19019062231695866,2.455443810507114,0.05952380952380952,-0.22444980163357087,-0.423874235689479,0.05562417378095445,2.302668739333591,1.4352923655675456,17,papaya
1.078125,-0.925,0.4482758620689655,-0.18176397502524752,0.12188562115163518,-0.014824540052974788,-0.6352409969019354,0.2261904761904762,4.051803137913157,0.5906766625151074,-0.5049053285883034,0.17194586687075333,-0.7737831238411872,21,watermelon
1.078125,-0.75,0.10344827586206896,0.018844309202272282,-0.7909284528825112,1.0217671734490776,1.5883736404215874,0.19047619047619047,2.520751158802366,1.0067013906464395,-0.3515960596049364,-0.598518072278658,1.063024219932168,5,coffee
-0.40625,0.525,-0.41379310344827586,-1.03954140979263,-1.8717854174236062,-0.4922089256107721,0.3143862128064986,-0.5119047619047619,-0.448671402740925,-0.525427454877421,1.2404617036311125,-1.8556454860855325,0.2758431137310752,9,kidneybeans
-0.453125,-0.45,-0.10344827586206896,0.7735632966459168,-1.0452074990309754,0.011186491226991271,-0.04996326381383718,-0.9047619047619048,-0.3942879779366899,-0.6948858006779639,-0.06612362932268294,-0.5704018068036738,-0.04871469600551541,12,mango
-0.171875,0.4,-0.27586206896551724,1.9865951587334358,-1.4405303180652018,-0.808218971322903,1.129884314667495,-0.34523809523809523,-0.30593920016403325,-0.1957474757990999,0.8114905945998808,-0.6839560947226639,0.8230801782523256,18,pigeonpeas
-0.125,-0.75,0.4482758620689655,-0.36559085208813624,0.4237361712618135,0.3256620702624804,0.17702328077887852,-0.6071428571428571,0.29639246423035326,-0.46704661517153834,-0.4223541826625193,0.3275572571461088,0.16127941114935934,19,pomegranate
1.1875,-0.25,-0.41379310344827586,-0.08961668620520948,-8.9650834740421e-05,0.8458652487370816,0.026311629486636304,0.3333333333333333,1.1306150860182065,2.6271372916953006,0.41789852243388326,0.11280735647615768,0.025054332507343933,6,cotton
0.453125,0.05,0.3103448275862069,-0.0768024212807427,-0.0006202849373168161,1.3808464421111426,2.7478055489881394,0.16666666666666666,0.21408957909392112,0.1296607496524116,0.016001029755756662,0.11997190263063394,1.54311717430057,20,rice
0.875,-0.25,-0.5172413793103449,0.017866881843997342,-0.47245969479397965,-0.3930813551450074,0.18111194413549758,0.05952380952380952,0.8346915277599533,2.5162338884195887,0.6098819481184621,-0.2863952652591245,0.16481400939375854,11,maize
0.328125,0.3,1.6896551724137931,-0.9890616146982334,-2.198392496227791,0.08610520105702442,-0.2677393228585086,0.6666666666666666,0.017143987836656997,-0.4227840205359812,-0.2572518867343513,-2.10753531528874,-0.28088415182676746,3,chickpea
-0.15625,0.125,-0.3448275862068966,-0.970843855138281,-2.013981823753746,-0.6133052873203266,0.2349392947858296,-0.4880952380952381,-0.24886428498731028,-0.1067713487202087,0.6808292815080623,-1.9513984490013603,0.21061409280430848,9,kidneybeans
1.234375,0.025,-0.4482758620689655,-0.44655890889621547,-0.1740189831310277,-0.32481037388183803,-0.46904109430477514,0.4880952380952381,0.8119281841069228,2.9085581801936726,0.7823959554411013,-0.25380095766096267,-0.5314333395725997,6,cotton
1.4098437500000038,-0.375,-0.27586206896551724,-0.4809359189493848,-0.0043865529232371015,1.195260711412362,-0.07959469702567924,0.5952380952380952,1.7504105308290105,2.63743982005752,0.12602127122327889,-0.12528897686015453,-0.07834241233644576,6,cotton
0.90625,-0.875,0.4827586206896552,0.27010898283406426,0.32313543507909465,0.3230334357254006,-1.1910690185182928,0.13095238095238096,3.060591405264531,0.4112041363419718,-0.48542120710049896,0.6634582419824492,-2.063518365114141,15,muskmelon
0.5,0.0,-0.3103448275862069,-0.5723124078023007,-0.25873217309319224,0.3793388376015989,0.20068916468967624,-0.03571428571428571,0.2793996782475757,0.9890399354723398,0.5067307390173611,-0.3963689755613295,0.18162797091685812,11,maize
-0.09375,0.425,0.4482758620689655,2.7273391255102584,0.32085962740771956,0.5194024241113472,1.7186264977115513,-0.023809523809523808,-0.2647950430021665,-0.4395732832835735,0.1319177971248884,2.302668739333591,1.1249501096117882,17,papaya
-0.390625,-1.125,-0.8275862068965517,0.9239619292191312,0.4148163795002752,-0.04392318361381241,0.2141198570848404,-1.3571428571428572,0.6719333980958669,0.06181492837367641,-0.2719932077761627,1.2100584849108753,0.1930588523552654,16,orange
-0.171875,-0.825,-0.1724137931034483,0.3363937979015669,0.41615008051133223,-0.6101648971028889,0.8023404355864391,-0.8928571428571429,0.334909490948132,-0.2701544121263906,-0.3162170002849964,0.8057167064891015,0.6257621026825809,4,coconut
0.9375,-1.075,0.6896551724137931,-0.10546123424840306,0.2163898350311457,-0.19841647585163627,-0.767048766111716,0.13095238095238096,6.814196186775789,0.28767751523859436,-0.5883636297195873,0.30986734265621746,-0.9970094248146907,21,watermelon
-0.546875,0.25,-0.41379310344827586,-0.585771418352756,-1.9358504432900574,-0.4876596296013707,-0.3070999571183316,-0.75,-0.5214630739022152,-0.8035949325161905,0.9485844457869345,-1.8258686061275564,-0.3268065216056799,9,kidneybeans
-0.125,-0.85,-0.10344827586206896,0.6388866839400426,0.5091266829243883,-0.48368700589859837,1.9728561844993906,-0.8452380952380952,0.4935090367226203,-0.24725996764666971,-0.35891586744010784,1.118694070719039,1.239153946846559,4,coconut
0.53125,-0.125,0.27586206896551724,-0.9081455887645684,0.05321654656067897,0.8251929576863379,1.6460108636035717,0.13095238095238096,0.3949877213955246,0.23180626168074406,-0.059718793326642795,-0.3359854093280786,1.0907308002529628,20,rice
0.390625,-0.05,0.1724137931034483,-0.22557909237026627,0.0777613514635877,1.0737493469116561,1.2087336868251108,0.023809523809523808,0.22623645949984178,0.17040893190068399,0.03279267257849941,0.10359595780117635,0.8670668404433782,8,jute
-0.390625,-0.775,0.2413793103448276,-0.9806899106284004,0.19032404506733744,-0.41450709348736037,0.27522258645009084,-0.8928571428571429,-0.17736705080486448,-0.6752099382036819,-0.39786098645012,-0.2759800489821164,0.24402964678894568,19,pomegranate
-0.1875,-0.975,-0.20689655172413793,0.5289386522787661,0.5094327249911944,0.004956709685598941,0.6785950817919602,-0.9880952380952381,0.7224871040923927,-0.27103496846926284,-0.42507565298924854,1.0408135001803227,0.544186602151351,4,coconut
-0.1875,0.225,-0.3448275862068966,-0.6738830855546843,-1.9978878610793185,-0.5577080706413264,0.6705998679074778,-0.4642857142857143,-0.28858497684305956,-0.1629667990036769,0.7773176316472006,-1.8923530457525415,0.538766065968195,9,kidneybeans
-0.265625,-0.6,0.3103448275862069,-0.8677106423622097,0.40300409490828665,-0.7495233113109838,0.26767874883222437,-0.6904761904761905,-0.0919876205429042,-0.5638733586987131,-0.3205315156232308,-0.03646005012722951,0.2378262541486903,19,pomegranate
0.875,0.8,0.4827586206896552,0.6698474257971277,0.09968435434006376,-0.6826859333848997,0.24519009089122648,0.9047619047619048,0.13837983822350544,0.384328050786414,0.28753439875812437,0.6799227999953873,0.21918553075326813,1,banana
0.0,-0.825,-0.06896551724137931,0.36698076797254287,0.5521642960187834,-0.04774869807999031,1.0695163746586098,-0.7261904761904762,0.7056359371011942,-0.10302497612694826,-0.3515960611211819,1.056311489952523,0.7885431440882905,4,coconut
0.09375,0.425,-0.41379310344827586,0.7037546081321061,-0.48350801395801635,1.0924222610071654,-0.4290899371788609,-0.17857142857142858,-0.15774034294845377,0.4636124656159819,1.1343245189605025,0.04026879607718326,-0.47839791036396934,2,blackgram
0.09375,0.25,-0.41379310344827586,0.2345948919618692,-0.637050673267558,0.3820190090492208,-0.5293728334607918,-0.2619047619047619,-0.11371921700868053,0.4636124656159819,0.9485844457869345,-0.3486270933126266,-0.6151123559910131,2,blackgram
-0.515625,0.25,-0.3793103448275862,-0.11754149163728411,-0.6882911869208981,0.3266303308577343,-0.7790380844168747,-0.7142857142857143,-0.5015731296635063,-0.747667079588902,0.871508636779744,-0.558711192820038,-1.0189962643894181,10,lentil
-0.40625,-0.375,-0.034482758620689655,0.4164095317758683,-0.9680180229588384,0.04506195052668072,0.09291962322889924,-0.8095238095238095,-0.3559897899154149,-0.6460663929008643,-0.05372718238619206,-0.6192751702731548,0.08673403559426063,12,mango
0.65625,0.0,-0.5517241379310345,-0.031322570795299494,-0.4053439891328487,0.1586043139123654,0.0286454956644294,0.0,0.3983493443908366,2.1867054139491424,1.0215537391034628,-0.24558383464235675,0.027257332229796448,11,maize
1.25,-0.625,-0.06896551724137931,0.41694895358403755,-0.42315613511654676,0.6644493296057742,0.34654266189976457,0.32142857142857145,2.188541768378309,1.545374918835387,-0.21007981253509755,-0.03631115652758278,0.3014871394143115,5,coffee
-0.234375,-0.575,-0.20689655172413793,0.3734036901660316,-1.1821583519892924,-1.5205843889265038,-0.03256499496996949,-0.8333333333333334,-0.06470472077253726,-0.3423599635585947,-0.09849969638841773,-0.8628067725342069,-0.03157771043040406,12,mango
-0.421875,-1.05,-0.13793103448275862,0.6057088145213878,0.45326451273071716,-0.15220507646762252,0.9362663809230781,-1.1785714285714286,0.13269502832662283,-0.6446420849973532,-0.499429999782425,1.033014779505262,0.7094844901681715,4,coconut
1.203125,-0.75,0.7931034482758621,-0.012970213657977455,0.24894570779554537,0.042302113611734665,-0.631044426951757,0.5238095238095238,2.751853360835822,0.415846373859397,-0.46738207962153067,0.4014097854189064,-0.767175895664841,21,watermelon
-0.578125,-0.8,-0.034482758620689655,-0.00012862181939391759,0.4658536995378538,-0.16348011044345745,1.4220317098043385,-1.1428571428571428,-0.5413530181409243,-0.8654099275470282,-0.34474850035598525,0.6218126601729794,0.9801818475018749,4,coconut
0.765625,-0.825,0.4482758620689655,0.5976122709626013,0.3424772818545398,0.13863570408741954,-1.2282145381551102,0.03571428571428571,2.357053742692108,0.315943343635459,-0.45773324520214104,0.9044404395833666,-2.203828179580972,15,muskmelon
-0.015625,0.2,0.4827586206896552,1.5204009562320535,0.43982541377077344,0.2968346928545803,0.5501056549332345,-0.05952380952380952,-0.17119778488725887,-0.3816403875469861,0.010654778749065237,1.6547742828646008,0.45470312367964716,17,papaya
0.953125,-1.1,0.4482758620689655,0.39404339132133953,0.4027951095401157,-0.28054034296585856,-1.15037206142528,0.047619047619047616,7.666096351493642,0.48078333496324793,-0.5874564745140876,0.8313273492045365,-1.9230471282010915,15,muskmelon
-0.484375,-0.95,-0.10344827586206896,0.31081947634277723,0.5521642960187834,-0.6137182077292509,1.813223527958341,-1.1666666666666667,-0.2613638200359717,-0.7375168323952299,-0.432113926969464,1.03666921054388,1.16842895333114,4,coconut
-0.46875,-0.575,0.10344827586206896,0.7805075712175272,-1.136150869218168,-1.8060661250008092,0.031582609401845985,-0.9047619047619048,-0.389692196250983,-0.7417799348361388,-0.24545887265995797,-0.6724198892310819,0.030025331773387783,12,mango
0.90625,0.6,0.6206896551724138,0.4443255460652995,-0.17763383594946472,-0.8278923891199764,0.3980944863321712,0.8809523809523809,0.22706182996596733,0.30907501327343423,0.12602128847057123,0.2416082814729178,0.34173713572846093,1,banana
1.125,-0.75,0.7931034482758621,-0.10717099100657447,0.3093911058198394,0.34720082190683677,-0.6321635929398383,0.4642857142857143,2.607414484564912,0.35965092204332555,-0.46738207962153067,0.3974615359923979,-0.7689352105930395,21,watermelon
1.140625,-0.3,-0.4827586206896552,-0.16828199759296644,-0.17314997021023673,1.367877274391452,-0.5232316370816659,0.25,1.1696921691352422,2.9121730811287034,0.4798118737705202,-0.09702320930858423,-0.6063861030819497,6,cotton
-0.0625,-0.1,0.4827586206896552,0.6387237019456943,0.4518576042249868,0.4180814902833619,1.9416521506091096,-0.23809523809523808,-0.1154119803004208,-0.4219545158803229,-0.1277850312554643,1.054519931005942,1.2255793146131446,17,papaya
-0.09375,-0.95,0.034482758620689655,0.36747254840997945,0.5029899838516187,-0.5859353222978833,1.8762388993401098,-0.8214285714285714,0.9052578387346641,-0.28472359915291373,-0.46094952530419225,0.9191174891895225,1.1967327565348742,4,coconut
-0.078125,0.7,-0.5862068965517241,-0.2790341301598472,-2.0124607622951594,-0.7432618605481454,-0.22307551915698834,-0.23809523809523808,-0.2956240858688968,0.4533099444655123,1.8150592523529459,-1.8435158213975849,-0.23036391548575655,9,kidneybeans
-0.4375,-1.0,-0.8275862068965517,-0.11435267497067306,0.4660488697137036,0.13092683370935052,0.2880711021396456,-1.3571428571428572,-0.04500853753311584,-0.16999128560649976,0.05968546944359475,0.541833190852969,0.25453858343500296,16,orange
1.09375,-0.425,0.0,0.21773842116376949,-0.47551850135055374,0.35722922628447024,1.4058518352357434,0.32142857142857145,1.367789104741333,1.2015290075517102,-0.10615381630499639,-0.19069296474845182,0.9718835979388846,5,coffee
-0.03125,2.225,5.689655172413793,-1.515710551378824,0.07438162211891228,-0.33335236316760647,-0.4744165909268679,2.6904761904761907,-0.3896921919178167,-0.7555863273808759,-0.2928703990840777,-0.6933995679453835,-0.5387092362050088,7,grapes
1.3125,-0.375,-0.27586206896551724,-0.321425704763063,0.03866089506754097,0.9437580331535645,0.07785223294360352,0.4166666666666667,1.4976424923396796,2.2510960978952537,0.12602127122327889,0.009105680418575464,0.07299375382410538,6,cotton
1.0,0.175,-0.4827586206896552,0.02604909180265202,0.02822714548609847,0.2261373612216011,-0.273992488647808,0.36904761904761907,0.5150430710899242,2.6030981076915984,1.039980345308916,0.20991779696254717,-0.28808988772570865,6,cotton
1.15625,-1.125,0.6896551724137931,0.756834036507654,0.454172225623488,-0.3028075307696175,-1.2346675872217223,0.2619047619047619,7.666096351493642,0.45410250698084925,-0.5963012405584729,1.139696906103227,-2.2295630112669977,15,muskmelon
-0.15625,-0.675,0.3103448275862069,-0.20646511127016262,0.3480169208868641,0.18320614835875595,0.26571811588480976,-0.6428571428571429,0.14112067630146835,-0.45833555960180283,-0.3593621939361909,0.3671988957464302,0.23620994666061176,19,pomegranate
1.1875,-0.45,0.06896551724137931,0.08409477378614111,-0.6191851394358469,0.1315216418025364,0.9943240726810249,0.40476190476190477,1.5359406747438873,1.1890296554810373,-0.15493009599266755,-0.3997843460073629,0.744425214410653,5,coffee
1.21875,-1.05,0.6896551724137931,0.6152925052850907,0.35117807005429,-0.42232306410372344,-1.1120042545804738,0.35714285714285715,7.210199516235868,0.5016525046214932,-0.5781581308795518,0.926054132048324,-1.801299143732726,15,muskmelon
-0.046875,-1.125,-0.06896551724137931,0.27116626032646496,0.5521642960187834,-0.4951140957936122,1.3039392300161112,-0.9047619047619048,2.8962918278633176,-0.16483997218803578,-0.5638704340003083,0.9035912102171937,0.9185734316145329,4,coconut
0.1875,0.25,0.4482758620689655,1.2567474285401774,0.47223369259825804,0.34098566008240105,2.4679240422956887,0.10714285714285714,-0.05404938429255347,-0.19231329629189015,0.04936665119910429,1.511927262848113,1.4400509777764352,17,papaya
0.1875,0.45,1.7241379310344827,-1.2487271742780115,-2.1936867710466097,0.8522609690874344,-0.2199421995104312,0.6428571428571429,-0.1105483555141186,-0.49602762620318014,-0.2234548143950648,-2.1168268759679623,-0.2268805234872946,3,chickpea
0.84375,0.6,0.7931034482758621,0.34108360465891574,-0.14909070828339777,-0.22454091702903897,0.24566807609143324,0.8928571428571429,0.19470752057199292,0.15734729550546903,0.053655025339917596,0.2138784885583083,0.21958405999872527,1,banana
-0.15625,-0.2,-0.3103448275862069,1.0723806373235252,-0.7972324467354038,-0.5699330982521768,-0.8439891090380062,-0.6309523809523809,-0.1604374607414926,-0.13975563332205818,0.3221443296907364,-0.15931482687852389,-1.1438252904105635,13,mothbeans
0.578125,-0.275,0.27586206896551724,-0.06591667231711956,0.08677084084082926,-0.04633878798951117,1.2629721768339506,0.09523809523809523,0.580937075869178,0.27816750911290355,-0.13932168381967266,0.21063565941421722,0.8966185845554471,8,jute
0.765625,-0.625,-0.1724137931034483,0.2795879409413828,-0.9305251404929823,-0.35899023503670263,1.654047139256167,-0.08333333333333333,1.465236312121076,1.1035121619212347,-0.15897672466060742,-0.6329922725183217,1.0945550236276589,5,coffee
0.328125,0.0,0.5172413793103449,2.7273391255102584,0.3756656648689564,0.3340758178014147,1.7383092630835422,0.11904761904761904,0.1485550454899887,-0.10258656270240372,-0.09415692111212656,2.302668739333591,1.1340973004593966,17,papaya
-0.203125,-0.75,0.3448275862068966,-0.8141988426731152,0.22501423732319714,0.5816084927567274,0.24848154822618393,-0.7023809523809523,0.15195358795944333,-0.5121813752624464,-0.4046646518138877,-0.1416009358025816,0.22192778099135152,19,pomegranate
0.109375,0.225,0.7931034482758621,1.5189564471958066,0.33700111550147577,0.40365991937325923,0.06381934396547356,0.15476190476190477,-0.09648126545668234,-0.370889951565601,-0.09107750381604031,1.5187577473847795,0.06008688532031836,17,papaya
1.140625,-0.725,0.5172413793103449,0.6090032705230651,0.37961249929311536,-0.19246038205235755,-1.1828179161230679,0.39285714285714285,2.4918633901135876,0.5813240402617424,-0.42160143641613856,0.953418089065267,-2.0339960526408323,15,muskmelon
-0.375,0.25,-0.3448275862068966,-1.0536563252246829,-0.5810467271405698,1.3295219407048315,-0.8120088146420071,-0.5952380952380952,-0.4120683805893157,-0.5001395007044855,0.8014397191819851,-0.8971356050209794,-1.0811117713627558,10,lentil
-0.328125,-0.4,-0.034482758620689655,1.1715510748261682,-1.0213944537239945,-1.1422375261750466,0.02070293308517714,-0.7619047619047619,-0.2640303704184413,-0.546364786243517,-0.0708460834432388,-0.3945146518062454,0.01974735140620033,12,mango
-0.1875,0.325,-0.41379310344827586,1.3231910163939162,-1.6182368455725367,-1.6639595667819107,0.17387209876353332,-0.44047619047619047,-0.3043829791773323,-0.09272248966155722,1.0281873342898922,-1.0957728770304997,0.15854976847991287,18,pigeonpeas
1.25,0.75,0.7241379310344828,0.6914319017428362,-0.07863461943265086,-0.9467418019927576,0.056793312469030306,1.25,0.3349095288113264,0.49918528825791686,0.1410407027644079,0.4917902372570018,0.05358421797775796,1,banana
0.96875,0.15,0.10344827586206896,0.21477474859006102,0.021371769668898616,-0.4827883913557876,2.972171142449853,0.5357142857142857,0.5122906057132947,0.88307139793555,0.19425233039780984,0.317096483049769,1.621071445221712,20,rice
0.59375,0.05,-0.4827586206896552,-0.8372746160890691,-0.7102894317590889,0.4440597968036473,0.15038663223002613,0.0,0.3171044787168546,1.7102148510955157,0.8925675896409171,-0.8977402465654941,0.13805385406813292,11,maize
0.046875,1.75,5.758620689655173,0.11492835352450344,0.016711259014998803,-0.11876476434267012,-0.486336202633557,2.5476190476190474,-0.3408097770791009,-0.741158675665703,-0.34732923042132574,0.25215344501928627,-0.5549650994300862,7,grapes
0.5,-0.125,0.3103448275862069,-0.3254693980751481,-0.008627326270489446,-1.4545295901225328,2.8512339132244113,0.11904761904761904,0.36861192591562464,0.17489123497965886,-0.07460388630781685,-0.03617098207380354,1.579542093630503,20,rice
-0.4375,-0.65,0.3103448275862069,-0.1219342094348992,0.38253055438579686,-0.4701375135050262,0.24581131209951912,-0.8452380952380952,-0.3229614355553727,-0.7297184715652864,-0.34641863449853755,0.4571288281946397,0.21970346588307288,19,pomegranate
-0.171875,0.375,-0.3448275862068966,-1.2921981559212217,-0.5196014207063322,-0.13424622988918702,-0.7320985614090502,-0.38095238095238093,-0.3023723241881239,-0.1348690738619428,0.9220501568559079,-0.9668590976003215,-0.9346319569742588,10,lentil
0.8125,-0.725,0.6896551724137931,-0.10780356668159535,0.18730920016309485,-0.21948722233830156,-0.705048676968401,0.20238095238095238,1.9127948030831805,0.19257751995730582,-0.4454866459590896,0.28062096250224183,-0.8880136555498076,21,watermelon
-0.03125,2.3,5.620689655172414,-0.6032169338474154,0.4724687565020175,-0.2044747805951123,0.2745215147284159,2.7261904761904763,-0.39492187554461566,-0.7544599314875122,-0.275394993060114,0.20413428766866643,0.2434541871877918,0,apple
0.640625,-0.35,-0.3448275862068966,-0.030595504639154288,-0.5796902363965589,-0.10342556382960381,-0.34301545110694437,-0.10714285714285714,0.7375166262030467,1.326212633508228,0.22250961834715613,-0.4144458381240753,-0.3699249508614272,11,maize
-0.15625,0.325,-0.3793103448275862,1.2696058398750987,-0.39909569659801675,1.1399060758661566,-0.35739813763692696,-0.40476190476190477,-0.285425376060245,-0.07064570382967664,0.9473209117249711,0.4248939411115781,-0.3875325890866782,2,blackgram
0.0,0.35,-0.5517241379310345,-0.46520640641422695,-2.072149166937694,-0.7664737745436869,-0.5281102000973216,-0.3333333333333333,-0.19603298589435417,0.5640618146726972,1.4859039162330059,-1.9244418843663684,-0.6133142356018789,9,kidneybeans
0.6875,-1.125,0.7931034482758621,-0.10913949964532069,0.1793248533181823,-0.3293021932723358,-0.7294264352181592,-0.047619047619047616,7.648330291457418,0.044956391873326396,-0.5963012405584729,0.2721539933712944,-0.9299641361288193,21,watermelon
-0.15625,0.25,-0.5862068965517241,-0.04391690806311226,-0.45240476244051564,0.5396333854027177,-0.7864650735861143,-0.5119047619047619,-0.2728387709183526,0.2472599644635529,1.4881150985604932,-0.2975405402708108,-1.0327737748890067,10,lentil
-0.15625,0.125,-0.41379310344827586,-1.0850502202539873,-2.020293163900531,-0.9108244582907778,0.0030621403257606043,-0.5119047619047619,-0.24886428498731028,-0.030907494630719474,0.8159129649486716,-1.9736339887206034,0.0029366362073088115,9,kidneybeans
0.6875,0.125,0.13793103448275862,-0.3679759475100064,-0.26712917177996776,0.6826245635720561,1.3552615553603669,0.32142857142857145,0.33611318131991785,0.5254274915543165,0.155503834231795,-0.29319759257853395,0.9456480799406912,8,jute
-0.078125,-0.65,-0.7931034482758621,-2.375617376266567,0.4447287213225111,1.3983897458317756,0.10794541194550047,-0.9523809523809523,0.23515038660770365,1.3324564281242637,0.8041198543441516,-1.2312927823249462,0.1003166896994947,16,orange
-0.578125,0.1,-0.3448275862068966,-0.4389479377129823,-2.018074046005397,-0.527459970537198,0.8313967389716157,-0.8214285714285714,-0.5413530181409243,-0.8654099275470282,0.6567071939732779,-1.8731271527120827,0.6443125939456179,9,kidneybeans
-0.1875,0.625,-0.5172413793103449,1.0787220607185888,-0.40073675391802976,0.8297461919806313,-0.5499019721000681,-0.3333333333333333,-0.34179930062663216,0.043634109003137724,1.7024706042048443,0.32541011494114264,-0.6446431184360056,2,blackgram
-0.328125,0.65,-0.3448275862068966,1.0342789756372497,-1.5112189618119671,0.1462710126736286,0.09780185780313862,-0.36904761904761907,-0.41529726721165416,-0.41584632527928334,1.1873931197385377,-1.0364488442505713,0.09116036890334016,18,pigeonpeas
-0.53125,-0.575,0.034482758620689655,0.8353551339764441,-1.065369903746598,-0.693199270474178,-0.005827502627823707,-0.9761904761904762,-0.47635552304523515,-0.809214476412114,-0.2197286463014852,-0.5710927740644752,-0.005603981824739921,12,mango
-0.09375,-0.275,-0.3448275862068966,0.6744161380751251,0.18908639412283632,-0.06759952520978198,-0.7015153689865837,-0.6309523809523809,-0.07120446524480042,0.0056195518467274126,0.29487588095150974,0.7834650828768098,-0.8820260605224783,14,mungbean
-0.5625,1.825,5.758620689655173,-0.3134480002553917,0.4284867662316033,-0.7921699725862454,0.30309956868718296,2.119047619047619,-0.5364607334285589,-0.8623036462499951,-0.3393289397597089,0.3679815729721958,0.2667412009432922,0,apple
-0.390625,2.275,5.896551724137931,1.0042710351906483,0.0680426798579953,-0.4699981609372714,-0.5040895588039751,2.511904761904762,-0.4900873867364065,-0.8288690421379168,-0.29878887899758305,0.849626024411924,-0.5794960129038004,7,grapes
-0.046875,-0.75,0.3448275862068966,-1.1718134551550854,0.3160997718266626,0.22259523622615193,0.2751867041930486,-0.5833333333333334,0.4408313405012632,-0.3650028118105374,-0.4046646518138877,-0.3081073374539919,0.24400019877548804,19,pomegranate
0.875,1.075,0.7241379310344828,0.06027225772636615,0.13063232839996355,-0.3610338728622164,0.334740510765738,1.119047619047619,0.058836632473872184,0.21926832091331272,0.27120895216756385,0.33208481624369446,0.2921241809479705,1,banana
0.703125,-0.65,0.6551724137931034,-0.20895312599104976,0.23329122668639898,-0.366126246368116,-0.7903086878038178,0.14285714285714285,1.4484369565274349,0.12847825805715837,-0.40986745402725366,0.25867788357717936,-1.0399520671478157,21,watermelon
-0.453125,-1.125,0.034482758620689655,0.4783705418265137,0.44106339083579776,-0.34455289868950034,1.3071275832381144,-1.1785714285714286,0.26750459268360327,-0.7155553911872568,-0.5735192688387888,0.9307845053348527,0.9202692039319939,4,coconut
-0.40625,0.225,-0.3103448275862069,0.3152032209685674,0.2678956936697301,0.6164498607485154,-0.739740830062355,-0.6190476190476191,-0.43013507996986383,-0.5697729928627812,0.7143904495098139,0.6358447681408089,-0.9480596625897736,14,mungbean
-0.109375,2.15,5.793103448275862,-0.4514938829563917,0.34202045296598566,-0.8485958134246926,0.40365467114161463,2.630952380952381,-0.4085114185502213,-0.7726874308282595,-0.3064877465846381,0.19634791735952173,0.34601683427593055,0,apple
0.25,0.4,-0.5172413793103449,1.084921927820731,-0.38783750390062804,0.8869539601719509,-0.5640828699261291,-0.10714285714285714,-0.06147100457264628,1.0617634299393235,1.4215192354969175,0.34427435654285404,-0.6653741122498291,2,blackgram
0.96875,0.475,0.4827586206896552,0.18673638121951164,0.08256488094357263,-0.721463124712437,0.0972178179640501,0.8214285714285714,0.3166139355071779,0.46495630745308764,0.13755793791988394,0.3625084658901455,0.09063152856922028,1,banana
-0.46875,1.875,5.896551724137931,-1.5180606469231892,0.04917162457393993,-0.7884127914108807,-0.36391120783649483,2.261904761904762,-0.5076506123403149,-0.8440944110583799,-0.3406163428220663,-0.7110311546334673,-0.395572018873481,7,grapes
-0.171875,-1.025,0.034482758620689655,0.47749306755840903,0.5517519296989724,-0.3697045845233947,1.7623705344061618,-0.9166666666666666,1.0359194281183834,-0.37838268437777095,-0.5091937011047336,1.0500409016764882,1.1452068138576719,4,coconut
-0.15625,0.5,-0.3103448275862069,-0.3579673330266833,-1.1461394518328842,0.6949336919604074,0.9501753329071979,-0.2976190476190476,-0.31065767844520914,-0.13975563332205818,0.968196762333923,-1.077442801273696,0.7179269769186171,18,pigeonpeas
-0.546875,2.225,5.689655172413793,-0.4890264104713019,0.4132849740641009,-0.9191484830301139,0.17408883030608174,2.2976190476190474,-0.5326866852138896,-0.8591342932518196,-0.2928703990840777,0.2329896301880188,0.15873766076218473,0,apple
1.15625,-1.125,0.7241379310344828,0.16892468195518123,0.2708957285289515,-0.12088948492616762,-0.8250080510549587,0.2857142857142857,7.666096351493642,0.4292060464217658,-0.5963012405584729,0.5426248830195097,-1.1062994460481401,21,watermelon
-0.03125,0.725,-0.2413793103448276,0.44623757885038784,-1.1984374437603014,-1.5736233693199582,1.7334227737899406,-0.07142857142857142,-0.27594657367230613,1.153879827072079e-08,1.0281873512718411,-0.8557264768345563,1.1318314066970827,18,pigeonpeas
1.296875,-0.7,0.7931034482758621,0.40328526422147376,0.372374576361405,0.30802394334050415,-1.15673689716839,0.6190476190476191,2.6237423706406515,0.4832809160386823,-0.448084409067403,0.8052403613767872,-1.9441974463440221,15,muskmelon
1.28125,-0.65,0.6551724137931034,0.16549866566304197,0.012796519696701238,-0.15132041655020115,-0.6963908027382958,0.5833333333333334,2.3462690182680355,0.5769400003419742,-0.40986745402725366,0.2786571581381312,-0.8733826050275958,21,watermelon
0.796875,0.075,0.41379310344827586,0.037580191422589115,0.11242038692526715,-0.2890606937178012,2.343475955203223,0.47619047619047616,0.4472508748821987,0.37089000678699474,-0.018711242198499404,0.29988754790972705,1.3919365993878696,20,rice
-0.4375,2.25,5.862068965517241,-0.7812001281081501,0.02143835748909095,-0.3197177421277474,-0.4808252971964981,2.4523809523809526,-0.5026311050607225,-0.8378685918866247,-0.29957832061964057,-0.28404130870406735,-0.5474282761318654,7,grapes
1.4098437500000038,-0.025,-0.2413793103448276,0.03521747345472059,0.02202205702124699,1.166192439683255,0.08737156589402038,0.7380952380952381,1.0723181521257403,2.4231478409791127,0.39136423687994876,0.20935260402176759,0.0816887330013,6,cotton
-0.421875,0.5,-0.4827586206896552,-1.0359725144621872,-0.4777227916998746,-0.2874018743890855,1.3268582057341416,-0.5595238095238095,-0.4559102997351039,-0.521993290394689,1.423253510045713,-0.8114729175169006,0.9307223471637504,18,pigeonpeas
-0.28125,1.8,5.793103448275862,1.6022391003907066,0.016596325930694513,-0.2710213187951545,-0.4923459380081823,2.3333333333333335,-0.44764388983541853,-0.8066856796251415,-0.3436357628910123,1.1482409921115078,-0.5632259291644607,7,grapes
0.109375,0.6,-0.3448275862068966,0.7825841965218142,-0.5517567706872141,1.1714260093620432,-0.39909156118339206,-0.05952380952380952,-0.1854556148072061,0.37088997868927015,1.1391489446689687,0.0005499329147803159,-0.4397295358030824,2,blackgram
-0.265625,0.7,1.5517241379310345,-1.2081136312447849,-2.1713398949552203,1.2473767127760669,-0.3124459660962323,0.35714285714285715,-0.3877724354709071,-0.7048514929527547,-0.12553762697713858,-2.09972514027283,-0.333149538949388,3,chickpea
0.609375,0.125,0.2413793103448276,-0.19486835459139354,0.31463539610567287,0.1226195438626217,1.7335515637385357,0.2976190476190476,0.28194860110628567,0.33919000496083124,0.09200295473143298,0.34384505691058925,1.1318911696781166,8,jute
-0.28125,-0.525,-0.06896551724137931,0.7015641157737651,0.3657208133672955,-0.6200994631066011,2.2028845075708303,-0.7976190476190477,-0.15714560177162676,-0.47391495249347365,-0.13932168824205537,1.0008845546256,1.3357300215585375,4,coconut
0.90625,-0.925,0.6206896551724138,0.19323811164676735,0.12705731209530896,0.1321635299754007,-0.6513159165885286,0.15476190476190477,3.5751548575679215,0.30907501327343423,-0.5214155574432556,0.4119086554199784,-0.7993546426854592,21,watermelon
1.3125,0.05,-0.4482758620689655,-0.34768765108847316,-0.1284325111857043,1.5837294418406214,-0.24830219842437684,0.5595238095238095,0.8436250767896256,3.0712292193204274,0.8103267934388123,-0.15733281874314256,-0.2586966632047687,6,cotton
0.0,-0.325,0.0,1.0989004808591634,-1.1783168420416579,-1.0392820206787223,-0.05443914508072579,-0.4642857142857143,0.049325977929288736,-0.15067403410167005,-0.039818074642069955,-0.6131099013939668,-0.0531540306268635,12,mango
0.671875,-0.9,-0.13793103448275862,-0.4168065963627174,-0.4220841473398913,0.2785319590926118,1.136882347332771,-0.27380952380952384,2.6940777487002086,0.9007328128503721,-0.38571158601079397,-0.45674784785916345,0.827034715433736,5,coffee
-0.515625,-0.8,0.3793103448275862,-1.2910767486814987,0.42416624514186707,-0.6682174156183867,0.19626653635075522,-0.9523809523809523,-0.4136386439731341,-0.8079076050502567,-0.4355184852452097,-0.3130621751933801,0.17784542515325383,19,pomegranate
0.828125,-0.875,0.4482758620689655,-0.10362187097964816,0.002530411882234467,-0.14340700643238324,-0.7489026724134097,0.05952380952380952,2.8710153829800333,0.3708900074113887,-0.48131928689522224,0.10692087848576855,-0.9643114299205459,21,watermelon
-0.1875,0.425,-0.4482758620689655,0.6728443542354247,-0.5481522194405997,0.6937576286800248,-0.4623245453698448,-0.40476190476190477,-0.3183223930290228,-0.052054731913256505,1.2292893634044775,-0.047736251920187385,-0.5223898071664288,2,blackgram
-0.4375,-0.85,0.0,0.07469461004369844,0.43291456347269797,-0.6037674940401259,1.3089611301571877,-1.0476190476190477,-0.22018893214878982,-0.6915552507630222,-0.388080718372434,0.641586255054783,0.9212435669588749,4,coconut
1.140625,-0.925,0.6551724137931034,0.2609945147582262,0.3744178069242184,-0.35461261053615384,-1.2346675872217223,0.34523809523809523,4.225129785311424,0.4678547116781,-0.5243291272488055,0.7104308552133183,-2.2295630112669977,15,muskmelon
1.03125,-0.225,-0.5172413793103449,-0.2121858584978192,0.13707677889571795,0.09844589003861517,-0.2322741407791675,0.19047619047619047,0.9463674428713623,2.879851503039655,0.6410987668637873,0.16704307402266577,-0.24063551037522513,6,cotton
-0.015625,0.4,1.5517241379310345,-1.2393811477476506,-2.0522542927869627,0.7392185854696189,-0.2626846491832865,0.40476190476190477,-0.21539542401907505,-0.5764047452773361,-0.20824192978160436,-2.0196626109346396,-0.27508375227645804,3,chickpea
-0.265625,0.525,-0.4482758620689655,1.2062168455706312,-0.5450094757212395,0.9896575056171005,-0.4903785244405357,-0.4166666666666667,-0.37284099014092553,-0.21472577104001078,1.3410127153953217,0.21101322781039691,-0.5605167443496188,2,blackgram
-0.5,-0.875,-0.034482758620689655,1.810217987134569,-1.0717735248951914,-1.8884115188160668,0.054774083804334066,-1.119047619047619,-0.3517769958564267,-0.7657083208896809,-0.39610520352712525,-0.22553487278865003,0.051710365620708645,12,mango
-0.421875,1.85,5.655172413793103,-0.5558163287786905,0.31950553595494735,-0.7182990709674343,0.3098941895205263,2.2023809523809526,-0.49282155379112824,-0.833871663360189,-0.33155995004461275,0.10674422599949128,0.2722269727833528,0,apple
0.40625,-0.2,-0.4482758620689655,-1.2136123878184004,-0.8417557964013098,0.21564618633608937,-0.06410046116665195,-0.25,0.34744994912441635,1.1842451654500763,0.5310184134617022,-1.1573173191403037,-0.06277982317226474,11,maize
-0.53125,0.225,-0.4482758620689655,0.03955046314397543,-1.3402598558147936,-1.6506255189653343,0.10173725810604045,-0.7619047619047619,-0.5110208531851805,-0.7678073040709756,1.0058426594227894,-1.13146754974603,0.09471914683901364,18,pigeonpeas
0.84375,-0.75,0.6206896551724138,-0.20515094552927934,0.030221903904060477,0.3387484478172536,-0.7867746179697837,0.19047619047619047,2.0874345299896366,0.2596230157652043,-0.4471195259449477,0.07186972691245429,-1.0333506530097452,21,watermelon
0.6875,-0.875,0.4482758620689655,0.24022689389608037,0.1922374574493533,0.30332944421209873,-0.5930313656331958,-0.047619047619047616,2.5297785428679376,0.24726001391554697,-0.48131928689522224,0.5085376483149441,-0.7085704113854209,21,watermelon
-0.1875,0.3,-0.41379310344827586,-1.6872616595770078,-1.999023936082268,-0.9514995729524173,0.006736386733333057,-0.4523809523809524,-0.30062155004713925,-0.09272248966155722,1.0016530381222395,-2.0526318329617714,0.006452988090080486,9,kidneybeans
0.125,0.25,1.5862068965517242,-1.0457424262790298,-2.170095526399115,0.05934754556658651,-0.22432357350098744,0.4523809523809524,-0.09382927276997151,-0.508784942956139,-0.25498399828468493,-2.0794478285954576,-0.23175358261178924,3,chickpea
1.265625,-0.75,0.06896551724137931,-0.19647169188943683,-0.5323233072669397,0.8226852232689876,0.42106559252493625,0.32142857142857145,2.86740446185255,1.2799340618097128,-0.34223101397346906,-0.44830239381674186,0.3593425146632978,5,coffee
-0.203125,-1.125,0.0,0.44979578473386966,0.31888540280334354,-0.04551118042610999,1.3161988109068004,-1.0,1.8852198143326582,-0.4017974561230121,-0.570504007945482,0.7793245565108385,0.9250837920278021,4,coconut
0.984375,-1.125,0.7241379310344828,0.6126278945207174,0.4503040000441343,-0.333640262758506,-1.20436939556667,0.15476190476190477,7.666096351493642,0.3009107697221556,-0.5963012405584729,1.0345571126139361,-2.112317629189118,15,muskmelon
1.34375,-0.025,-0.5517241379310345,-0.4281067425584576,-0.16841044987608997,0.06822516116820482,-0.40846863948893886,0.5119047619047619,0.9509894927071942,3.554992428287286,0.9883858693084957,-0.23850796955481282,-0.4517138898710984,6,cotton
0.015625,2.175,5.931034482758621,-0.07065691502653466,0.09127853962944256,-0.10862573443399388,-0.368600541531009,2.738095238095238,-0.3743063110139245,-0.750264343375177,-0.31101418551114374,0.2120414366739624,-0.4013861225926311,7,grapes
1.046875,-0.4,-0.13793103448275862,0.34523226119768,-1.0054692804646164,0.5659475990325191,0.833718220223672,0.25,1.2612441920552153,1.4305756349695922,-0.006650206772023707,-0.6861427107391124,0.6457852132879677,5,coffee
-0.140625,-0.6,0.06896551724137931,1.2024323566116564,-1.0044574196870133,0.09753657356785082,0.004677366110677235,-0.6785714285714286,0.0877585384963038,-0.35634525210644563,-0.2485805549830683,-0.36193445397500484,0.004483428591201129,12,mango
-0.1875,-0.6,0.3103448275862069,-1.0952525033843763,0.4622320557391087,0.504231383136715,0.22475813583483648,-0.6309523809523809,0.02035372885660081,-0.48848921648663435,-0.3205315156232308,-0.1494362347908119,0.20205392326165666,19,pomegranate
0.75,0.95,0.6551724137931034,0.6401868264995331,0.13999210655731548,-0.2800898371973981,0.23335884777480853,0.9404761904761905,0.03802541674443879,0.16484002094511646,0.25609137198904847,0.706605012205869,0.209288357697387,1,banana
1.328125,0.2,-0.4827586206896552,-0.3499391492266647,0.10408150130027798,-0.21726516268320087,-0.2533739753261821,0.6309523809523809,0.7130619389964975,3.3242730457115104,1.069462896442516,0.05067132809340914,-0.26445568469239816,6,cotton
-0.21875,-1.125,0.41379310344827586,-0.7474294156506898,0.4617760662154515,0.7496648251701348,0.21669118961766637,-0.8809523809523809,2.249205646185089,-0.5422860810733631,-0.5963012405584729,0.09402601232732355,0.1952377788078191,19,pomegranate
-0.359375,0.4,-0.5862068965517241,-1.0323465295797045,-1.880273981935604,-0.7597947999954651,0.7540530987850067,-0.5952380952380952,-0.41459173153798295,-0.28846998354154174,1.7003894643638078,-1.8606727704533559,0.5944365367439562,9,kidneybeans
-0.25,-0.325,-0.41379310344827586,0.2750244017593516,-0.5712799721096345,-0.6529866004357978,-0.5516529285139153,-0.7976190476190477,-0.20610277712810074,-0.21635247972323257,0.3382956339309256,-0.2618217536583365,-0.647187948405205,13,mothbeans
1.015625,-1.0,0.5172413793103449,0.42805541553021015,0.4119396939234229,0.07524999460439187,-1.1454455283119478,0.16666666666666666,5.083884428747572,0.47610702442110453,-0.5458045284280051,0.864526996036171,-1.9068712732796687,15,muskmelon
1.1875,-0.75,0.034482758620689655,0.08733225812134353,-0.8316050588543871,0.8669198208936784,1.391075237234406,0.25,2.72296558558164,1.251285398534744,-0.33229838983608184,-0.6100121458077853,0.9642662224376393,5,coffee
1.25,0.875,0.5517241379310345,0.5507621984165394,0.06729850109444287,-0.2113662872546367,0.3622798864414555,1.25,0.2839640324878873,0.6413306202762374,0.2808046866330361,0.5703842628894392,0.31388494911141407,1,banana
1.234375,-0.7,-0.2413793103448276,-0.36514786067207866,-0.9515172139936583,0.4491085376382389,0.7553229919327646,0.21428571428571427,2.518239191014599,2.002805870565997,-0.18177656607275428,-0.9053970384869927,0.5952684778879052,5,coffee
-0.28125,0.15,-0.3103448275862069,-0.3198898413484406,-1.1191875086055307,0.9335179472439835,0.7850991999315691,-0.5595238095238095,-0.33913858528001356,-0.35476431309241957,0.6451705460123296,-1.0398418244306624,0.6146493481418367,18,pigeonpeas
0.90625,-0.525,0.6896551724137931,0.6868643960582674,0.32964305602889826,0.21417510421808555,-1.1642210618390731,0.36904761904761907,1.3796840637055636,0.2639025164182722,-0.3638426552388052,0.9501547068647396,-1.9694404668074554,15,muskmelon
-0.4375,0.125,-0.5172413793103449,0.10721125239422069,-0.4634142705698554,-0.17374338335120657,-0.8179114650649372,-0.7619047619047619,-0.44385677375638627,-0.5381540743889685,1.0781342292983405,-0.2331577393466262,-1.0924984344059583,10,lentil
0.21875,0.15,0.7931034482758621,-0.1410070120670058,0.3232598081577813,0.2510026016478572,0.2309904917781849,0.20238095238095238,0.0014330911173097297,-0.29221631902310125,-0.1200240096472318,0.38800783072997785,0.20729958108677163,17,papaya
0.09375,0.325,0.5172413793103449,2.265984133111776,0.37150288716569047,0.4039607959356875,0.12700236094453632,0.09523809523809523,-0.13376455112354607,-0.29986846740359974,0.05262855126553392,2.0727697751625245,0.11737464650102615,17,papaya
1.15625,0.7,0.7241379310344828,0.4842458370297916,-0.16049182691805425,-0.2730834654323868,0.42213865747697177,1.1547619047619047,0.31101921567767105,0.4292060464217658,0.12101481824084542,0.282538869211398,0.36016008033597086,1,banana
0.0,0.475,-0.2413793103448276,-1.0032904405246212,-1.8728353972815244,-0.6272498564026708,-0.18138488048694643,-0.16666666666666666,-0.22069870213102752,0.04945200805798843,0.8159129798078769,-1.849720044558897,-0.18464138029568644,9,kidneybeans
-0.4375,-1.025,-0.7586206896551724,-0.548436649073848,0.4368398527394395,-0.4315263275980865,0.11422525916122118,-1.3571428571428572,0.004625905564220703,-0.30907500008623395,-0.13932172362111395,0.21215306537458356,0.10595847651232274,16,orange
-0.328125,1.975,5.827586206896552,0.624391717581937,0.07567771190916904,-0.7676552384905767,-0.4390602454834438,2.392857142857143,-0.4666892268105723,-0.8162039591378341,-0.3267779033148695,0.6249217274410528,-0.4914653761514549,7,grapes
-0.140625,0.175,-0.27586206896551724,-1.0040434883125549,-2.095403176712958,-0.7002288558820149,0.8297808195929169,-0.42857142857142855,-0.2484907359779168,-0.1442349795107976,0.6124833716840931,-2.0180303270964655,0.6432867213231953,9,kidneybeans
-0.09375,-0.55,0.10344827586206896,0.2892656818489526,0.39231207806564994,-0.30167397186190537,0.7884356553275538,-0.6071428571428571,0.10712773832503261,-0.31790567411308956,-0.23029641738210394,0.7483351278242458,0.6168060419677878,4,coconut
-0.515625,-0.1,-0.41379310344827586,0.07989081331492413,-0.5245683190676749,-1.8884115188160668,-0.38245226042592334,-0.8928571428571429,-0.4897238014329845,-0.7417799374853529,0.5771042994397987,-0.30757577560455557,-0.4186881478424697,13,mothbeans
1.28125,-0.8,0.7931034482758621,-0.057357367239592345,0.09773166109440397,0.3963738340750413,-0.8112820631822191,0.5595238095238095,3.2581496133508336,0.4720418256754682,-0.4866797501756584,0.22650042089349443,-1.079715551994683,21,watermelon
0.359375,0.075,-0.4482758620689655,-1.173722103931016,-0.6072619045358931,-0.013995748852039075,-0.415623529192413,-0.15476190476190477,0.13269509073847782,1.0866425419740238,0.8382576314365232,-0.9724545010852677,-0.46092062471686135,11,maize
-0.21875,0.1,-0.5517241379310345,-0.7813786935340155,-0.36519134205771,-1.352717135179684,1.5316879364447602,-0.6190476190476191,-0.2876658207136237,0.023180614913882232,1.1542252182833326,-0.5953046868654684,1.0352855634788711,18,pigeonpeas
0.109375,0.3,-0.5862068965517241,0.1568354617961424,-0.539527652237241,0.9299516637452716,-0.5302663851634015,-0.2857142857142857,-0.11766563429586264,0.9478298964702152,1.5588732204949314,-0.2855514778414004,-0.6163861218015904,2,blackgram
-0.1875,-0.275,-0.3793103448275862,0.3839317049812099,0.020082441242224938,-0.18710358289615953,-0.8569864164303042,-0.7142857142857143,-0.16220095935372758,-0.12951712780873967,0.340822712163155,0.41783358565791723,-1.1700529446766668,14,mungbean
-0.09375,-1.125,-0.6206896551724138,-1.361439788863555,0.3754706323435651,0.1557011635992948,0.26953084409195777,-1.1428571428571428,3.219834746820224,0.5033506473766526,-0.4804769375894392,-0.39474559316654834,0.23935154584121265,16,orange
0.4375,-0.35,0.27586206896551724,-0.3743908552186914,0.10274313531855737,-1.1253831138473824,1.586053385450111,-0.047619047619047616,0.5243716854790516,0.13908376681642529,-0.17912312906618758,0.03426748638343665,1.061898469640455,20,rice
-0.4375,0.15,-0.27586206896551724,0.7582247879926821,0.308710977598229,0.7518337400122724,-0.8769866348488295,-0.6666666666666666,-0.4455672341541771,-0.6336036942496683,0.5903714580267833,0.9741234773370894,-1.2112951734152348,14,mungbean
1.046875,0.725,0.7586206896551724,0.2725178599350469,0.026680195644756658,-0.5660535576498508,0.26017059022047523,1.0952380952380953,0.2472832739943982,0.3251011253407474,0.11619377224135798,0.3574596642235667,0.23162756457761252,1,banana
-0.4375,-0.55,0.06896551724137931,0.6702247029451817,-1.1663225993619324,-0.7215117071407149,0.10230132346047958,-0.8809523809523809,-0.35308441142500135,-0.7017819961554125,-0.21736373531960138,-0.7447433260666212,0.0952285647024823,12,mango
1.125,-0.55,-0.13793103448275862,-0.39101347746180853,-0.6739931800646322,0.300480870349769,1.683645707640323,0.23809523809523808,1.7387889965296983,1.5409595562444296,-0.1203686205436548,-0.6681660220357498,1.1085596487616884,5,coffee
-0.171875,0.525,-0.3448275862068966,0.5633012248174545,-1.4459827472866815,-1.8000883363040123,-0.05168864380879189,-0.30952380952380953,-0.3222873817409259,-0.1348690738619428,1.066782682064615,-1.0893798235903074,-0.050424489124091074,18,pigeonpeas
-0.46875,-0.275,-0.5172413793103449,0.9870730395092807,-1.3333002604268254,2.1526842626446476,-0.6941842807175183,-0.9761904761904762,-0.43519044168050924,-0.6108775973129817,0.5786651293731369,-0.8362549081513394,-0.8696756552155768,13,mothbeans
1.078125,-0.775,0.6551724137931034,0.7301175477144352,0.35095263831706935,-0.09110884376431186,-1.2346675872217223,0.36904761904761907,2.6738563599942706,0.41937236116082266,-0.46189548730977725,1.0034752535458396,-2.2295630112669977,15,muskmelon
0.96875,0.15,0.20689655172413793,-0.12350340499300516,0.05218247323969668,-0.07704614765589284,1.0431693586778128,0.5714285714285714,0.5122906057132947,0.7450334021879255,0.12602128344302044,0.1421791849658549,0.7732262908105992,8,jute
-0.203125,-0.925,0.034482758620689655,0.6695327753554419,0.42854508088904825,-0.0668761054189827,2.0960526405397055,-0.8928571428571429,0.49860686624867884,-0.41584631846771375,-0.44486813337067843,1.0498123826780872,1.291620997971197,4,coconut
0.8125,0.175,0.10344827586206896,-0.26561317931075146,0.05210563971559327,-0.3429360077990001,1.2243341607569802,0.42857142857142855,0.3895306644486352,0.7064571226342796,0.20941478567566382,0.05536075782884535,0.8756243423363753,8,jute
0.046875,-1.125,-0.10344827586206896,0.5141533493767411,0.5521642960187834,-0.6256357847215752,1.1113905926128316,-0.8571428571428571,4.311792485034751,-0.012789293201706204,-0.5785100460281765,1.1070217132434768,0.8125809120590766,4,coconut
-0.53125,0.65,-0.2413793103448276,-0.11608149625174995,-1.9401537786022918,-0.8437259668499096,-0.5514814289403331,-0.4880952380952381,-0.5177175648416862,-0.7912319327682431,0.9645050398326518,-1.7495575076231031,-0.6469385081013158,9,kidneybeans
-0.578125,0.475,-0.3793103448275862,1.8691522159612102,-0.8249640822079757,-1.8026549287631208,0.115765560727049,-0.6547619047619048,-0.5413530181409243,-0.8654099275470282,1.0989454616154248,0.13896890250037752,0.10733916043597598,18,pigeonpeas
-0.296875,-0.8,-0.1724137931034483,0.3877275959013691,-0.9489556594524987,-1.700227822633057,-0.011186073867892663,-0.9761904761904762,0.03336166561413155,-0.4533099553327406,-0.29656196583194777,-0.6100533716335863,-0.01077488552276536,12,mango
0.84375,-0.4,0.20689655172413793,-0.1077219153253807,-0.0005540040540875909,-0.3045590704215617,1.5058650639492257,0.21428571428571427,1.0359195407806976,0.6148965674618685,-0.18121794261704322,0.10152168877236874,1.022483662715878,20,rice
1.0625,-0.825,0.10344827586206896,-0.3453655949724486,-0.40729778122629823,0.3196738532578355,1.3060808054057058,0.14285714285714285,2.9973994224110334,0.9890399631163123,-0.39708342543849856,-0.40729982755991045,0.9197126634249958,5,coffee
0.4375,0.075,0.2413793103448276,-0.3064573151770362,-0.3161752312020596,0.7102788229586857,1.1063014316594155,0.14285714285714285,0.1888657664784279,0.16484001472943066,0.06478829133245781,-0.30460307591550495,0.8096792263429121,8,jute
0.03125,-0.225,-0.41379310344827586,0.6642011371726138,-0.6491711202145841,1.6647080397214835,-0.9136833022567679,-0.5357142857142857,0.021958612727805554,0.33998247555430655,0.44443281860153583,-0.1654289906791436,-1.289930531568422,13,mothbeans
0.9375,-0.975,0.5172413793103449,-0.040013313076889066,0.30607393137251815,0.34188918543999103,-0.617977428712936,0.11904761904761904,4.362346656124346,0.4103463895207058,-0.5345133382451082,0.43905993660058834,-0.7467804927060575,21,watermelon
-0.15625,0.55,1.6206896551724137,-1.101843884050149,-2.1777485617166974,0.9463933575485092,-0.20451945733363128,0.39285714285714285,-0.316978098624264,-0.6541434809449755,-0.17962693877663521,-2.0917656561005935,-0.2098473304150232,3,chickpea
-0.578125,1.8,5.931034482758621,-0.6051865641326394,0.41796510411521726,-0.656365002227785,0.4465144155682527,2.1666666666666665,-0.5413530181409243,-0.8654099275470282,-0.3515960520606904,0.15676338022335662,0.37861721639336177,0,apple
0.8125,0.025,0.3448275862068966,-0.42028239330186956,0.03059511905792149,-0.29734266294441425,1.7257043233024485,0.44047619047619047,0.49694031806647565,0.44447928717496243,-0.012967888604101791,-0.058078662458923916,1.1282455849441868,8,jute
-0.453125,-0.575,-0.06896551724137931,-0.00042826785571958994,0.46418602418669125,-0.426115028850727,0.6835106088677059,-0.9523809523809523,-0.36802636455241994,-0.7005699380507947,-0.1747007503885765,0.6199724865945416,0.5475098523722781,4,coconut
0.6875,-0.525,-0.034482758620689655,-0.1504347090233049,-0.9626377276257687,0.6108880781165897,0.6837037751592635,-0.047619047619047616,1.0965838621702917,0.7497561003019974,-0.15644058872847202,-0.832444251206599,0.5476403019701981,5,coffee
-0.296875,-0.775,-0.20689655172413793,1.0655800357841723,-0.9610753484806203,-1.0203233406142622,-0.08117028481521205,-0.9761904761904762,0.004625932863165411,-0.4374599570110371,-0.2617876746888331,-0.3609079342147565,-0.07993369835603109,12,mango
-0.375,0.25,-0.27586206896551724,-1.251809354783087,-0.3652469245723189,1.2281470535011003,-0.768651774483534,-0.5714285714285714,-0.4120683805893157,-0.5305787016730641,0.6788191126560223,-0.8391272145395737,-0.9999312146259239,10,lentil
1.28125,-0.175,-0.5862068965517241,-0.5846982523132577,0.07799405982808788,0.6768918124402393,-0.5778888844630529,0.38095238095238093,1.0993413490670685,3.554992428287286,0.8866710621177686,-0.1174526984905751,-0.6858257387591188,6,cotton
1.0625,1.05,0.4827586206896552,-0.08814905079490093,-0.059896883497405407,-0.6876576055811852,0.23029157112879864,1.1666666666666667,0.14356683974905235,0.5455845641197613,0.4029009070952323,0.056393827171157145,0.20671219159410456,1,banana
1.0,0.6,0.6206896551724138,0.1863994122666072,0.029114621405635945,-0.19363422972724256,0.2576204161089367,0.9523809523809523,0.2755932940569289,0.38325300953577945,0.12602128847057123,0.3078554870610155,0.2295165299733776,1,banana
0.75,0.175,0.3103448275862069,-0.6497910536220904,-0.007494306501915589,0.6216594891804533,2.2337780468793667,0.4523809523809524,0.3476931955682056,0.4161204900583111,0.08071882694402348,-0.22884396358685202,1.348255944012506,20,rice
-0.09375,0.175,-0.5862068965517241,0.2759232254499872,0.14893830735016406,0.7072041323104451,-0.7324890406497864,-0.5,-0.21711263431759456,0.41209994846512044,1.3819779156588359,0.4864708596077264,-0.935315241449324,14,mungbean
-0.21875,-0.35,-0.27586206896551724,0.5651016581120023,-1.2222640959328708,1.5991146238537703,-1.0300469889588832,-0.7380952380952381,-0.16425043070616363,-0.27301622023155314,0.14813318488058855,-0.8422757833815113,-1.5693130393907255,13,mothbeans
1.203125,-0.275,-0.3103448275862069,0.0031388713265281935,0.020003579645600313,0.3304966454634928,0.011072044170843398,0.36904761904761907,1.1875803699286924,2.198463759180623,0.2529244261932521,0.188010360435917,0.010592140247634992,6,cotton
-0.0625,-0.5,0.06896551724137931,1.0074536524634325,-1.0204121369753008,-1.0352599506459905,-0.08452530447317777,-0.5714285714285714,0.10442854826756393,-0.26544084577777016,-0.18614691565613448,-0.454582235789588,-0.08332757332949772,12,mango
-0.234375,-0.825,0.034482758620689655,0.8483777997763703,-0.9444139360957331,0.19486047821434857,-0.01437668419141742,-0.8690476190476191,0.20009987416520025,-0.45330995255765666,-0.3805425656366232,-0.42546099888172695,-0.013861930323979822,12,mango
0.359375,0.15,-0.27586206896551724,-1.188822722981446,-0.6390834625887686,-0.31787439729397704,-0.33434923122448484,-0.05952380952380952,0.09721887510405694,0.6799649611020373,0.5903714580267833,-1.0022172757356427,-0.3594108866833511,11,maize
0.328125,0.4,0.4482758620689655,2.2892635971814266,0.3763621509459973,0.2776648938703012,-0.5445226441980402,0.2857142857142857,-0.016199116500167223,-0.0686833027960485,0.12012477627834789,2.095829955771052,-0.6368507497363288,17,papaya
1.125,-0.375,-0.4827586206896552,-0.020467532754951452,-0.1349560874727282,1.1203359399234323,-0.5463838137646935,0.20238095238095238,1.2954280615482145,2.877831417413469,0.3913642203697208,0.023007029083768137,-0.639542386823584,6,cotton
-0.4375,-0.075,-0.41379310344827586,0.7187484072582092,0.12585606044177902,-0.05524572295900647,-0.6550970878876929,-0.8214285714285714,-0.4276074000308252,-0.5872424499082587,0.6036385956074511,0.7400236017812698,-0.8054311228309885,14,mungbean
-0.359375,0.1,-0.5862068965517241,0.3150238355445818,-0.8502949031998916,1.658964617405546,-0.36119061273628233,-0.7380952380952381,-0.3869347240547414,-0.28846998354154174,1.2758407327571788,-0.5350516225126662,-0.3922087939825718,13,mothbeans
0.578125,-0.2,-0.3103448275862069,0.07523480677609604,-0.6277231096926261,-0.10887668096350349,0.08142315420284071,-0.07142857142857142,0.5026377688056662,1.1234203603288158,0.3221443296907364,-0.41236567361538257,0.0762611341033886,11,maize
0.984375,-0.275,-0.41379310344827586,-0.5317324534870227,-0.14423254738952473,1.0253745532529526,-0.1341892403110884,0.16666666666666666,0.9752552170078626,2.225339823994856,0.39136422626623063,-0.27592183803350717,-0.1344516150111358,6,cotton
0.40625,0.175,-0.3448275862068966,-1.2593995295657778,-0.8501385740120169,-0.23235160278066475,-0.5258945141698412,-0.03571428571428571,0.11758711672584261,0.9047467563822172,0.7290734565776315,-1.1820848363967602,-0.6101638800343276,11,maize
-0.515625,0.45,-0.4482758620689655,-1.0865676692499229,-1.1052020712748412,-1.0833293811923685,0.9195517836585771,-0.6428571428571429,-0.5061852905795524,-0.7352730962456248,1.2572202014021883,-1.299112886633395,0.6992780969448111,18,pigeonpeas
0.9375,-0.725,0.6206896551724138,0.128570180315606,0.18858910205753332,0.34680700571517686,-0.6062598220030277,0.27380952380952384,2.133392360047145,0.33380101202754936,-0.43650580715947507,0.43325449899919144,-0.7287157138309251,21,watermelon
-0.25,0.725,-0.41379310344827586,0.46599771673603635,-0.4130008318822986,0.9421879507722306,-0.5156423701720605,-0.2976190476190476,-0.38210915145975344,-0.21635247972323257,1.4527360729723329,-0.0005499329147798579,-0.595669356503752,2,blackgram
-0.375,-0.525,0.1724137931034483,-0.8068063481139207,0.372753886502548,-0.15815534226112893,0.2048769450536052,-0.7857142857142857,-0.2784742595724576,-0.6482221021789596,-0.23972172675515468,-0.018736718031594535,0.18520120828537082,19,pomegranate
-0.3125,-1.0,0.0,0.5584790655093038,0.4326210200001869,-0.8308457369373051,1.0500030765203292,-1.0238095238095237,0.3961865563404916,-0.5370177602883501,-0.4875843308668238,0.9772743885994419,0.7772135708410997,4,coconut
-0.484375,-0.35,-0.5172413793103449,0.4451768965454933,-0.006470672066660282,0.33737933581676244,-0.9591376433171018,-1.0238095238095237,-0.442978430114465,-0.6472393587749884,0.48501467313716107,0.4262195734208153,-1.3931824063066143,14,mungbean
-0.484375,0.2,-0.3793103448275862,0.18568188443955397,-0.4847128741401845,-0.2995081314029752,-0.7429264769982924,-0.7142857142857143,-0.4796604792653134,-0.688795655609839,0.8209671201495927,-0.21588772849559043,-0.9536913189863298,10,lentil
1.09375,0.5,0.7931034482758621,0.6763725773123559,0.1152771428024027,-0.3519278951501476,0.3803589732217028,1.0357142857142858,0.37288406880135455,0.337172741316897,0.015059684231662162,0.7015454006396008,0.328006900360679,1,banana
0.328125,0.7,-0.5172413793103449,0.299743057879549,-0.4860202475659241,0.6253947407803832,-0.5496945364079483,0.09523809523809523,-0.09596932839787449,1.243572237249357,1.7961210604408204,-0.1611561493767719,-0.6443419079559766,2,blackgram
-0.46875,-0.875,-0.7931034482758621,-1.1509581551704124,0.3870610731971958,1.4167157311539604,0.336945796851516,-1.3571428571428572,-0.2759465869426276,-0.38462666224393316,0.27343396342190335,-0.2428460239479764,0.29387797509255154,16,orange
-0.578125,0.575,-0.5172413793103449,-0.37877615489377187,-0.5397366752994247,0.8295821162478955,-0.8088955882125147,-0.6547619047619048,-0.5413530181409243,-0.8654099275470282,1.6400369667141939,-0.5426688655248884,-1.075139492795397,10,lentil
0.0,0.375,1.8275862068965518,-0.7951906135928096,-2.0741591042635186,0.025282551566799587,-0.2829160548582697,0.5,-0.20126510751578525,-0.5963328800657305,-0.2579455936104258,-1.972606713573848,-0.2984309079552389,3,chickpea
-0.046875,0.375,-0.5172413793103449,-1.1628513923113664,-1.994551491965534,-0.5552982153622308,0.5134178009935292,-0.34523809523809523,-0.2288398029718776,0.37088996216119746,1.3903024167515923,-1.9669543145366442,0.4281796859058686,9,kidneybeans
-0.5,-0.75,0.20689655172413793,-0.5347974608390667,0.3297328761501434,-0.33246668357975595,0.2995771979763886,-0.9761904761904762,-0.3969141418700144,-0.7840744058432427,-0.3767338137461746,0.12960420629809605,0.263889720510563,19,pomegranate
-0.09375,0.475,1.5517241379310345,-0.8027432296877913,-2.198392496227791,0.06258257964634587,-0.07300569143367079,0.38095238095238093,-0.2726966993218216,-0.6165443539259045,-0.1875658540804879,-2.097257140420745,-0.07170532192139872,3,chickpea
0.734375,-0.55,0.5862068965517241,0.7670946192507345,0.44980703073381784,-0.1845217609674232,-1.2346675872217223,0.19047619047619047,1.2158206445410233,0.19427573291108988,-0.35592818712040963,1.1418650727632598,-2.2295630112669977,15,muskmelon
0.515625,-0.375,0.3448275862068966,-0.637550534274911,0.0062781354234158005,0.5274947387369185,1.8226741641286333,0.023809523809523808,0.6382311614759539,0.16484001661633513,-0.21513395993818488,-0.21001182261531745,1.1727067061952814,20,rice
0.515625,-0.1,-0.5172413793103449,-0.157020705092537,-0.34079687467737674,0.17354831271174131,0.15904472698738506,-0.14285714285714285,0.36215827424802255,1.6799133747934363,0.7971828605904132,-0.24875634527184243,0.14564125929793448,11,maize
0.859375,0.6,0.4482758620689655,0.6056235971268347,-0.08718075616465867,-0.7758454670974109,-0.07346857695328717,0.7857142857142857,0.20279609792048656,0.3983633392993534,0.21446894305067263,0.43239375085881676,-0.07217066269765213,1,banana
-0.546875,0.675,-0.3103448275862069,-0.7281399168132967,-0.47464085919321314,0.9110802438994589,-0.8358083660154715,-0.5119047619047619,-0.5257980616935367,-0.8116577576044379,1.1297098704947195,-0.657086879899776,-1.127540824643763,10,lentil
0.046875,2.025,5.862068965517241,-0.16349197943737137,0.005540885290629379,-0.4710617253624427,-0.4245649264371449,2.7142857142857144,-0.35752171370764724,-0.7430039912785676,-0.3232227440124213,0.07386502630803941,-0.47250324596590454,7,grapes
0.3125,0.15,0.6551724137931034,2.340250052298609,0.3683860903894268,0.5746604184709356,0.18820341633224735,0.2261904761904762,0.06529028044180787,-0.1745364326758253,-0.07688804101910256,2.118685315957497,0.17092553646301925,17,papaya
-0.5625,-1.075,-0.20689655172413793,0.3458511344093893,0.4593027664843365,-0.8901012769747613,1.0484477496298734,-1.3214285714285714,-0.4655226139665252,-0.8416349291839177,-0.5067196421394563,0.8577262863622731,0.7763069788546311,4,coconut
1.28125,-0.525,0.5862068965517241,-0.027860479786681765,-0.002822316338286818,0.48323421688820595,-0.7969431572402224,0.6190476190476191,1.8649986949088866,0.635811424768639,-0.3450978618335316,0.14713771010428944,-1.0524209235711313,21,watermelon
-0.09375,-1.0,0.4482758620689655,-0.11773146769238946,0.21354529336043934,-0.4067047167687578,0.21800379594730265,-0.7023809523809523,1.1682779706193047,-0.4395732832835735,-0.5402843911279251,0.29922573656253165,0.19634889644166256,19,pomegranate
0.625,-0.375,-0.3103448275862069,-0.139465545620827,-0.8012689471392189,0.2226342327275818,-0.1070276056325132,-0.11904761904761904,0.7561895794376416,1.2040486152427015,0.16063122152993972,-0.6754538261376962,-0.10628369119017414,11,maize
-0.546875,-0.375,-0.034482758620689655,0.9333064544421501,-1.029274304351008,-0.7171082578212032,-0.05076762426805691,-0.9166666666666666,-0.5076506130090135,-0.8255292848840893,-0.05372718238619206,-0.49276197483173,-0.04951155636493959,12,mango
-0.515625,-0.125,-0.5862068965517241,0.9524623455941968,-0.6104544322863793,-1.8884115188160668,-0.5250757129067795,-0.9642857142857143,-0.48860142718112437,-0.7005699435454606,0.9574291840522068,0.011855838260539781,-0.6090012849362011,13,mothbeans
1.140625,0.675,0.6206896551724138,0.0725770455097674,-0.0553185727161572,-0.5287003007242026,0.05834846981433859,1.0952380952380953,0.3141695864653971,0.4945200039292968,0.15786244482698902,0.15507393943338685,0.05502587467881699,1,banana
0.0,0.65,-0.5172413793103449,1.853412450849125,-1.6355437574970133,-0.8345462623540847,1.6309750258224898,-0.17857142857142858,-0.24984909411698708,0.4799752465472173,1.7336874229501695,-0.9917992030890631,1.083550370858102,18,pigeonpeas
1.203125,-0.525,0.6551724137931034,0.6467115671488957,0.320656889822205,-0.37128892999323343,-1.165942113266829,0.5833333333333334,1.763891480074861,0.5163370621953776,-0.3578394207447301,0.9131155073176043,-1.9753036598270257,15,muskmelon
0.046875,0.0,-0.5172413793103449,0.5447367534093779,0.1877842934837192,0.439765062798411,-0.7580788581822382,-0.4523809523809524,-0.06555435356788088,0.5890605309332374,0.922050135571714,0.6989531939347441,-0.9807604548746434,14,mungbean
-0.140625,0.2,-0.3448275862068966,0.933969664761551,-0.9337073431128878,0.6357195956334157,1.2909723003376812,-0.44047619047619047,-0.2534545033880734,-0.07867362357847474,0.753195544112416,-0.379385390946209,0.9116576887745513,18,pigeonpeas
-0.515625,2.075,5.793103448275862,0.5304213787749965,0.013932232904436438,-0.605880330082927,-0.3629763736691425,2.2857142857142856,-0.5232442627767927,-0.8530469279845257,-0.3144480357931469,0.4994839670576587,-0.39441554883028523,7,grapes
0.625,0.0,0.41379310344827586,-0.39228523560431916,0.07267106949139983,0.7100348747501574,1.2100801564526023,0.30952380952380953,0.37455941116218444,0.21635251499524194,-0.054894374323020086,-0.0036425247259318414,0.8678072916208055,8,jute
-0.203125,2.275,5.862068965517241,-0.516764894300784,0.36815728672081005,-0.7385260386350151,0.11983190035707743,2.642857142857143,-0.43882175533188866,-0.7919663657859519,-0.2969511624648872,0.17488760052297936,0.11097824420762231,0,apple
0.8125,-0.65,0.7586206896551724,-0.14301701989182955,0.16919746317367348,-0.08031337155265461,-0.7753794903630328,0.2619047619047619,1.618297076316197,0.15339280040501058,-0.4243196852269874,0.24094375926544326,-1.0122539080546833,21,watermelon
1.09375,-1.0,0.7586206896551724,0.5325425665564383,0.3632710151801832,-0.34582843466343555,-1.106573958290875,0.30952380952380953,5.359631362418576,0.3594427903278948,-0.5619049289462026,0.8833175827492357,-1.7848118425236248,15,muskmelon
0.0,1.875,5.655172413793103,-0.3326249703866149,0.35114849573554907,-0.8557321526903167,0.210030296036636,2.5357142857142856,-0.3632117303377037,-0.7487183500557232,-0.3288523686814506,0.2847720532840659,0.1895870981267616,0,apple
1.328125,-0.275,-0.5172413793103449,-0.09608498393952823,0.026064542022734793,0.43357138476384616,-0.24953462531288392,0.39285714285714285,1.3089090287405956,3.554992428287286,0.5786651293731369,0.13394223339506353,-0.26009413072514237,6,cotton
0.21875,0.525,1.4827586206896552,-1.1494067828695567,-2.198392496227791,0.6894275402926671,-0.2483256191978343,0.6190476190476191,-0.11164734674092744,-0.4450679459247934,-0.16054911534079822,-2.1168268759679623,-0.25872320868743465,3,chickpea
-0.40625,-0.125,-0.27586206896551724,0.3699781107439281,0.31178954389490726,0.028463051212387565,-0.6478112124481312,-0.7738095238095238,-0.39628614300147447,-0.5820911979613662,0.3471404077963762,0.7183825637711314,-0.7937435523063776,14,mungbean
-0.359375,-0.725,-0.7931034482758621,-1.4335593794386148,0.3565922852873151,0.11448407924390605,0.3004131453181029,-1.2023809523809523,-0.15530729345398647,0.09615660305916186,0.627224557370069,-0.4563936129633471,0.2645669214049375,16,orange
1.25,-0.525,0.6206896551724138,-0.10703591841972343,0.22432673588339974,0.32126145552428886,-0.8160607536052513,0.6071428571428571,1.8245558089752765,0.5810609995686992,-0.35159605687569445,0.3164190325514793,-1.0889193019032113,21,watermelon
1.125,1.0,0.7241379310344828,0.7192091023123407,0.09988307010901196,-0.43182967801420424,0.2621690888152083,1.2738095238095237,0.1852856629464536,0.40587963247638215,0.24117012538222019,0.7107984291391565,0.2332799241571321,1,banana
0.484375,0.15,0.3793103448275862,0.09881991344338219,-0.005469764092265388,-0.7424987678916114,1.492738944758858,0.2619047619047619,0.1823617942033877,0.11212955489808746,0.03345978514411427,0.22028200431451192,1.0159357097617063,20,rice
-0.234375,0.275,-0.5517241379310345,1.582247144008847,-0.8824066344766506,-1.6422755628284187,1.4588070395546269,-0.5476190476190477,-0.3260924925328177,-0.015453756497461696,1.386400306848104,-0.056791561100233486,0.9988801022984621,18,pigeonpeas
-0.140625,0.525,1.793103448275862,-1.1769528063790131,-2.0651051837415517,0.05155271440917359,-0.39282409855465583,0.4523809523809524,-0.30543617894092595,-0.6593599362613796,-0.21513395452302234,-2.0198000784673327,-0.4317705399634809,3,chickpea
0.875,0.05,0.20689655172413793,0.24466377717387403,0.04616808551772395,0.6535058627351568,2.972171142449853,0.4523809523809524,0.5231342779627215,0.6474307761433826,0.07015960597755429,0.36071513085750795,1.621071445221712,20,rice
-0.203125,0.55,-0.41379310344827586,-1.0195876015263046,-1.6230985756182663,-1.8679771758333654,1.382798127867078,-0.34523809523809523,-0.34190864523722625,-0.12362998717697601,1.266995999798765,-1.6648949070019339,0.9599830114238518,18,pigeonpeas
0.90625,-0.7,0.4482758620689655,0.3996995563291387,0.337383812382377,-0.1693666381242558,-1.2346675872217223,0.20238095238095238,1.9643474979778233,0.43957333713130065,-0.39876814096943813,0.7655069053338581,-2.2295630112669977,15,muskmelon
0.171875,0.15,0.7586206896551724,0.6075657722107088,0.32516625421501794,0.19084290805384,0.5425855265357633,0.15476190476190477,-0.03049550354493934,-0.3159432877526703,-0.10983912815449554,0.8919106949728665,0.4493031448119123,17,papaya
1.25,-0.675,0.7241379310344828,0.6333841151552904,0.3928163862656773,-0.14141273910204313,-1.2346675872217223,0.5714285714285714,2.416032991109444,0.49918528825791686,-0.4296970061571222,0.9848182205944661,-2.2295630112669977,15,muskmelon
-0.390625,0.725,-0.4482758620689655,-0.6255293791607299,-0.5157919940851794,-0.481116518195962,-0.9937352545820666,-0.4166666666666667,-0.450356522894541,-0.4749994336428178,1.56445941937701,-0.6409289948629601,-1.4766336123943014,10,lentil
1.0,-0.45,0.034482758620689655,0.2520428674508911,-0.6234306800660839,0.4890254919788059,0.8145029539979186,0.25,1.3153431144375352,1.0265035939950866,-0.1393216866339162,-0.3265623131867013,0.6335539602494068,5,coffee
1.171875,-0.575,0.7586206896551724,-0.11402113742181139,0.15181477988853204,0.314153722369639,-0.6686435059394994,0.5714285714285714,1.8852201320981368,0.41667889863980695,-0.39483713300144135,0.24284089306467288,-0.8273974545575588,21,watermelon
-0.015625,0.425,-0.41379310344827586,-1.466220873677044,-1.9106256252668996,-0.5811077105748431,-0.21914442963682879,-0.2619047619047619,-0.2201889179797862,0.24725998300805002,1.1343245189605025,-1.9601101608053422,-0.2259948654119501,9,kidneybeans
0.671875,-0.875,0.4827586206896552,-0.002531058554587195,0.028965570864362026,0.5213729623272777,-0.7841120901344476,-0.047619047619047616,2.4918633384110382,0.20963349467528758,-0.48542120710049896,0.19334427331532958,-1.0283956426048622,21,watermelon
-0.546875,-0.525,-0.06896551724137931,0.08375006425901015,0.4798468792861256,-0.10291590692818446,1.9438839050465893,-1.0,-0.5009101322073141,-0.8241999301729699,-0.13932168824205537,0.6946170739473306,1.226554129585568,4,coconut
-0.171875,-1.05,0.0,0.07461135856430103,0.4777811450609932,0.039954676510155634,0.8364545891200432,-0.9404761904761905,1.2111719026746983,-0.3631630835043442,-0.5207522016982871,0.6861218884686642,0.6475192280225167,4,coconut
0.796875,-0.4,0.27586206896551724,-0.3361851872591457,0.10249006141731551,-0.5918654385838331,2.972171142449853,0.20238095238095238,0.9839215443327322,0.4945199971296473,-0.20565742589719754,0.057787537278567995,1.621071445221712,20,rice
-0.15625,0.3,-0.4482758620689655,-0.7947838702543568,-1.9975478176665646,-0.8908288594804262,0.6507227252071685,-0.44047619047619047,-0.28136303259963646,0.013013683737445183,1.0896351734159222,-1.911120442619429,0.5252075657943889,9,kidneybeans
0.8125,1.0,0.7931034482758621,-0.07544343475462872,-0.009443392565151542,-0.15977090296849375,-0.007502470803990251,1.0595238095238095,0.05195746458179713,0.13486911477904046,0.2080363897729393,0.11230872943443176,-0.0072184452992807135,1,banana
1.4098437500000038,-0.15,-0.5862068965517241,0.0021101238744507794,-0.016682778159188606,-0.6460612140733003,0.07830256551671926,0.6428571428571429,1.3459816797312731,3.554992428287286,0.9220501230849877,0.15151432756216102,0.07340618451996284,6,cotton
0.75,-0.725,0.7241379310344828,0.07743818159962781,0.3105867067369548,0.4283579963612417,-0.5980519119537367,0.16666666666666666,1.8024960246011985,0.12596266513177803,-0.4497228906806846,0.5218322108734328,-0.7161854271873458,21,watermelon
-0.109375,0.3,-0.5517241379310345,-0.3317420352430763,-1.9734473740208545,-0.9280262400533579,0.09866663628855765,-0.44047619047619047,-0.25247525642838226,0.29362121479328973,1.4195681766430714,-1.8163735411265232,0.09194308465095727,9,kidneybeans
-0.5,-0.95,0.1724137931034483,-0.5504039407174972,0.3111342092469061,-0.8026537914975324,0.14474420701507437,-1.0833333333333333,-0.30802868638679715,-0.7818761485593094,-0.483550399843161,0.10320341020602615,0.1330892179305774,19,pomegranate
-0.296875,-1.05,0.27586206896551724,-1.0527223265618064,0.2853621377635261,-0.8242332889673623,0.1928871679094835,-0.9404761904761905,0.6719334655006606,-0.5872424429540718,-0.5506032847003269,-0.2513611163362895,0.17494894373758654,19,pomegranate
1.109375,-0.45,-0.034482758620689655,-0.3165200668724416,-0.4638187969960394,0.986208928978758,0.8449323799818771,0.30952380952380953,1.4440250246162403,1.2881447762516727,-0.10508388555733204,-0.4439126135293422,0.6528793090013943,5,coffee
-0.3125,0.325,-0.5172413793103449,-0.7795223148708521,-1.8713515653918562,-0.7878399221162828,0.5054051769735677,-0.5714285714285714,-0.38021339164568174,-0.24725998269291538,1.327868779260942,-1.8071026308990783,0.42232636539365814,9,kidneybeans
-0.578125,-0.75,0.0,1.7994713119325592,-0.8845532876510996,-0.0013713650109867072,-0.0436201127425344,-1.1071428571428572,-0.5413530181409243,-0.8654099275470282,-0.3217449767095075,0.02800227917263218,-0.04244493745837542,12,mango
-0.3125,0.175,-0.41379310344827586,0.44168478632448877,0.18086168130737074,-0.002150870774684001,-0.9406156822564298,-0.6071428571428571,-0.3635437753990983,-0.3399824697849079,0.8689815572839766,0.6255180173237311,-1.3502790603375496,14,mungbean
-0.3125,0.2,-0.5172413793103449,-1.2312029354965361,-1.922193491445383,-0.7600075011978427,0.647143196948763,-0.6309523809523809,-0.3665574913266934,-0.24725998269291538,1.171784685534316,-1.9267273200243444,0.5227533211857072,9,kidneybeans
0.765625,-0.275,0.034482758620689655,0.10750671869382543,-0.951747074440854,1.0256599574694791,0.7034211965077156,0.15476190476190477,0.7629300640870325,0.7455263383205153,-0.026751943099319622,-0.7219202677487891,0.560898761952861,5,coffee
-0.234375,-0.85,-0.20689655172413793,0.5512062352001798,-1.1046891755709218,-1.7186238669998308,0.0824841567206077,-0.9642857142857143,0.24371474761762676,-0.3423599635585947,-0.3230206665514889,-0.7176056036963904,0.07723062793729102,12,mango
1.265625,-0.275,0.10344827586206896,0.1441821626761414,-0.7416236341577332,1.0542031235215383,0.4536910719214071,0.5595238095238095,1.2482446993346439,1.218638521007964,-0.0635094093257093,-0.495593347929782,0.38400989733995416,5,coffee
-0.4375,0.2,-0.2413793103448276,0.845058828778022,-0.6858737665447441,1.299155770963114,-1.006051948813292,-0.6309523809523809,-0.44881420982750797,-0.6428759432106729,0.5824111711975164,-0.12578040999784984,-1.5074556475013616,13,mothbeans
1.0,-1.0,0.6551724137931034,-0.0019564912455681855,0.12456122700643789,0.3694977728144505,-0.8564598171657404,0.20238095238095238,5.028735042013371,0.35876942301422593,-0.5555459472183197,0.287088588833722,-1.168981673129061,21,watermelon
0.0625,0.45,1.7241379310344827,-0.9525917076655938,-2.150893664081708,0.29115393876599444,-0.4368962884407453,0.5476190476190477,-0.18088381063686243,-0.5563349407082981,-0.2234548143950648,-2.053595062762243,-0.48861987923766503,3,chickpea
-0.15625,-1.075,-0.06896551724137931,0.16076563651003445,0.5521642960187834,-0.43358163578226505,2.141811735698159,-0.9642857142857143,1.5060678945678518,-0.30907496299724013,-0.5284913718537874,0.8682048864859105,1.310667312018278,4,coconut
-0.125,-0.65,0.10344827586206896,0.49214656573078674,0.37366785289938725,-0.9106362240547793,1.1171710167370354,-0.6785714285714286,0.1623531924125198,-0.3532285291733437,-0.29094623849352014,0.8671748780361953,0.8158701896251916,4,coconut
0.953125,-0.625,0.6896551724137931,0.31557305225630755,0.3417792930652837,-0.2883635383827657,-1.1192592209743752,0.35714285714285715,1.7452255209948437,0.2995650146487554,-0.40466465059894746,0.7134554098332535,-1.8236024495842162,15,muskmelon
-0.5,-0.675,0.27586206896551724,-0.14326515860433778,0.44855804499767293,-0.1368818320034152,0.1676986551007822,-0.9166666666666666,-0.41496900065159237,-0.7881411818267625,-0.35159605846775227,0.504998058119135,0.1531882478940256,19,pomegranate
-0.078125,1.725,5.931034482758621,-2.375617376266567,0.09769679547858642,-0.29977175566404857,-0.4637648330836562,2.5,-0.3795814703621947,-0.7684452250865219,-0.35783941615402126,-1.3663714860553422,-0.5243246710943718,7,grapes
-0.3125,0.025,-0.5172413793103449,0.409977251548857,0.19887476835299964,-0.06815952411146868,-0.8490551937282823,-0.7142857142857143,-0.34302732470805014,-0.24725998269291538,0.9532669543170392,0.6244995073265323,-1.1539958219461315,14,mungbean
-0.234375,2.05,5.827586206896552,-0.29448827241699804,-0.014142170382989592,-0.43910549589729425,-0.46575925819110164,2.5,-0.44100600533929935,-0.7977517209843863,-0.31885721753506174,-0.022707008532166856,-0.5270079319257666,7,grapes
-0.296875,-0.975,0.10344827586206896,0.10764498459259704,0.5332183542982321,-0.09505659673171139,0.6193433501314478,-0.9642857142857143,0.36861186986706396,-0.5475042320047412,-0.48805815710562295,0.764897107842758,0.5035599804584194,4,coconut
-0.265625,-0.7,-0.7241379310344828,1.0979677997408355,0.3224144364507732,-0.024351226611431964,0.25699289750948584,-1.0952380952380953,-0.013837120010661622,0.25849902703556576,0.4396083557231297,1.217486440358006,0.22899663089725222,16,orange
-0.046875,0.225,-0.5517241379310345,1.0121953912793549,-0.5483267605581698,0.9131713389289936,-0.523639988176233,-0.42857142857142855,-0.19758848197582823,0.44815870043866557,1.320064567258169,0.11419269885272826,-0.606964828959347,2,blackgram
-0.25,-1.125,0.3103448275862069,-0.11029418355296691,0.29800281627519926,0.6717220546593559,0.21040887798448057,-0.9285714285714286,1.5818982102734604,-0.5487965302562974,-0.5923462638139515,0.38452385046638393,0.18990881330496845,19,pomegranate
1.3125,-0.15,-0.3448275862068966,-0.530350841600499,0.025729135646688453,0.01261292715201928,-0.5173125006374614,0.5,1.0898433993057608,2.5344148146027923,0.4154863186254324,-0.12892856290646282,-0.5980214136304016,6,cotton
0.0,-0.525,0.06896551724137931,0.35026232036763955,-0.9055591726420062,0.3753838352385913,0.07759983120247807,-0.5357142857142857,0.20684037163086566,-0.19271732071482983,-0.20175532548786793,-0.5788609613924659,0.07276254749186446,12,mango
0.34375,0.275,0.5862068965517241,2.7273391255102584,0.4311116228193041,0.5226648058545532,0.338844836299882,0.2857142857142857,0.03593657326263431,-0.1211069041300167,0.0014725473465644658,2.302668739333591,0.29538663972936047,17,papaya
0.53125,0.025,0.3793103448275862,0.16587888821660834,-0.22147508687191955,0.3088202618811824,1.447803717062146,0.23809523809523808,0.2869484073728443,0.15525629677066619,-0.02824788201237566,0.0413164602030448,0.9933090133495142,8,jute
-0.46875,-0.5,-0.1724137931034483,1.0072249510002473,-1.108914993145406,0.09493360603139647,-0.001678776082245251,-0.9642857142857143,-0.40436904950882074,-0.7051488272414719,-0.06070155239536423,-0.5608679323589923,-0.0016123122683756835,12,mango
0.953125,-0.4,-0.4827586206896552,-0.29838822855320973,-0.19227934761373738,-0.18311033930519882,-0.050968406710524314,0.05952380952380952,1.1572481991592842,2.500073116545897,0.361881669236121,-0.1874028598835975,-0.04971053026930673,11,maize
-0.234375,2.3,5.655172413793103,-0.6252688711319605,0.37509442455431385,0.0694290004760973,0.37776834878858373,2.5714285714285716,-0.44867140209730266,-0.7960257463359821,-0.28011590414453336,0.10690106369238876,0.3259911539961438,0,apple
-0.53125,2.075,5.758620689655173,-0.9075374500737133,0.026252379703393027,-0.6295312957198821,-0.40152983482069604,2.261904761904762,-0.5277714516178256,-0.8560910836559288,-0.3126613042209861,-0.35656294073709444,-0.4428369032217292,7,grapes
0.984375,0.175,0.3103448275862069,-0.4064663125760779,0.24703819721899423,0.23292794817787765,1.115325415344355,0.6309523809523809,0.5045837038698169,0.6422729166945472,0.08071882694402348,0.14240901818137117,0.8148207282712585,8,jute
0.953125,-0.6,-0.1724137931034483,-0.13952356612210678,-0.9844497125469881,0.8266318920039089,1.7423924064837906,0.07142857142857142,1.6605374300893743,1.3782454767307601,-0.13932169020755875,-0.8488774758731289,1.135988152581165,5,coffee
-0.28125,1.725,5.620689655172414,-1.1752728625334894,0.019478733593342852,-0.512334868021281,-0.3593219462592622,2.238095238095238,-0.4453011616473036,-0.8051799296861482,-0.3434316529531756,-0.5233242417729808,-0.38990293223761135,7,grapes
-0.125,0.4,-0.3793103448275862,0.7407990980762661,-0.5773386570279647,0.19455310855458166,-0.5377827022672782,-0.34523809523809523,-0.2787760673205458,-0.01177427985061361,1.0231331866701983,-0.04857279647291439,-0.6271421451431953,2,blackgram
0.359375,0.425,1.7586206896551724,-1.1091650110350573,-2.0902529531828,0.19411988389414409,-0.1565550616924588,0.7738095238095238,-0.00607951787236078,-0.41855452482296723,-0.2352287751680551,-2.0285486718429913,-0.15803479753287666,3,chickpea
-0.171875,-0.35,-0.06896551724137931,1.7130173550118861,-1.0460995877553545,-0.27188183660602316,0.04468094317451823,-0.6309523809523809,-0.11506313669293401,-0.3296799616842693,-0.015494970729231599,-0.22591996464469224,0.04230993405341029,12,mango
-0.265625,-1.075,-0.6896551724137931,-0.03807219376226543,0.4853735731174115,0.849491826014512,0.39296499192645623,-1.2619047619047619,0.975255065347058,0.16483995529193887,-0.3162170166641904,0.6140979828456335,0.33777848307531155,16,orange
-0.234375,0.225,1.8275862068965518,-1.1579421363740685,-2.198392496227791,1.4147495339671237,0.0001580799312624067,0.25,-0.3189171417988033,-0.7054181695851754,-0.29540577786764816,-2.1168268759679623,0.00015174356856078894,3,chickpea
-0.46875,0.65,-0.4827586206896552,-0.8597896581473816,-0.6728891214139814,0.23000532369675805,1.6313757316335147,-0.5238095238095238,-0.48620362710936865,-0.6250182815403907,1.6001488168473124,-0.8782397083659962,1.0837421597269532,18,pigeonpeas
1.25,-0.425,-0.2413793103448276,-0.11791910683953187,-0.8001156816470161,0.8005928131259181,0.5020457169603948,0.35714285714285715,1.5462136022069648,2.0275318688255917,0.05172524253760616,-0.6652669190912884,0.41986567687733095,5,coffee
-0.453125,-0.7,0.20689655172413793,-1.0778887935373325,0.22330994223839765,0.5881634415622887,0.18130145529792172,-0.9166666666666666,-0.33034665888881926,-0.7352730928209714,-0.34880297501344154,-0.3138938486592927,0.16497764501947915,19,pomegranate
-0.125,0.525,-0.27586206896551724,-0.40645550697716276,-1.4762540956391974,0.5440724422285665,1.148716022685257,-0.25,-0.2970105775409261,-0.11847873136664662,0.9220501628864295,-1.3872218682212583,0.8336990730734798,18,pigeonpeas
0.9375,-0.65,0.6206896551724138,0.12159627659414003,0.012080540093522874,-0.346035103925955,-0.7738274817133035,0.30952380952380953,1.8124229275033543,0.33380101202754936,-0.40466465080305736,0.25152087747581187,-1.0094025351577716,21,watermelon
-0.0625,-0.9,-0.8417241379310345,-1.6789623216415401,0.37494155783077676,1.249990595397711,0.25380245757798664,-1.0833333333333333,0.7932621731810431,2.048725281879921,0.467176395435299,-0.6115710413815308,0.22635066370435158,16,orange
1.25,0.775,0.4482758620689655,-0.038961196545175464,-0.0421062315149633,-0.8372633233258429,0.18037608771177469,1.1666666666666667,0.324223400320276,0.7417799878989139,0.29702008897645676,0.10243739086690415,0.16417846250481294,1,banana
-0.15625,0.5,-0.27586206896551724,1.0307226247178043,-1.0892899128831153,0.6492029477961981,1.196348344424609,-0.2857142857142857,-0.31065767844520914,-0.16999122765494876,0.8999382492291197,-0.5289009378323386,0.8602393214394585,18,pigeonpeas
-0.140625,-1.025,-0.06896551724137931,0.7541951161283791,0.35691223240627656,-0.12885467585559496,1.6598028565366862,-0.9285714285714286,1.1572480778306378,-0.28846996431021094,-0.49311230970726627,1.0265803876145938,1.0972882366302412,4,coconut
0.90625,-0.95,0.4827586206896552,0.7492758797911203,0.4449511335000472,-0.31303133064654076,-1.210875591142453,0.09523809523809523,3.891809285187492,0.4112041363419718,-0.5200311596016314,1.1238724484944116,-2.1367577422719344,15,muskmelon
-0.484375,1.85,5.931034482758621,0.41630837902671364,0.08044650803893583,-0.7152427661555827,-0.4209264742112141,2.25,-0.5122341395310467,-0.8472290458356833,-0.3448324076421108,0.5019213699235875,-0.4677796201726386,7,grapes
0.796875,-0.55,0.6551724137931034,-0.1386543195729899,0.28281822603977574,-0.34411333977485514,-0.7844262230771234,0.2619047619047619,1.2994955808592115,0.20120178383307438,-0.36824502740123477,0.35129506230645646,-1.0289794297079429,21,watermelon
-0.203125,-0.175,-0.5172413793103449,0.7525668737711334,-0.0170742264456274,0.24072716750492362,-0.7470773624074454,-0.7261904761904762,-0.21045667517460648,0.007272347541131103,0.7035324043544376,0.5977484250302659,-0.9610600385265585,14,mungbean
-0.4375,0.45,-0.41379310344827586,-1.0770202872402186,-1.9041768096698175,-0.8607418539821136,0.5855721774524254,-0.5714285714285714,-0.4622256311278375,-0.5872424499082587,1.160858815128155,-1.8865445275533959,0.4799211507368371,9,kidneybeans
-0.015625,-0.2,-0.3793103448275862,0.49313244271028855,0.14529153376067594,0.7265384835568589,-0.708706365031245,-0.5476190476190477,-0.033465608275015366,0.19427570407610728,0.4166349871083819,0.6197430832691637,-0.8942363766321642,14,mungbean
0.0,-0.7,-0.13793103448275862,0.016345944822228637,0.46348698837891333,-0.7085664765686976,2.1942311502537795,-0.6904761904761905,0.43455139340006166,-0.04856891011323063,-0.23408703431528582,0.6310530872593201,1.3322033391256332,4,coconut
-0.265625,-0.775,-0.7586206896551724,-2.3667843333487286,0.4422861900026208,0.5590459971233289,0.19118436045412646,-1.1428571428571428,0.06529026075250871,0.3708899112547367,0.39136417319764377,-1.0498772854065752,0.17348741105717005,16,orange
-0.3125,2.125,5.655172413793103,-0.285479301520105,0.3351088080646539,-0.5629417356259957,0.14028118932985023,2.4166666666666665,-0.4655226050453013,-0.8117948784294017,-0.30177655504983,0.3019993007824438,0.12915107195915446,0,apple
-0.34375,-0.575,0.0,0.5762618186666119,0.5521642960187834,-0.2181846184697931,2.195602963577854,-0.8452380952380952,-0.2163655426624786,-0.5756521329070182,-0.20565742879938614,1.2218740696552006,1.3327629557292302,4,coconut
-0.015625,-0.8,0.0,0.2753760093256426,-1.0040578537256304,-1.5254343965064336,-0.04065313331420545,-0.7023809523809523,0.6080763493691874,-0.1699912204110041,-0.3549128475409708,-0.7109956353456224,-0.03952093033509633,12,mango
-0.09375,1.975,5.724137931034483,-0.6444451720892411,0.41033112581363923,-0.898390178935511,0.42828533976793765,2.5357142857142856,-0.3966919224383673,-0.7686288703707098,-0.32157745308166463,0.1232513756136219,0.36483496935882875,0,apple
-0.3125,-0.825,0.3793103448275862,-0.17866092357434532,0.34646689292549554,-0.6030630104003113,0.14268843739096326,-0.8095238095238095,0.031587853186535536,-0.6210250569357493,-0.44786001867650765,0.38453483645159947,0.1312764536020404,19,pomegranate
0.96875,-1.125,0.4827586206896552,0.5367427026812402,0.46041245769750255,-0.03596927054679183,-1.1142693508078099,0.05952380952380952,7.666096351493642,0.46495630745308764,-0.5963012405584729,0.9926387222688562,-1.8082282922655035,15,muskmelon
-0.421875,0.1,-0.3103448275862069,-0.7506750774301533,-2.0498790456168443,-0.7206810692602645,0.7185309837503261,-0.6904761904761905,-0.43105423665079357,-0.5966490778340763,0.5990239436806736,-1.946641287683652,0.5709830825136567,9,kidneybeans
1.09375,0.525,0.4482758620689655,0.4560670211439087,0.033728294892497984,-0.6565955871172954,-0.057036930213306684,0.9285714285714286,0.3601863316590692,0.6044133284590897,0.17908988051105085,0.4760682737647884,-0.055736420741010546,1,banana
0.859375,0.85,0.6551724137931034,0.6418749425884842,0.01815755540844652,-0.7078387546909932,0.238634955541479,0.9761904761904762,0.11524914411969646,0.24968413435035186,0.21446894536302963,0.5713056533557226,0.21370974585610772,1,banana
0.046875,-1.05,0.3103448275862069,-0.1978028660902836,0.163544556661245,-0.6648565531826124,0.19233931689758246,-0.6666666666666666,2.154839167729264,-0.26233678985039804,-0.5535155855009913,0.20080626656503692,0.17447886867953136,19,pomegranate
0.9375,-0.725,-0.20689655172413793,-0.33163633003078213,-0.7018433561404853,-0.36614620936309217,1.530890083407654,-0.011904761904761904,2.133392360047145,1.4407649136747014,-0.22096568011372933,-0.6666279915979055,1.0348915929777287,5,coffee
1.171875,-0.05,-0.2413793103448276,0.02963436109134115,-0.08871930427974431,0.039616354985026,-0.4840470740168547,0.47619047619047616,0.8452602317907821,1.9039018775276166,0.3701367997335523,0.09701495958441185,-0.5518300112878501,6,cotton
0.96875,-0.325,-0.3793103448275862,-0.45686655398387105,-0.3010505552637576,-0.0809646560654039,-0.4580732130148296,0.14285714285714285,1.0391124037766728,2.048725559416594,0.2902811955330037,-0.3709194791693268,-0.5166926040936751,11,maize
0.578125,-0.3,0.20689655172413793,-0.39483347251277273,0.13629402771403348,1.3840603603022215,2.3420059140946354,0.05952380952380952,0.6097137442084967,0.3383557936689977,-0.12535626515157713,0.051427144933233006,1.3913592700589337,20,rice
-0.546875,0.6,-0.3448275862068966,-0.2818741823826149,-0.6311905503131405,0.2327592373000544,-0.7150242494719399,-0.5595238095238095,-0.5251758634439371,-0.8092144772635602,1.1391489446689687,-0.5798839352906936,-0.9050437377807741,10,lentil
-0.0625,1.725,5.931034482758621,1.6647742946222852,0.05810888717395395,-0.9024805217961874,-0.42441127026226394,2.5238095238095237,-0.3745261094941094,-0.765902857885483,-0.3593621878748168,1.2417670846431548,-0.47230347155541413,7,grapes
0.546875,0.0,0.27586206896551724,-0.40077975389586196,-0.2168332074936101,1.0154081858293178,1.773434019172428,0.20238095238095238,0.315084578090554,0.2472600108247972,0.006616948750882011,-0.2662006506398515,1.150288539541785,8,jute
0.75,-0.6,0.4482758620689655,0.09582023723125556,0.27551105146543625,0.03650136019769703,-0.6262844325650564,0.13095238095238096,1.368449921650661,0.3022066776914767,-0.3515960575832757,0.49907611365574,-0.7597153705460906,21,watermelon
0.96875,-0.8,0.034482758620689655,0.3498079807323472,-0.8422454752856461,-0.16164659953678112,0.6074687671427995,0.05952380952380952,2.619577742511883,0.9890399599051439,-0.3644611737031094,-0.5122642858001909,0.4952889662443169,5,coffee
-0.125,0.075,-0.5517241379310345,0.3920839026619221,-0.8714055422088218,1.7642299695199424,-1.0623639537763712,-0.5595238095238095,-0.2155630988492133,0.25498684338194577,1.1210573484883652,-0.5258401478846342,-1.6567079101797042,13,mothbeans
0.359375,0.175,0.6551724137931034,2.7273391255102584,0.4166436741881624,0.41947359252149585,1.2020384082688529,0.27380952380952384,0.08620901506552028,-0.13817466978786738,-0.0664824343625979,2.302668739333591,0.8633797324597563,17,papaya
0.828125,0.2,0.10344827586206896,-0.21970407801201047,0.31374270326742437,0.6832819804545153,1.3618091162256447,0.4523809523809524,0.38403506499323925,0.7241185501644066,0.22457724095351791,0.3264152810553582,0.9490685735434575,8,jute
-0.078125,2.3,5.896551724137931,-0.2926541394533816,0.34671423228845516,-0.02527051125735741,0.25108461161591,2.738095238095238,-0.407473116338585,-0.7679675664560647,-0.2909462295304925,0.30776414587654577,0.22409308681507453,0,apple
0.921875,-0.825,0.6206896551724138,-0.03252439506002789,0.1266456890980691,0.4844859889047236,-0.901762969856174,0.21428571428571427,2.694077784649437,0.3214380126504919,-0.47896068230136535,0.26996268237990684,-1.2639490763492456,21,watermelon
-0.09375,-0.95,0.034482758620689655,0.7247999847213372,0.4937216328593704,-0.091220954222445,0.9066313459354703,-0.8214285714285714,0.9052578387346641,-0.28472359915291373,-0.46094952530419225,1.1622873214934548,0.6913424217671733,4,coconut
-0.296875,0.575,-0.5862068965517241,-0.10662980958298791,-1.9610039317881185,-0.74104071193527,0.8756754594057046,-0.4642857142857143,-0.3937911341071559,-0.1236299995399742,1.8150592523529459,-1.767836759916935,0.6721632931364219,9,kidneybeans
-0.078125,2.15,5.931034482758621,-0.46089597794176596,0.42359579303596095,-0.6223842125097359,0.3888378159070744,2.7023809523809526,-0.3996553119108411,-0.7684452250865219,-0.3136155872135258,0.26143367507469967,0.3345860403716518,0,apple
-0.21875,-0.7,-0.1724137931034483,1.5958717889788612,-0.9798809033494474,-1.3018260797894008,0.04302175031889194,-0.8690476190476191,0.06529026470887779,-0.3388377408287718,-0.21794182801975326,-0.18093079175555996,0.040759168457758246,12,mango
-0.40625,1.775,5.620689655172414,-2.319008101529858,0.10183451103840073,-0.8037208627691523,-0.42583342782419425,2.1666666666666665,-0.4866556710361356,-0.8305399287854661,-0.33798872016173076,-1.1749277188097527,-0.47415345421020044,7,grapes
1.0,-0.95,0.7586206896551724,-0.015541230218242455,0.07984722842692132,0.407360987931072,-0.6509300057510822,0.2619047619047619,4.171798483292445,0.29075946035360006,-0.5422498941291719,0.23502766775262093,-0.7987358013789185,21,watermelon
-0.21875,0.525,1.793103448275862,-1.1265079556865611,-2.134111525177339,0.5008926101443013,-0.2514481900886016,0.39285714285714285,-0.3475641859409257,-0.6961545775623882,-0.21513395452302234,-2.0628785816688935,-0.26226643932682314,3,chickpea
1.09375,-0.2,-0.4827586206896552,-0.5360191210837055,0.0334024829889772,0.32140296118508566,-0.4950481954711943,0.2619047619047619,0.9682012278494161,2.809148089983002,0.5977420783049192,-0.12576411087229994,-0.5669547150153749,6,cotton
-0.046875,-0.4,-0.3793103448275862,0.5073577406377855,0.07182302891364947,0.2591743327157113,-0.6196685614351637,-0.6666666666666666,0.047957608269352046,0.1354042800970441,0.21446892058777667,0.5486735712005444,-0.7494050678134917,14,mungbean
1.09375,-0.725,0.7586206896551724,0.4294956096080587,0.3467943835588101,0.20375351697173666,-1.2346675872217223,0.44047619047619047,2.4091393062521007,0.3594427903278948,-0.45380223745253356,0.7956639362029042,-2.2295630112669977,15,muskmelon
0.609375,-0.275,0.3793103448275862,-0.06261802964427642,0.0866562739269372,-1.3950546241818245,2.3138721039887753,0.15476190476190477,0.6112692405721536,0.2271341998916305,-0.17634628318795167,0.21256405671253578,1.3802688272887744,20,rice
-0.5625,-0.6,0.13793103448275862,-0.2657049965633298,0.4307901958737782,-0.7649909718520939,0.1730803432541762,-0.9761904761904762,-0.5188847482610234,-0.8482390952124437,-0.2719931690803181,0.4032108630259293,0.15786317470689057,19,pomegranate
0.03125,0.5,1.793103448275862,-0.9079089022879712,-2.1588899239174992,1.7517300746286208,-0.20747119836261355,0.5714285714285714,-0.2081264163582246,-0.5784117253991604,-0.22145164432742304,-2.0542804702362263,-0.21309290865404526,3,chickpea
0.734375,-0.275,0.3793103448275862,-0.08790790200294853,0.2621410052448918,0.8165465541484039,1.2642925439614037,0.25,0.7325978993840566,0.34213884488517354,-0.17634628318795167,0.3650490986895983,0.8973310376978805,8,jute
-0.328125,-0.55,-0.6551724137931034,1.1789923809436877,0.44208762130763407,-0.24038569268741533,0.38704200421597545,-1.0476190476190477,-0.20665327286817234,-0.10461000918902265,0.513830176705919,1.4199289475882513,0.3331949025087227,16,orange
0.046875,-0.875,0.10344827586206896,1.1051611630439189,-1.0607438706621137,0.053980613243329374,-0.08771713785914341,-0.6547619047619048,0.9752551601350571,-0.15895282634194616,-0.4274083359942067,-0.4673628291335582,-0.08656325287432728,12,mango
0.71875,-0.75,-0.13793103448275862,0.008464866604740967,-0.6747859686234948,1.0610957584796976,1.6167462957706293,-0.16666666666666666,1.8563323279561807,0.9669631656152745,-0.27199317223916286,-0.4891824157666021,1.0767247501768011,5,coffee
-0.015625,-0.325,-0.5862068965517241,0.4932095086647497,0.2374650325808991,-0.11356321641460092,-0.6229186797338712,-0.6785714285714286,0.033361680738201886,0.6181499284670798,0.6743966963144539,0.7199287925200357,-0.7544615850806276,14,mungbean
-0.234375,1.8,5.931034482758621,1.2008938529071014,0.11250069839517773,-0.5484025183183922,-0.4409399679639024,2.4285714285714284,-0.4328477116819176,-0.7990718811059979,-0.3515960520606904,1.0255895395015868,-0.4939413458711345,7,grapes
-0.015625,0.075,0.4827586206896552,2.7273391255102584,0.4847214111610228,0.2371355982291031,2.026374830869877,-0.11904761904761904,-0.13692415281328305,-0.3816403875469861,-0.047028475419488736,2.302668739333591,1.2621640212351082,17,papaya
-0.453125,-0.7,0.41379310344827586,-1.2212478601294148,0.307841439990239,0.7167005310703133,0.2321004975858301,-0.8452380952380952,-0.33034665888881926,-0.7530190244257534,-0.3926036074852131,-0.34700965573488485,0.2082320011432015,19,pomegranate
0.671875,-0.625,0.7931034482758621,-0.17062715407888351,0.28428521812913293,-0.2986029602255721,-0.7733083796978579,0.17857142857142858,1.3252417076841922,0.03371730151011217,-0.4191379032362114,0.3315272807288532,-1.008449997440161,21,watermelon
0.625,-0.375,0.1724137931034483,0.23677550100248007,0.030896145128567747,-0.3026686742023531,1.6904395188574826,0.047619047619047616,0.7561895794376416,0.42101026886384013,-0.1536645480182113,0.34018424078797027,1.1117564589478761,20,rice
-0.21875,0.275,1.8275862068965518,-1.1345458806481876,-2.053859277273081,2.1096925069780452,-0.2381709302923009,0.2857142857142857,-0.3163079231869947,-0.6981458169505459,-0.28291904978190735,-2.0055783288958393,-0.2472559504899934,3,chickpea
-0.46875,-0.85,-0.7586206896551724,-2.375617376266567,0.35946922496220135,0.035289463956207204,0.19630631763804118,-1.3333333333333333,-0.2915587290359308,-0.4327049839664105,0.2321584041520165,-1.2876647693723384,0.17787948992030259,16,orange
-0.578125,0.35,-0.5862068965517241,-0.3565989589956562,-1.9291373647278367,-0.8055314377522874,0.018122725261961695,-0.7857142857142857,-0.5413530181409243,-0.8654099275470282,1.6296313424293696,-1.7806035796934807,0.01729985620943998,9,kidneybeans
0.96875,-0.025,-0.5862068965517241,-1.2779410184895268,-0.31797150001515145,-0.8794695228425917,-0.11339750943743682,0.21428571428571427,0.6598007101026833,3.2143796764917694,1.0989454279210833,-0.8198085235950074,-0.11284399810146699,11,maize
1.15625,-1.125,0.6206896551724138,0.3596975481312039,0.3787947953282084,-0.03236932460151919,-1.1844430988320462,0.23809523809523808,7.666096351493642,0.5068830033063543,-0.5963012405584729,0.7823351673398962,-2.039766833981874,15,muskmelon
1.03125,-0.45,-0.2413793103448276,0.2745084495802713,-0.8344037174877597,0.49147953126860056,0.7575967227675195,0.17857142857142858,1.352109374488594,1.681367893191261,0.030497805391209835,-0.5352085613199598,0.5967569505898226,5,coffee
1.0625,0.225,-0.3103448275862069,-0.344111673956078,-0.11191306791595088,-0.22937508333708248,-0.1225012535278491,0.5,0.5202727553101075,1.9565789944389664,0.7143904495098139,-0.14040202062850624,-0.12226810187336887,6,cotton
-0.203125,-0.15,-0.4482758620689655,0.23228033198088519,-1.067470326560308,-0.4909714812448075,-1.0167613454006799,-0.6904761904761905,-0.217809927077119,-0.08458893973860741,0.5868800894571241,-0.7924808354333552,-1.534760488687623,13,mothbeans
-0.265625,1.775,5.931034482758621,-2.375617376266567,0.010801082113397958,0.05727787591364052,-0.5030958016853522,2.380952380952381,-0.44190329613221757,-0.8048069885092118,-0.3526366127492571,-1.2531497243442862,-0.5781126186138166,7,grapes
-0.265625,-0.8,0.10344827586206896,1.501054678159036,-1.006992397593127,-0.325415812167367,0.05478149416368196,-0.8571428571428571,0.09721885269802674,-0.5121813769444872,-0.3819209701606445,-0.2526801027313618,0.05171724658836495,12,mango
0.5,0.15,0.10344827586206896,-0.2099696670863234,-0.06727412383774489,-0.2507295082864985,1.5491310273682282,0.17857142857142858,0.19300465909080414,0.35322857203173846,0.19425233039780984,-0.02182078909623883,1.0438739400967518,8,jute
0.046875,-0.55,0.3448275862068966,-0.15366178302295763,0.2851761615613131,0.6892944522930984,0.2696979807150602,-0.4166666666666667,0.2953963450409555,-0.27669567373939197,-0.3035816161468462,0.3435940088403657,0.23948911761394892,19,pomegranate
-0.0625,-0.35,-0.4482758620689655,0.41747621757651765,0.20233599720210252,0.7703505584490665,-0.8687273705739617,-0.6785714285714286,-0.00029278399539810966,0.20821893068955039,0.36343338547543597,0.6330224883322707,-1.194131231371353,14,mungbean
-0.0625,0.25,-0.27586206896551724,-0.9487252310298222,-1.063619562059373,-1.8884115188160668,0.4688974694099196,-0.3333333333333333,-0.21316893820222563,-0.015453738790042188,0.6788191126560223,-1.2182903431280787,0.39537494467325185,18,pigeonpeas
-0.140625,-0.7,-0.13793103448275862,0.7800484554832436,-1.0246041766754859,-0.774175849510066,0.0222710163424334,-0.7976190476190477,0.19716923924144342,-0.24725996840793818,-0.23408703431528582,-0.5443263349807066,0.021232903311381005,12,mango
0.984375,-0.275,0.10344827586206896,0.354655709072808,-0.8794612697349914,0.5373096763907547,1.4065561759097949,0.34523809523809523,0.9752552170078626,0.9007328254656772,-0.0635094093257093,-0.549554980147316,0.9722457586510371,5,coffee
0.75,-0.325,0.3103448275862069,-0.681575761836081,0.0755916016192216,-0.18695013325659152,2.972171142449853,0.21428571428571427,0.8156122431014571,0.4161204900583111,-0.17815236180904384,-0.17912840227429105,1.621071445221712,20,rice
-0.375,0.325,-0.41379310344827586,-1.1067509712397743,-0.6046877948594185,0.1630380940718319,-0.9875131340165472,-0.5833333333333334,-0.4181285978798565,-0.46361245984658334,1.0281873342898922,-0.9394444076333655,-1.4612919214847269,10,lentil
-0.328125,0.1,-0.4482758620689655,-1.0359218115339888,-1.122421328801052,-0.018378499374192232,1.6542026482326047,-0.6666666666666666,-0.36487496775671513,-0.3448626023414143,0.8661884694342344,-1.29403751390745,1.0946289331493266,18,pigeonpeas
0.703125,-0.075,0.13793103448275862,0.04765078597528517,0.04128564967947384,-0.08136953491264627,1.6678309411770058,0.23809523809523808,0.4949959468622005,0.5425983238889008,0.03757362642155688,0.23589097746568388,1.1010925320893639,8,jute
0.828125,-0.025,0.41379310344827586,0.24232101133786935,-0.2374642726426728,-0.1824838783872786,1.299096488790348,0.4523809523809524,0.5506049166259916,0.3989877325673134,-0.0669554183645269,0.06687274306854751,0.9159942108965794,8,jute
-0.5625,2.025,5.793103448275862,-1.6018788542395617,0.08078562963113933,-0.830833599272393,-0.47760469347273005,2.2261904761904763,-0.5367572355300924,-0.8623191776564026,-0.31975489526548606,-0.7424288227318877,-0.5430405447861658,7,grapes
