N,P,K,temperature,humidity,ph,rainfall,total_npk,ratio_n_p,ratio_n_k,ratio_p_k,temp_humidity,log_rainfall,label
-0.5839186028237033,2.5967697471571958,3.0975909081708877,-0.39008044105296064,1.0001834992335001,-0.40521594985452414,0.2407379442609719,2.7651435638979254,-0.5803350041835408,-1.0145055991935514,-0.8275289104109861,0.5177642443957232,0.4756030029086541,0
-0.5839186028237033,2.263217938358966,2.959350483025319,-0.6272459083783809,0.9536057021559701,-1.0137715347342846,0.32821518643246245,2.5398633821706533,-0.5733660358435055,-1.0111873987273592,-0.8539162074113938,0.3235122707530993,0.5490119600091967,0
-0.6381060127115908,2.566446855448266,3.0185963795162767,-0.38506382074943973,1.0072502047996346,-0.6683095760996737,0.035249578319274485,2.6775346043373194,-0.5853805486598369,-1.0192395424217287,-0.8204121371520331,0.5264934735270018,0.2906427545294402,0
-0.4755437830479285,2.050957696396456,3.058093643843582,-0.6240425666903686,1.0459290627346105,-1.1160359779360722,0.20706035929578284,2.5648945134736834,-0.5554222829359813,-1.0005074618486165,-0.89602804030459,0.3916645748485044,0.4465391850075846,0
-1.098698996758634,2.657415530575056,3.0185963795162767,-0.6893002851415789,0.8758983602005498,-0.10786089989074125,0.01961151153462123,2.502316685216108,-0.6338618373809733,-1.0753544817080063,-0.8079425771683011,0.22712251297003358,0.27577251246263174,0
-0.8006682423752531,2.475478180321476,2.959350483025319,-0.3467337213351493,1.0530106491895759,-0.9104416408633266,0.028400255193456795,2.5273478165191383,-0.6009656749310597,-1.0379945354986984,-0.8243797244196271,0.5873132395317708,0.2841445661348419,0
-1.098698996758634,2.172249263232176,2.9198532186980133,-0.6525715553425359,0.8335594379705896,-0.9549743111929215,0.17481123587020192,2.2394898065342908,-0.6303333104589977,-1.0745124207943508,-0.8611926879152241,0.221243204829746,0.4182696643350034,0
-0.6922934225994782,2.718061313992916,2.959350483025319,-0.553889268564621,0.9001779919993294,-0.5714493517930616,0.07992534218037989,2.6775346043373194,-0.5934757802262557,-1.0245909671130289,-0.7906237438576078,0.33395328592897616,0.33247249478526364,0
-0.4755437830479285,2.566446855448266,2.959350483025319,-0.656186640202178,0.8629666863054567,-0.31933506606882545,0.3508582112590031,2.715081301291865,-0.5684810141488831,-0.9977838303416897,-0.8117212317088699,0.23975745064956547,0.5675442566140733,0
-1.2341675214783525,2.505801072030406,2.900104586534361,-0.6439297308683261,0.9183725312588061,-0.26529775458727456,0.0783695626709588,2.3020676347918663,-0.6471384063947213,-1.0913510481108843,-0.8113317396255072,0.28723796104443733,0.33103174565217625,0
-0.9903241769828591,2.263217938358966,3.0975909081708877,-0.5942075982826236,1.0381187485106256,-0.3142963601900107,0.22887975391824028,2.4397388569585323,-0.6189155624550351,-1.063052670053851,-0.8723584992305536,0.40651404502904087,0.46542181796207227,0
-0.5026374879918722,2.657415530575056,3.058093643843582,-0.8605924587251911,0.9597296391927796,-0.8376380404723319,0.10195832691118055,2.8026902608524704,-0.5732152809090303,-1.0037758196569453,-0.8137166591311831,0.17102307620040078,0.35275582253988824,0
-0.5839186028237033,2.748384205701846,3.077842276007235,-0.6287283548546773,0.9436692102378408,-0.8646474104093358,0.2846229557143897,2.815205826503986,-0.5831507489673958,-1.0140455125742895,-0.8042750595259839,0.3154210752401671,0.512797586877695,0
-0.6110123077676471,2.111603479814316,2.959350483025319,-0.4254022942765481,0.8973940527820181,-1.0167581529381418,0.15128853297808834,2.464769988261563,-0.5729463383083597,-1.0145382908237768,-0.875013695262656,0.41701437541994735,0.39737134173433314,0
-0.2858878484403225,2.748384205701846,2.9198532186980133,-0.5725789447221582,0.9332517928638364,-0.6232117473264456,0.06488803363364046,2.852752523458531,-0.5534592056946693,-0.9729598746070127,-0.7802041682249754,0.34548759161566284,0.3184993780235103,0
-1.098698996758634,2.627092638866126,2.939601850861666,-0.6808459572988593,0.8441658138350749,-0.31014872701997065,0.3822788797344035,2.4397388569585323,-0.6336649329768451,-1.0746842525137872,-0.8002836088534802,0.21029646851393202,0.592954310949398,0
-0.8277619473191968,2.5967697471571958,3.0383450116799295,-0.41761754167082077,0.9312768869095641,-1.0332495633786576,0.08232169765431838,2.614956776079744,-0.6055019368725165,-1.0426725135738883,-0.8191157967576705,0.44751945790742087,0.334689457830841,0
-0.2858878484403225,2.505801072030406,3.0383450116799295,-0.5458798704141024,1.037555019217501,-0.6903206841304771,0.2560290770397701,2.827721392155501,-0.5471080734438655,-0.9769817576243133,-0.8315236262464338,0.43920213891648213,0.4886487520334785,0
-0.8277619473191968,2.293540830067896,3.0185963795162767,-0.43570454500501654,0.9082878769396806,-1.1393352938279426,0.22957378936738476,2.477285553913078,-0.6011665479511072,-1.0423456938925488,-0.8578208171032289,0.41831099619835005,0.4660192615205074,0
-0.5297311929358159,2.536123963739336,2.9198532186980133,-0.6857354807938792,1.0038251954718522,-0.0893800334554842,0.3124423124927112,2.6525034730342893,-0.573476861942272,-1.0034256384632143,-0.8100420439003302,0.3196538283735785,0.5359910111217852,0
-0.4213563731600411,2.778707097410776,2.900104586534361,-0.7065796378765435,1.0377482173888057,-0.3069808618164653,0.1368026814444324,2.7901746952009554,-0.5676069002948354,-0.9892777196354087,-0.7727720233681267,0.32929385399662175,0.3843821498192168,0
-1.0174178819268027,2.050957696396456,2.9198532186980133,-0.6734159455071259,0.9894518499431749,-0.033727631849535686,0.3038574803304707,2.2269742408827753,-0.6196684471924345,-1.064357166175617,-0.8782429025868554,0.3178618711914171,0.5288649464462847,0
-1.1257927017025777,2.536123963739336,2.9988477473526243,-0.887829426858783,0.8628560305012056,-1.0762907914599824,-0.012047034577099793,2.4272232913070173,-0.6358941207929449,-1.078506820944383,-0.8217214409503392,0.08757673947046916,0.24529414919554904,0
-0.4755437830479285,2.718061313992916,3.077842276007235,-0.8858369734266266,0.9199042348979936,-0.8465723071049375,0.34716949540073344,2.852752523458531,-0.5717309246317361,-1.0010361667881966,-0.8083704542265236,0.1272618809935735,0.5645379488064038,0
-1.369636046198071,2.111603479814316,3.0975909081708877,-0.7088238276891342,0.9649919416324985,-0.8768680955302809,0.3216120454757608,2.2019431095797453,-0.6614284539591293,-1.1083632695234635,-0.8927355850576297,0.2767375950379135,0.5435721281057849,0
-0.5568248978797596,2.232895046650036,3.077842276007235,-0.61544316905238,0.9424160446884018,-0.44334508725473193,-0.046031920015228295,2.614956776079744,-0.5696120853563668,-1.0107931761277662,-0.873896769435159,0.32341984755122544,0.21200242981329473,0
-0.8819493572070842,2.172249263232176,3.058093643843582,-0.6267862747721792,0.9034900830419212,-0.3996224414326466,-0.016508506958708147,2.4272232913070173,-0.6054571956588923,-1.049532828973547,-0.8795657640699087,0.28801525379913767,0.24095798219906858,0
-1.0174178819268027,2.748384205701846,2.939601850861666,-0.5322708725841401,1.0519168461304527,-0.24459388094546272,0.04059445970930735,2.5273478165191383,-0.6263384482731797,-1.0645805474108843,-0.7833199434949023,0.4590009955315737,0.2956976811627667,0
-0.5568248978797596,2.536123963739336,2.9988477473526243,-0.5337069278562138,0.8636143322565769,-1.1192939768245613,0.27555850447869173,2.6900501699888344,-0.5763140100718479,-1.008841774259862,-0.8217214409503392,0.32065516589911675,0.5051766130606558,0
-0.9903241769828591,2.5967697471571958,2.939601850861666,-0.7686565445756763,0.9595316801973073,-0.5336920911249788,0.3318267937118391,2.477285553913078,-0.6222798919985003,-1.0612126457099167,-0.8045245251931246,0.23268883553810069,0.5519804798155724,0
-0.6651997176555345,2.0812805881053857,3.0383450116799295,-0.6263729039776132,1.044796083173728,-1.1014409211913583,0.06771519106879068,2.477285553913078,-0.5785930307005981,-1.0229652867890158,-0.8894268305273292,0.38925612099379725,0.3211345966361689,0
-0.7193871275434219,2.263217938358966,2.9198532186980133,-0.5659853296420214,0.8631711838528731,-1.2252001856114336,0.126818025003934,2.4522544226100473,-0.5885492113806821,-1.027121232573593,-0.8484050269115005,0.2991354992766817,0.37537523297107434,0
-1.0445115868707464,2.293540830067896,3.0975909081708877,-0.6427255881614102,0.8839596018007083,-0.45239744578985563,0.27699278810912037,2.4272232913070173,-0.625271310354316,-1.0695256128352242,-0.8682830820651383,0.2635411843675284,0.5063846038676041,0
-0.5297311929358159,2.323863721776826,2.959350483025319,-0.7535549473787722,0.9548014350131331,-1.182090585064874,0.30202458640573615,2.589925644776714,-0.5687410069875545,-1.0044856145345245,-0.8454772122708892,0.23955727303272434,0.5273399112113961,0
-0.5568248978797596,2.0812805881053857,2.939601850861666,-0.8371981404459111,0.9541711552654888,-1.1582876076934119,0.04873969580503957,2.464769988261563,-0.5658491194300549,-1.0073262184944343,-0.8766201029670799,0.1829667731544252,0.30337434981949424,0
-1.2070738165344088,2.748384205701846,2.959350483025319,-0.889159572074313,0.8461170019267135,-1.1762230788737957,0.019018824873070952,2.4522544226100473,-0.6452330667194602,-1.0882579169449593,-0.7864042462873554,0.07545180019623374,0.2752065481561934,0
-0.9632304720389154,2.111603479814316,3.077842276007235,-0.6101908199609909,0.9464154128365163,-0.1337716345262284,0.2169288723953014,2.377161028700957,-0.6140273205747885,-1.059578222825615,-0.8902783482373179,0.3298040924333565,0.45510354347585447,0
-0.9632304720389154,2.414832396903616,2.9790991151889714,-0.3198717839946782,0.9042842430535759,-0.8332040310461686,0.2574648330276463,2.4397388569585323,-0.6175913155660655,-1.0583524678834642,-0.8356387857754122,0.49215920839454236,0.48986892598217896,0
-0.36716896327215365,2.536123963739336,2.9790991151889714,-0.587994477593959,0.8402419876612425,-0.9971215548165647,0.08875881165413001,2.7651435638979254,-0.5564539731648156,-0.9850032921447982,-0.8188456095159147,0.2681573340751594,0.3406314515303549,0
-0.6110123077676471,2.111603479814316,3.0383450116799295,-0.5629152811862372,0.9273928226252316,-0.03514101131152863,0.3088918471767952,2.514832250867623,-0.5729463383083597,-1.0163962111940583,-0.8852908873644081,0.3476963168791316,0.5330472114666495,0
-0.5839186028237033,2.627092638866126,2.900104586534361,-0.39019772274208125,0.8747480935062163,-1.174727206321376,0.24168277004864755,2.6525034730342893,-0.5809142431105051,-1.0096923853305038,-0.7941940879555603,0.42328340928711555,0.4764117838961032,0
-0.6651997176555345,2.050957696396456,3.0185963795162767,-0.6765597406890291,0.8331092743484848,-0.3973389543709654,0.16104946752543606,2.4522544226100473,-0.57790844042574,-1.0225404212032745,-0.8910729770598473,0.20528723972432933,0.40607219394686,0
-0.5297311929358159,2.050957696396456,3.0185963795162767,-0.48558724140821047,0.8474055688334855,-0.9537106018282061,0.13193315675314582,2.514832250867623,-0.5618468993616266,-1.0060360272955458,-0.8910729770598473,0.3403082361338205,0.3799949953188341,0
-0.5026374879918722,2.536123963739336,3.077842276007235,-0.5444196417809927,0.9725082811414233,-0.8340142843062548,0.259637535767375,2.7651435638979254,-0.5706397138126958,-1.0042885032347197,-0.8329428224297619,0.39286539199520365,0.4917138500246718,0
-0.5839186028237033,2.778707097410776,3.0975909081708877,-0.5538595545696827,0.9276415257076942,-0.3323729161378947,0.10691789836318016,2.840236957807016,-0.5836905952087144,-1.0145055991935514,-0.8030764074184947,0.35391732275506715,0.35729078311988843,0
-1.1799801115904651,2.748384205701846,2.939601850861666,-0.3489991867868725,1.027298012910166,-0.4345775282630526,0.19269126079376783,2.4522544226100473,-0.6425338355128488,-1.0847879576166901,-0.7833199434949023,0.5662344970327192,0.4339970548962348,0
-0.2858878484403225,2.0206348046875258,2.939601850861666,-0.3575843605016046,0.9437643382166945,-0.7495839231976329,0.29428766105572374,2.5648945134736834,-0.5318653560419573,-0.9736472014847577,-0.8851019356463691,0.4970642069682497,0.5208884930210915,0
-0.6110123077676471,2.323863721776826,2.9198532186980133,-0.6877373345385999,1.0420700690393032,-0.5261614257509798,0.17210870102615117,2.5273478165191383,-0.5777107599202875,-1.013580893081948,-0.839879919575685,0.34524258601277436,0.4158807189484641,0
-0.4213563731600411,2.566446855448266,2.9988477473526243,-0.8725063682532195,0.8682614272228828,-1.0315499188058614,0.004008248076869419,2.7651435638979254,-0.5628478359785651,-0.9922548583825952,-0.8175441383557891,0.1012860979464162,0.2608142119150722,0
-1.1528864066465214,2.0206348046875258,3.0185963795162767,-0.8749598518078587,0.8829146622199155,-0.19169708070332778,0.34160271754958915,2.2144586752312603,-0.6355158343756949,-1.0819562392710977,-0.8952294970544247,0.10955599718161378,0.559991667178539,0
-0.34007525832820995,2.475478180321476,3.058093643843582,-0.3664177210355857,0.9964558983549914,-0.6512711936916057,-0.04800539404663337,2.8026902608524704,-0.5520196157178605,-0.9841656728069731,-0.8384100734832053,0.531005824731056,0.21005051526462515,0
-0.9903241769828591,2.627092638866126,2.939601850861666,-0.44719988482638257,0.8724104825655413,-0.5146609041463092,0.17425291756221625,2.489801119564593,-0.6225595245839314,-1.0612126457099167,-0.8002836088534802,0.38400739790456373,0.41777638563672803,0
-0.4213563731600411,2.263217938358966,3.0975909081708877,-0.8974660449902834,0.9921527301427023,-0.5536926875848355,0.08026160932962362,2.70256573564035,-0.5551462251988938,-0.9950867708494318,-0.8723584992305536,0.16798585280519407,0.3327837504943375,0
-1.3425423412541273,2.475478180321476,3.058093643843582,-0.5605183219737596,0.9533087016646742,-1.092425098449222,0.18768037522776998,2.3396143317464113,-0.6585492740054117,-1.105094911715135,-0.8384100734832053,0.3680877583361815,0.42960303180577475,0
-1.2341675214783525,2.748384205701846,3.0975909081708877,-0.8285216124433451,0.9499577858920814,-0.367758528242548,-0.01199524727034929,2.5273478165191383,-0.6479322979260718,-1.0921809125700306,-0.80715182458391,0.18591838654027223,0.24534442185272332,0
-1.1799801115904651,2.657415530575056,2.900104586534361,-0.34270905622513437,0.9869779429456355,-1.2345232799298553,0.02635339442614947,2.389676594352472,-0.6421318223544202,-1.0845461595458525,-0.7899096750380736,0.5398784439864489,0.2821981619264377,0
-1.0716052918146903,2.718061313992916,2.939601850861666,-0.5198230197716829,0.9811273518833606,-0.767369969834354,0.34090976862380157,2.489801119564593,-0.6315292775166649,-1.0713163508128196,-0.7875608598345467,0.415757344036629,0.5594249593861474,0
-0.5839186028237033,2.566446855448266,2.939601850861666,-0.6766664586312288,0.9414662312894166,-0.8253028705022184,0.3312098231622562,2.6525034730342893,-0.579747370489519,-1.0106941201954018,-0.808765441532769,0.2817631906520376,0.5514737080300073,0
-0.4484500781039848,2.627092638866126,2.959350483025319,-0.7727404974313581,0.9865011565360058,-0.9276404537865166,0.21320034646682035,2.7526279982464104,-0.567032482619363,-0.9944329382452725,-0.8032822365683651,0.2485777726360626,0.4518724528857773,0
-0.6922934225994782,2.384509505194686,2.959350483025319,-0.6512077910221828,0.8702179453530166,-0.9521309709380527,-0.06090192944456396,2.5398633821706533,-0.5878130574152257,-1.0245909671130289,-0.8370382171303844,0.24817895643094956,0.1972434649713657,0
-1.28835493136624,2.657415530575056,2.939601850861666,-0.7179763366370032,0.8825928175673926,-0.4221928236670605,0.2186743712587052,2.364645463049442,-0.6531584689856825,-1.0982595644205606,-0.7960426925138356,0.21291738667107574,0.45661421531033614,0
-0.5568248978797596,2.718061313992916,2.9790991151889714,-0.36491707836694987,0.8588228401499484,-0.86735903441327,-0.02181784065324084,2.7526279982464104,-0.5798852454796809,-1.0083416662434648,-0.7936558451266684,0.4278816898563707,0.235784371139184,0
-0.9361367670949716,2.718061313992916,3.077842276007235,-0.3755959322038986,0.9008381692016083,-1.0832102415790714,0.33546656323984203,2.6399879073827743,-0.6179387427700902,-1.0563258863790916,-0.8083704542265236,0.4525957637793691,0.5549672937811119,0
-1.3154486363101836,2.627092638866126,2.939601850861666,-0.5764713575675267,0.9587444918256877,-1.2082692716811103,0.02888601485285626,2.3396143317464113,-0.6558757497626724,-1.1016274661215282,-0.8002836088534802,0.3613077827046616,0.28460618237108487,0
-0.6651997176555345,2.2025721549411057,2.900104586534361,-0.8301283350417922,0.9663375171286858,-0.7636860646643354,0.27179920646156086,2.4397388569585323,-0.5812227266770386,-1.0198997181780514,-0.8541758688003744,0.19600667561064322,0.5020066538891266,0
-1.3425423412541273,2.1419263715232457,2.9790991151889714,-0.37641793511897176,0.9790371829481038,-1.0481342906750841,0.16751029758197838,2.1518808469736848,-0.6582938628804872,-1.1050292160807969,-0.8734234323592813,0.5110763196594407,0.4118087267159142,0
-1.2070738165344088,2.1419263715232457,2.9988477473526243,-0.5203184413297747,1.0046956818683763,-0.6438000724842257,0.11141086536237134,2.2269742408827753,-0.6426209074872766,-1.0884589704707435,-0.8760263746794905,0.43266560021466516,0.36138942855890643,0
-1.3154486363101836,2.0206348046875258,3.058093643843582,-0.4917865332277297,1.0436458802745283,-0.7443984512161256,0.09386556971160524,2.1643964126251998,-0.6549502990632706,-1.1018265539068062,-0.9001436093632604,0.48072831132489524,0.3453317586659347,0
-1.098698996758634,2.505801072030406,3.077842276007235,-0.87261961643987,0.9288109722741991,-0.24979454494135145,0.04352972348854343,2.477285553913078,-0.6328483588303133,-1.075839905058231,-0.8370382171303017,0.1420728512195022,0.29846779420045305,0
-0.3942626682160974,2.627092638866126,2.959350483025319,-0.44885649880847234,0.8983014266929336,-0.24244700569834307,0.017528946554211427,2.7776591295494404,-0.5614797784229062,-0.9877311540524376,-0.8032822365683651,0.4021575337166336,0.27378307185884937,0
1.177172218532638,1.1412709451285556,0.05630155496837707,0.7001722545517266,0.23330433493665745,-1.1003200826735842,0.11124194828975063,1.0505110696403548,-0.25992522744764046,0.11451523435129239,0.09671177457083016,0.5458730633870522,0.361235501956489,1
1.6648589075236249,0.5954588943678156,-0.0029443415225809313,0.716592591751986,0.26229649753846906,-0.9847877004968681,-0.2328904893019527,1.0129643726858095,-0.06508323615178357,0.4397488789969369,-0.12341569058149922,0.5819796593811188,0.017304841767742843,1
1.55648408774785,1.0806251617106957,0.0957988192956824,0.6921595004165376,0.39081384392899293,-0.724654570720596,0.16260632081840964,1.2257289887615666,-0.18976054693618674,0.24362685479350535,0.008931239104987202,0.6874400078590204,0.40745615664299983,1
1.5022966778599627,0.5044902192410256,0.13529608362298773,0.04977759980661027,0.3163798320812976,-0.9420530706579733,0.2336534825568782,0.9879332413827793,-0.07284180913890842,0.17033715445262124,-0.330698508714058,0.2532105784003198,0.4695272371374903,1
1.3126407432523566,0.5954588943678156,0.0957988192956824,0.1331621944034117,0.4303142856964119,-0.772560591979817,0.2768064975826165,0.9128398474736886,-0.134301877504422,0.13096101110042468,-0.24328325716623786,0.3959747704204286,0.5062277501179194,1
1.55648408774785,1.0806251617106957,0.0957988192956824,0.7771315468722644,0.2958768542277114,-0.854245432346674,-0.07496161303002728,1.2257289887615666,-0.18976054693618674,0.24362685479350535,0.008931239104987202,0.6474612093102614,0.1831786770027921,1
1.366828153140244,1.1715938368374856,-0.06219023801353893,0.5158464873515017,0.4115801087920178,-0.9194377805447217,-0.09936365765686561,1.075542200943385,-0.2347152075590906,0.38077317809885314,0.3140407200051427,0.6037426867353217,0.15850874003087417,1
0.8520477592053135,0.7470733529124657,-0.042441605849886266,-0.11026393244708771,0.6061192839069219,-0.9444782550788023,0.12698354782854598,0.6750441000949015,-0.25280637591449723,0.07435594953142313,0.022638548680877557,0.3933449412273198,0.3755249082566972,1
0.7978603493174261,1.1109480534196257,-0.022692973686233596,0.1938119859049958,0.353892718936771,-0.3342569818138966,0.07153976056612855,0.8127153222615677,-0.31592685951429694,0.020958662527391606,0.2058061185043374,0.36686407471803156,0.3246934964830557,1
0.8791414641492572,1.2322396202553458,-0.022692973686233596,0.3520879146732665,0.4323447787766976,-0.00014101401751091979,0.15782585282300146,0.9003242818221735,-0.3182240775623051,0.0633082349792987,0.2769091413891391,0.5262362984402048,0.4032032414629993,1
1.7190463174115123,1.2322396202553458,0.0957988192956824,0.14206238229076273,0.24131728541764294,-0.3602175961427104,0.27703926655718875,1.3634002109282326,-0.1900393104743346,0.3187374172555594,0.0877482691897449,0.24274907536363713,0.5064237359129292,1
1.0687973987568633,1.1715938368374856,0.13529608362298773,0.27517039537439675,0.39102323123862964,-0.43272257232179473,-0.11171604705172677,1.06302663529187,-0.2811889274640453,-0.022674230298485903,0.003485698845544527,0.44553801725305575,0.14589307870955287,1
1.1500785135886944,0.8986878114571156,-0.042441605849886266,0.7439454114788164,0.5401227634309019,-0.9100619154622662,0.10528555626650303,0.8752931505191432,-0.22590912481748218,0.23301340574610316,0.11344947464783779,0.8571635025206835,0.3557994307608843,1
1.7190463174115123,0.7773962446213957,0.05630155496837707,0.11730116691203135,0.4880109999741937,-0.20197800729622992,0.15663313227244186,1.1506355948524758,-0.1005350427251901,0.3747021500693255,-0.0998671710521851,0.43480664168405264,0.4021406055525127,1
1.366828153140244,0.5044902192410256,-0.0029443415225809313,-0.050498084394597,0.1594947229020282,-0.5903411431546187,0.23822507053179606,0.837746453564598,-0.10060533012099435,0.2877021501243974,-0.17563197301254865,0.06953972728434259,0.4734502186736326,1
1.6106714976357375,0.5348131109499555,0.11554745145933507,0.6036121233963302,0.4818849397275114,-0.961615227262887,-0.16532227197891802,1.0379955039888398,-0.05923377350249723,0.24316320934668093,-0.2955360289627861,0.7191596215738866,0.09011591168217145,1
1.2855470383084129,0.7773962446213957,0.0365529228047244,-0.0543290485483138,0.5836551156035502,-0.04337608599888278,-0.22565328188753397,0.9378709787767189,-0.17925692500363768,0.1920509352347564,-0.07398427654567254,0.4096364599174745,0.025243286172263502,1
1.8545148421312307,0.5651360026588856,0.13529608362298773,0.07396427416522397,0.532736626195788,-0.32159303106330017,0.1567734867025696,1.175666726155506,-0.019011426790053604,0.32715890456289565,-0.3003181262086396,0.44597439588461635,0.4022656841286972,1
1.1500785135886944,0.8380420280392556,0.0365529228047244,0.41519810120115686,0.2289774776144707,-0.5601217503357475,-0.022816477556667523,0.9003242818221735,-0.2151555611351051,0.12570327172668386,-0.04056585578977304,0.3838480611986808,0.23480962954019613,1
1.5293903828039064,0.5651360026588856,-0.06219023801353893,0.5003647710645315,0.4520788060294591,-0.877158890459068,-0.21946263561046492,0.9003242818221735,-0.08379297574827975,0.46923672944275313,-0.057275066170693265,0.6309944918710713,0.03200660260287477,1
1.55648408774785,1.2322396202553458,-0.022692973686233596,0.3442644566410415,0.5869363832635459,-0.10603868658532915,-0.23024741858906292,1.2132134231100513,-0.21484926539458696,0.4162213387451909,0.2769091413891391,0.6562847293828131,0.020207993060374303,1
1.0687973987568633,0.9896564865839057,0.07605018713202973,0.046246224937759504,0.4705576456067473,-0.8739379817977778,0.2843153476661609,0.950386544428234,-0.25466058840655725,0.039961675809442786,-0.012288730533718267,0.37807996707760644,0.5125394826268242,1
1.3397344481963003,0.8077191363303257,0.07605018713202973,0.37981878735716496,0.25942694345467276,-0.5423869442763307,0.12489662219493025,1.0004488070342945,-0.1755668367717586,0.16755333640198797,-0.10868802117581024,0.3909261180780528,0.37363689521771987,1
1.8816085470751744,1.0199793782928357,0.07605018713202973,0.4859563871673347,0.2054671405508284,-0.7288875996832579,0.2826180453045094,1.3383690796252024,-0.12530529016562927,0.42273665758707835,0.003777817906630425,0.4020677091622985,0.5111146759770271,1
0.9333288740371446,1.2625625119642758,-0.022692973686233596,0.06398816430840357,0.30821273683311495,-0.3329796235454047,0.29818995792247655,0.9378709787767189,-0.3136538227085355,0.0915412832805702,0.2946848971103394,0.2545457367360489,0.524145251286867,1
1.3397344481963003,0.6864275694946056,-0.06219023801353893,-0.00972104352174105,0.20032110923491236,-1.1363239561294816,-0.01231909492982818,0.8627775848676282,-0.14999517270960191,0.36602925287486987,0.016988091064474006,0.12492146338343633,0.2450300232908016,1
1.0146099888689757,0.7470733529124657,-0.06219023801353893,0.6889330263350717,0.34656513530138844,-0.18766754977490507,-0.2072092461471771,0.7376219283524771,-0.22290719947220705,0.18910215018706988,0.05411966968205746,0.6445702150055586,0.045320402125448425,1
1.8003274322433434,0.7773962446213957,0.016804290641071733,-0.04091672050629184,0.48881007400818993,-0.37845735865393854,0.17318536195444853,1.1631511605039908,-0.08577468979798118,0.47585645097476237,-0.04704493736544607,0.34112154704703845,0.4168328221547599,1
1.3939218580841877,0.5954588943678156,0.11554745145933507,0.15521258205396704,0.5808186132394154,-0.9676791802223202,0.1374546773575157,0.9629021100797491,-0.11832834488458235,0.1448703745197614,-0.26459304678135187,0.5354136646305248,0.38496876380377304,1
0.8791414641492572,0.7773962446213957,0.13529608362298773,-0.09259353145008353,0.5330533901499503,-1.1689016704124777,-0.08730153561584814,0.8127153222615677,-0.2530586896396823,-0.10711671112709531,-0.19398678743967515,0.34572359447991546,0.1707447620407821,1
1.2042659234765818,0.8683649197481856,-0.0029443415225809313,0.35133187986887215,0.5314737013386757,-0.9698916402549624,-0.1944152323268771,0.9128398474736886,-0.2111176868097216,0.20476757073937596,0.03323315671164912,0.6122422912987695,0.059119231540394626,1
1.55648408774785,0.5651360026588856,-0.042441605849886266,-0.08957091121556209,0.6063553681322318,-0.4634958151941821,-0.22782609837552065,0.9253554131252038,-0.0783945133350942,0.44936448240248483,-0.08633456247947469,0.40626537521014,0.022863545869444744,1
1.475202972916019,1.0503022700017657,0.11554745145933507,0.03382734341851202,0.5853950649788897,-0.5803268696930859,0.19540840637401935,1.188182291807021,-0.1976514557342939,0.18173018757985632,-0.03252068042059492,0.46498363162718126,0.4363753128526493,1
1.7732337272993997,0.8380420280392556,0.13529608362298773,0.15938247103035438,0.548895360306945,-0.715896893323299,-0.15179358819189046,1.2507601200645966,-0.10478699624314218,0.29096926992206323,-0.16360640493425682,0.5111095796401399,0.10435332007518879,1
1.475202972916019,0.7167504612035356,0.07605018713202973,0.7004352163947174,0.21024254190739416,-0.8437449459284032,-0.06289982932182735,1.0254799383373245,-0.13139759884589214,0.23134916669826058,-0.15688766649685612,0.5246094218082687,0.19525140259626825,1
1.6919526124675686,0.9593335948749757,-0.06219023801353893,0.46092558686344703,0.23161022371267304,-0.55837499824069,0.10243727077498077,1.1381200292009606,-0.14470033403241628,0.5577002807866533,0.18408019484360008,0.41154487899377745,0.35319425140401495,1
1.1229848086447507,0.8380420280392556,0.07605018713202973,0.35103949044517396,0.448529392147588,-0.04050702335675687,-0.16657540268214788,0.9128398474736886,-0.21995419439127745,0.06548000792795189,-0.09262147273546155,0.5397343997641315,0.08879152304607014,1
0.7978603493174261,0.5348131109499555,-0.022692973686233596,0.3731350584591027,0.41853474787277506,-0.4046549942548491,0.029375146920598987,0.5749195748827806,-0.223468686354306,0.020958662527391606,-0.13193324019847102,0.5265038382061373,0.28507088602315755,1
1.0417036938129194,0.9593335948749757,0.13529608362298773,0.2085371439408752,0.224794163835748,-0.2508465328105353,-0.2134839989779481,0.9629021100797491,-0.2544478993265854,-0.03473744184543015,-0.10284563992341994,0.26570973073829146,0.03851470668232691,1
1.1229848086447507,0.8380420280392556,0.07605018713202973,0.4729660006188111,0.22671089401921424,-0.7470854591164517,0.004375629469522422,0.9128398474736886,-0.21995419439127745,0.06548000792795189,-0.09262147273546155,0.4138572514691587,0.26116781369639663,1
1.1229848086447507,0.9593335948749757,0.05630155496837707,0.7120736625924219,0.4312936115329224,-0.9417826101531981,0.09824194929661864,0.950386544428234,-0.2407294536648143,0.08849654277948917,-0.0015776982406774643,0.7366568203816364,0.3493502553909307,1
1.3939218580841877,0.5348131109499555,-0.0029443415225809313,0.6001501615100039,0.3506556873616044,-1.0005821806701563,-0.018204779216138098,0.8627775848676282,-0.1030297502629796,0.3015245800219009,-0.1582265455355323,0.5973920616258043,0.23930665784413582,1
0.9604225789810883,0.6864275694946056,0.11554745145933507,0.7307836662592261,0.38789588012098675,-0.7013209096324534,-0.2430367865665252,0.8001997566100526,-0.2215958320845357,-0.05171529513407782,-0.2181785735092006,0.7071399842486148,0.0061172591416426845,1
1.0417036938129194,0.8986878114571156,-0.022692973686233596,0.48977476884762533,0.2836676889746249,-1.0832900167787074,0.11060345474984498,0.837746453564598,-0.24464113897411216,0.14800737988311288,0.08137582845593419,0.4741136234207889,0.36065355450026343,1
1.1500785135886944,1.1412709451285556,-0.022692973686233596,0.4407688160323569,0.531446183172971,-0.47590679531925856,0.25159723744426343,0.9879332413827793,-0.26419653836797546,0.20447347648565573,0.2235818742255377,0.6661677692706311,0.4848772346058994,1
1.1229848086447507,0.6561046777856756,-0.06219023801353893,0.670769007201991,0.2906787553004117,-1.02754715063659,-0.23711872588613914,0.7501374940039922,-0.1846362536263202,0.24807785108300331,-0.0015776982443179027,0.5825392340022135,0.012650964928795713,1
1.2042659234765818,1.0503022700017657,0.07605018713202973,0.47148058531087333,0.33331073889679225,-0.30244230341578937,-0.15982726290845883,1.0379955039888398,-0.2418206936604687,0.10375750610571538,0.019844366346979118,0.5080636763309777,0.09591212287859283,1
1.55648408774785,1.0503022700017657,0.13529608362298773,0.1327808585466843,0.5349922711719208,-0.7470283200828639,0.1894468019506123,1.2382445544130816,-0.18440068435644147,0.1944635775465096,-0.05727506616529234,0.48335321618122795,0.43115320525260536,1
1.2042659234765818,0.6561046777856756,-0.06219023801353893,0.6650914653217728,0.515653514973537,-0.8265871805227613,0.10117058655735639,0.7876841909585375,-0.1690886818763373,0.29230962675495314,-0.0015776982443179027,0.7869106800146789,0.35203449097249107,1
1.4481092679720753,0.5954588943678156,-0.042441605849886266,0.6960553285046936,0.38803810508193265,-0.24182855953569557,-0.2368188993107186,0.8878087161706584,-0.10767932313802263,0.3916708619607829,-0.06817237728608268,0.6871267981147106,0.012981363201847512,1
1.0687973987568633,0.9896564865839057,0.13529608362298773,0.463422937226541,0.569315721665329,-1.0662112175381637,-0.10744730771593898,0.9879332413827793,-0.25466058840655725,-0.022674230298485903,-0.08765544867071068,0.7135430178291426,0.1502626197251471,1
0.8520477592053135,0.6561046777856756,0.13529608362298773,0.34164429975708815,0.3147348323279933,-0.24349944202596974,-0.20580994765886537,0.7501374940039922,-0.23646149279292983,-0.11917992267403955,-0.254747552450512,0.4177198037050801,0.0468346653080825,1
1.6648589075236249,1.0199793782928357,-0.0029443415225809313,0.31226506577147223,0.2657509249588617,-0.3481291093332133,-0.07269243047412335,1.188182291807021,-0.16104683441852932,0.4397488789969369,0.12026029409673147,0.3586137105570285,0.18545599570188034,1
1.8003274322433434,0.6864275694946056,-0.022692973686233596,-0.01071033605054005,0.2650872381257045,-0.4526768677091529,-0.1885706528389464,1.1005733322464153,-0.06305151489718218,0.5432700561009122,-0.04305446159246883,0.17708081907385403,0.06538844926608478,1
1.177172218532638,1.0806251617106957,-0.0029443415225809313,0.5814338982108154,0.5855784077005581,-1.054642643980344,0.13869365977946124,0.9879332413827793,-0.25090268303175334,0.19094514084187234,0.15507114905076438,0.8002346650802581,0.3860829846797499,1
1.2584533333644692,0.6257817860767456,-0.06219023801353893,0.16967227952960565,0.3161254907669474,-1.0232608921123514,0.1756719734858942,0.8001997566100526,-0.15193032566586234,0.32179747720292,-0.02014348755310963,0.32116251673888646,0.41902987306706574,1
1.7732337272993997,0.5348131109499555,-0.022692973686233596,0.3864689504827107,0.4754134027746208,-0.043546046579000096,-0.22059682531156796,1.0254799383373245,-0.02638679093213549,0.5291535319502766,-0.13193324019847102,0.5842301272562461,0.030769358652579182,1
0.9333288740371446,1.0806251617106957,0.05630155496837707,0.7101502290639495,0.593929101300206,-0.4023404278599599,0.09257267971538674,0.9128398474736886,-0.29020834195033185,-0.0025688777218224775,0.06394861696699423,0.8867664240214859,0.34414290920225676,1
1.55648408774785,1.1715938368374856,0.0957988192956824,0.35244597591706056,0.5157716986035655,-0.24901687923061896,0.026829020480769974,1.2632756857161118,-0.2051410221650285,0.24362685479350535,0.056221457155841856,0.5992178549359788,0.2826506293110595,1
1.3397344481963003,0.6257817860767456,0.07605018713202973,-0.035839058416852664,0.4518671656733752,-0.8170755540166803,-0.12713690999138977,0.9253554131252038,-0.1361726515949366,0.16755333640198797,-0.20508731181790202,0.31423695665969503,0.13002076096926937,1
1.475202972916019,0.6257817860767456,-0.06219023801353893,-0.09304857650278922,0.44478065261674626,-0.47961912267390255,0.2867274822984034,0.9003242818221735,-0.10990986147672696,0.43974887899478654,-0.02014348755310963,0.27478859022826224,0.5145624552992107,1
0.7978603493174261,0.7167504612035356,0.016804290641071733,0.0865338747535239,0.35557997263314256,-1.2282742234866455,0.17773996776948986,0.6750441000949015,-0.25759542149190096,-0.025136110208437205,-0.08114536670818685,0.3066218100162617,0.42085505124230504,1
1.5835777926917938,0.7773962446213957,-0.06219023801353893,0.4051840404711902,0.36855835175429574,0.026615897079398786,0.09465646953703506,1.0129643726858095,-0.12513563093720492,0.49872457989072,0.07268545899084937,0.5012350030818217,0.34605863402042447,1
0.8520477592053135,0.7167504612035356,-0.042441605849886266,0.6579236785971129,0.4810297107009592,-0.7345661717541824,-0.13892740701701067,0.6625285344433863,-0.24749959568022026,0.07435594953142313,0.004476363487485548,0.7506991163491971,0.11779174031497806,1
1.1500785135886944,0.9593335948749757,0.016804290641071733,0.46453372667182274,0.35062514746301743,-1.001905553101136,0.2914303212028916,0.9378709787767189,-0.23615663844422388,0.1508883031802545,0.0552563506627759,0.5195107908025547,0.5185001563218432,1
1.8003274322433434,0.8683649197481856,-0.06219023801353893,-0.06366863734558553,0.3508482008583745,-1.1050023610197557,0.03564178231170852,1.1506355948524758,-0.10683519336459558,0.6166759816825865,0.12838282691722472,0.216464931523877,0.29101415588544893,1
1.5293903828039064,0.5348131109499555,0.13529608362298773,0.7513801461424435,0.5609373908456777,-0.4929367500688164,0.25052687179953836,1.0129643726858095,-0.07565726478767809,0.18240036599956533,-0.3155083174613487,0.8811529732761259,0.48396518412359785,1
1.4210155630281316,0.5651360026588856,0.05630155496837707,0.1007763062951588,0.464171184855797,-0.4781850598432871,0.018520589304770577,0.9253554131252038,-0.1053868254010218,0.2315993464244074,-0.2145382226656107,0.4051263668173053,0.27473064127942776,1
1.366828153140244,0.6561046777856756,0.0365529228047244,0.19310644691703374,0.445920068297949,-0.2933096398021815,0.11864215695740508,0.9253554131252038,-0.13799353837637146,0.23185953333959994,-0.14082111805747152,0.44436866486161425,0.36796689660708487,1
1.6377652025796812,1.0199793782928357,-0.0029443415225809313,0.15452692613939786,0.44380341809254126,-1.1606658874968063,-0.09638818796348148,1.175666726155506,-0.16551452745014178,0.42592644909943306,0.12026029409673147,0.41984999905845066,0.16153470110697624,1
-0.5839186028237033,0.6864275694946056,-0.6546492029231189,0.5778614001843099,-0.3270517648842166,0.7187323790770407,-0.6146961732954902,-0.4012945459353982,-0.5131128023967664,0.1743582249060766,2.8389880658126927,-0.031171565390389823,-0.45929953134491536,2
-0.23170043855243508,0.14061551873386552,-0.45716288128659227,0.36390247796880143,-0.38553688053968205,0.057047083767496204,-0.618853240597809,-0.33871671767782263,-0.3799637929691594,0.006277477389860548,0.5442565073997024,-0.18175425243190999,-0.4652350566284602,2
-0.2587941434963788,0.26190708556958553,-0.6546492029231189,0.7442342888714703,-0.32942074550947775,1.1495714902288334,-0.6956244996696878,-0.4263256772384284,-0.40439198551254985,0.7051395329458864,2.059224914878094,0.043951461575514675,-0.5784516861494766,2
0.22889254549460805,0.14061551873386552,-0.6151519385958135,0.5787503509442555,-0.23217107843178791,1.161647904847234,-0.7394356894138661,-0.2260766268141866,-0.26603762066369535,1.19429093449083,1.4563828150182387,0.05546429984156843,-0.6463383288305483,2
-0.4755437830479285,0.7167504612035356,-0.5361574099412029,0.9310790178699162,-0.2629105569498367,0.702251316782771,-0.5790667655972533,-0.26362332376873193,-0.49484732806639764,-0.06575712871112104,1.6693433394691437,0.19495317518542588,-0.4092001263727168,2
-0.04204450394482909,0.4438444358231656,-0.5164087777775502,0.5831319474433084,-0.4469699567445815,0.849853486884332,-0.7273771947592863,-0.16349879855661104,-0.38134352169879226,0.36938014493689825,1.1883206164864353,-0.13778163033665616,-0.6274013307643821,2
-0.09623191383271652,0.2922299772785155,-0.6349005707594663,0.360247658566703,-0.1966478494813644,0.24864362673561033,-0.5634080008156404,-0.3262011520263075,-0.37145390148002577,0.8405993459433336,1.8956138966153444,-0.018417916766452287,-0.3876075847179318,2
-0.8006682423752531,0.26190708556958553,-0.4769115134502449,1.555432090813993,-0.3930412427368837,0.4883968663083713,-0.6917781520219356,-0.5639968994050947,-0.5297756286572227,-0.5278212138404081,0.7642611107013768,0.3529006148605684,-0.5726099409475696,2
-0.8277619473191968,0.26190708556958553,-0.5954033064321609,0.7402016989759933,-0.29176613417037495,1.1593524153833783,-0.7562269604223686,-0.6516058589657004,-0.5360448108144564,-0.37116700834887006,1.4836854463631022,0.07727676911001213,-0.6730378395039748,2
0.03923661088700205,0.35287576069637555,-0.5559060421048556,1.4223544613420147,-0.23923749512277473,0.44564228846930615,-0.6301545476805736,-0.18852992985964126,-0.350477018960109,0.6166759816346687,1.3212347899316739,0.453134114770023,-0.4814690189020781,2
-0.014950799000885374,0.04964684360707549,-0.6349005707594663,0.6317632862475437,-0.2761340059756613,1.4370867881464824,-0.7498509017553449,-0.3887789802838831,-0.3080745505521401,0.9650012150156821,1.4778836371843544,0.04059135460289486,-0.6628535485152582,2
0.22889254549460805,0.04964684360707549,-0.5756546742685082,1.2103571092035568,-0.40306404992018474,1.1151947558254587,-0.6277571610104301,-0.23859219246570174,-0.24447084793888205,0.9519062814494509,1.024426447694317,0.1860327805546506,-0.4780132213169319,2
0.17470513560672063,0.4135215441142356,-0.45716288128659227,1.329593371992917,-0.21866685534170505,1.3982136232958824,-0.7080571127077272,-0.03834314204145992,-0.33075248763539244,0.40436345843033344,0.8450222941967828,0.4298837573433079,-0.5974623544746991,2
-0.8277619473191968,0.4438444358231656,-0.4966601456138976,-0.013162713453669726,-0.3381826706277296,1.5997849211023256,-0.7330957366277924,-0.5139346367990342,-0.547108073444706,-0.5314270651189879,1.0760452898439192,-0.314964528274884,-0.6363575159135354,2
0.06633031583094577,0.4135215441142356,-0.6151519385958135,1.2168798377493362,-0.11066435269963734,1.069440392939279,-0.764292318669626,-0.18852992985964126,-0.35395781860547926,0.960122710353783,1.8986854426526778,0.4847740452668906,-0.6860019493241564,2
0.20179884055066433,0.7773962446213957,-0.6151519385958135,0.32224979768425954,-0.2417273266436204,0.7395831558146149,-0.7488318039973265,0.02423468621611564,-0.37606163069975673,1.1552628971346555,2.4884222794985966,-0.07598229205703554,-0.6612310029748785,2
-0.17751302866454766,0.2922299772785155,-0.6546492029231189,0.15942138583553123,-0.31315372320220164,1.1236656033386418,-0.7279559175027281,-0.37626341463236795,-0.3899629154680537,0.8378348599558386,2.114922282801994,-0.2139942797646483,-0.6283057199514251,2
-0.4755437830479285,0.8077191363303257,-0.5164087777775502,0.5834588250908729,-0.2589597858679796,0.16087858034485156,-0.6074523140649605,-0.2135610611626715,-0.5010941202872969,-0.11314831692770978,1.6440263540552829,0.03336053695869461,-0.4490023186109017,2
-0.17751302866454766,0.7167504612035356,-0.5361574099412029,1.3872212168272386,-0.4573874828398702,1.1082227339700015,-0.7575614660831413,-0.1259521016020657,-0.43932028610215373,0.28177825155965974,1.6693433394691437,0.20963754855908215,-0.6751765822991657,2
-0.04204450394482909,0.5651360026588856,-0.6546492029231189,1.1737491276934557,-0.16380710481962385,0.8627005185323573,-0.5204036860661926,-0.20104549551115639,-0.3969037957130393,1.0589937383057595,2.6161985941170927,0.40983109373695664,-0.32958253003105953,2
-0.17751302866454766,0.6561046777856756,-0.5164087777775502,0.8723972911349628,-0.32947822762051954,1.428193429453581,-0.5870062871500082,-0.1384676672535808,-0.4333974016260466,0.21859000060420827,1.4541489634015963,0.10342458854631241,-0.4202461769345922,2
-0.8006682423752531,0.7470733529124657,-0.5756546742685082,0.30524782429205577,-0.21212361894818496,0.5823632412741043,-0.6117387260580481,-0.4263256772384284,-0.5567813364111138,-0.3750469886686975,2.035773391589852,-0.05852210175672026,-0.45508850654306326,2
-0.34007525832820995,0.26190708556958553,-0.45716288128659227,1.4086632962075627,-0.16632709391751574,1.2723494177240193,-0.729550585084483,-0.33871671767782263,-0.42319953198425075,-0.09987878422093219,0.6779301904206269,0.5225850679819297,-0.6308000698552709,2
-0.8006682423752531,0.5651360026588856,-0.6151519385958135,1.1663584415631738,-0.2212407351541681,1.4359035441162957,-0.7598846055345629,-0.5264502024505493,-0.5480607432822335,-0.28877448504379977,2.1444091246718107,0.34856932867083873,-0.6789057177306878,2
-0.3942626682160974,0.38319865240530554,-0.6546492029231189,0.8827898492578715,-0.09585710052567512,0.2568729774389841,-0.661139655331656,-0.43884124288994353,-0.4494161119142933,0.48398065459596556,2.2820143865736937,0.3320017629514343,-0.52672964292035,2
-0.31298155338426625,0.5954588943678156,-0.4769115134502449,0.008331981208391376,-0.4627133441017475,0.975208559008172,-0.6220223760727265,-0.20104549551115639,-0.45377252990121425,-0.030213737540646296,1.147180515187762,-0.4067299818046197,-0.46977293751844607,2
0.1476114306627769,0.7773962446213957,-0.6546492029231189,0.7640654778324797,-0.3721065007661304,1.273068927292248,-0.5746152107897331,-0.02582757638994481,-0.38590186598456266,1.3686161679956486,3.0060801695843926,0.013097033985719908,-0.4030357794538126,2
0.03923661088700205,0.14061551873386552,-0.6349005707594663,0.9925169521987434,-0.4643878230472246,0.9020292706344815,-0.5841051320143147,-0.3262011520263075,-0.312948397495357,1.047935794397248,1.6345324844709757,0.027620478822443395,-0.4162021569554202,2
0.03923661088700205,0.5348131109499555,-0.6349005707594663,0.4200420255754464,-0.13216409896766515,0.7837120248574875,-0.576521708027052,-0.16349879855661104,-0.37675460501599417,1.047935794397248,2.313344156046335,0.06758447432634167,-0.40567328935696967,2
-0.5839186028237033,0.2922299772785155,-0.6151519385958135,0.8711052232098944,-0.16144943794684238,1.0236525649726733,-0.6732260527068373,-0.5389657681020644,-0.4825079854081931,0.0234498138055959,1.7021064970373716,0.2634373260437696,-0.5446918455075903,2
-0.5568248978797596,0.35287576069637555,-0.45716288128659227,1.4362379131390473,-0.30941561409709173,1.5987205961026194,-0.5816259785466303,-0.4012945459353982,-0.4820333953058484,-0.31219130744251783,0.7781854526863206,0.3863117984343979,-0.4127534317112533,2
0.012142905943058339,0.0799697353160055,-0.5954033064321609,0.4961157725024718,-0.3267030885375686,0.30632923165121406,-0.5933154230761178,-0.33871671767782263,-0.30744356143879836,0.7714871964717499,1.205198606740508,-0.0688590885236406,-0.4290716034139583,2
-0.6651997176555345,0.4135215441142356,-0.6349005707594663,0.6895446431834795,-0.16065615983552262,0.9133666050616199,-0.6484596360112509,-0.5389657681020644,-0.5105938026535651,-0.0302137375631078,2.1044790263308393,0.17492761913413268,-0.5080724383393717,2
-0.6110123077676471,0.4438444358231656,-0.5756546742685082,1.7822008558988824,-0.4535654543811943,1.5896713380049698,-0.5647730987518175,-0.4638723741929737,-0.5013799212389367,-0.13060822838377537,1.5960573290265758,0.3891630392268361,-0.38947989399194993,2
-0.31298155338426625,0.20126130215172552,-0.5361574099412029,1.8334274829308004,-0.35412111070769237,0.6507125469256484,-0.7049786500639328,-0.4012945459353982,-0.40878041302274926,0.12380762416385033,0.9930181575231909,0.5224098066144123,-0.5927366985278458,2
-0.8277619473191968,0.4438444358231656,-0.6151519385958135,0.8893628365876162,-0.510584400622469,0.14117365499160028,-0.5775472537643037,-0.5890280307081249,-0.547108073444706,-0.3278025223999743,1.9478301790565045,-0.062341521725378234,-0.40709363305861246,2
-0.17751302866454766,0.14061551873386552,-0.5954033064321609,0.47805431929288733,-0.2882355151435652,0.4457843153872503,-0.5636194864902188,-0.4012945459353982,-0.3665607138743989,0.5134685050606422,1.2980275532813728,-0.042922976658091756,-0.38789752422149276,2
-0.8006682423752531,0.2922299772785155,-0.5164087777775502,-0.10249085171506107,-0.16862582891237787,0.5039398879494466,-0.5250102071320247,-0.5765124650566098,-0.5318653560429341,-0.4750446633261657,0.9984432258327487,-0.2208602544515098,-0.3357109663044184,2
-0.4213563731600411,0.5651360026588856,-0.5361574099412029,1.6631681447400724,-0.32319267684399255,1.6438376116598135,-0.666265345103146,-0.3011700207232773,-0.4724822694976365,-0.0025688777527972453,1.4704241683085695,0.4775184263641752,-0.5343257147181695,2
0.03923661088700205,0.2922299772785155,-0.5756546742685082,0.7848236731159212,-0.14196715347988625,0.5937468212010814,-0.6539786505140079,-0.2260766268141866,-0.3406055448333126,0.7074675211645288,1.3761992977449375,0.23937779261582787,-0.5161697222111565,2
-0.23170043855243508,0.5954588943678156,-0.45716288128659227,1.663286048639417,-0.19186345031537705,0.04185945833388841,-0.5501397064461104,-0.15098323290509594,-0.43779899728137467,0.006277477389860548,1.0455328187281694,0.6198732750918312,-0.36950825929237474,2
0.20179884055066433,0.5348131109499555,-0.6546492029231189,0.4364724011006581,-0.1750139038599161,0.5812688760206959,-0.5360065116386518,-0.10092097029903549,-0.3439076224456324,1.4570797193356169,2.560501226193193,0.037781126974901845,-0.350423588963197,2
-0.6381060127115908,0.26190708556958553,-0.4769115134502449,0.5953091960910036,-0.21163973690234497,1.142983174327759,-0.7496450780140402,-0.488903505496004,-0.49216053571382085,-0.36195205507382083,0.7642611107013768,0.0821275508476088,-0.6625257327517817,2
-0.7464808324873656,0.1102926270249355,-0.5756546742685082,1.4268156908734357,-0.1565111842365905,1.0100275690724159,-0.5470677545705875,-0.6641214246172156,-0.5045889143766288,-0.30520734287300544,1.1123696602069721,0.5417552775509447,-0.3653431428896219,2
0.06633031583094577,0.6257817860767456,-0.6546492029231189,0.7542361681079326,-0.29374899070550065,1.3539269705473713,-0.5693869024360982,-0.1259521016020657,-0.38304287870610715,1.235920840985696,2.727593329964893,0.08202255556872318,-0.39582217297578304,2
-0.23170043855243508,0.23158419386065554,-0.5164087777775502,0.12967655494895952,-0.4130344341262516,1.226696167354143,-0.604805489113576,-0.33871671767782263,-0.3938063172799146,0.1582739428711322,0.9224922695712737,-0.3114254653064502,-0.44525420834042295,2
-0.17751302866454766,0.04964684360707549,-0.45716288128659227,0.7932412668521559,-0.2501568782167182,1.2305185996569135,-0.5878571046436517,-0.35123228332933776,-0.35047701896097877,0.059355608195257065,0.4440012451340091,0.1414847063343447,-0.42143385378302384,2
0.03923661088700205,0.5044902192410256,-0.6349005707594663,1.5905491005800887,-0.21913226555150475,1.3768213982546813,-0.657709713847622,-0.17601436420812616,-0.372687835745436,1.047935794397248,2.2611278736174607,0.555249409709736,-0.521664118319094,2
-0.17751302866454766,0.6864275694946056,-0.5164087777775502,0.32559285618434053,-0.15586902601475372,1.6876333911024706,-0.6287296046930702,-0.1259521016020657,-0.4363978102093372,0.21859000060420827,1.4921244415323334,0.00013826059044951949,-0.47941419966194065,2
-0.8006682423752531,0.8077191363303257,-0.5559060421048556,0.5116797706596236,-0.14425457921488286,1.1390970144002213,-0.7122421589874791,-0.3887789802838831,-0.5593975143497815,-0.4117128027096025,1.947830179085991,0.10220432833861151,-0.603906285895275,2
-0.0691382088887728,0.23158419386065554,-0.5361574099412029,0.922198975766941,-0.4397743576033997,0.20521150444094977,-0.6885875474278702,-0.27613888942024706,-0.3555745834685982,0.4081547534763073,1.0328019917553057,0.020219147628312426,-0.5677782035274028,2
-0.2858878484403225,0.4438444358231656,-0.6151519385958135,1.6809659171081839,-0.28451751812824905,1.6331505781609932,-0.6016046222427027,-0.33871671767782263,-0.4327876929302827,0.452758224723515,1.9478301790565045,0.527818984671081,-0.4407317410171673,2
-0.7464808324873656,0.5044902192410256,-0.6546492029231189,1.7746977986020769,-0.3759784817130246,1.2072750567451052,-0.7834207025115134,-0.5514813337535796,-0.5337162574415342,-0.09103242911382821,2.5048038582692933,0.47128960999664377,-0.7171200131359524,2
0.1476114306627769,0.6561046777856756,-0.6546492029231189,0.9057264558691982,-0.512896280559706,0.882432052850652,-0.6750630337429673,-0.07588983899600527,-0.37120711462611505,1.3686161679956486,2.7832906978887926,-0.057441598769798055,-0.5474373425983278,2
0.1205177257188332,0.7167504612035356,-0.5164087777775502,1.149264169703812,-0.3813666133150641,1.6686508534642808,-0.7040951762645008,0.02423468621611564,-0.38379324413790983,0.5503283181361263,1.530099919663071,0.1800944332198268,-0.5913827500452151,2
-0.20460673360849138,0.4438444358231656,-0.5559060421048556,0.7825791356557138,-0.23837377595230078,1.3285603206858907,-0.6192400640246593,-0.26362332376873193,-0.4156396358531193,0.31811149585729975,1.4465538677625371,0.14749118913484352,-0.4657883473261893,2
-0.20460673360849138,0.23158419386065554,-0.5559060421048556,0.24802020680203646,-0.4433360412662343,0.43265745601027183,-0.7269957806535787,-0.35123228332933776,-0.3874343616446952,0.31811149585729975,1.154142686157189,-0.2839743278461186,-0.6268055260528438,2
-0.8277619473191968,0.20126130215172552,-0.45716288128659227,0.3376087094256411,-0.10743195435837118,0.3321293857399945,-0.7693230881590528,-0.5890280307081249,-0.531865356043037,-0.5775819614694997,0.6110933489101646,0.04819003505450741,-0.6941349725851815,2
0.20179884055066433,0.23158419386065554,-0.6546492029231189,1.053379794406969,-0.3256309430278172,1.206329431070016,-0.7402981640109524,-0.2260766268141866,-0.2918550271164042,1.4570797193356169,2.0035275469541936,0.1912746612995119,-0.6477003058333761,2
-0.4484500781039848,0.8077191363303257,-0.5756546742685082,1.160894007672443,-0.3785214496383744,0.06686540932222777,-0.5820340978312826,-0.23859219246570174,-0.4962355041154233,0.07891070900330059,2.123716604102507,0.18825127260687832,-0.41332071656184216,2
-0.7193871275434219,0.8077191363303257,-0.5756546742685082,0.8024893512410317,-0.10765760448522751,0.4375528335369873,-0.6879365363017024,-0.36374784898085283,-0.5448216658341604,-0.27028751997515943,2.123716604102507,0.2805325846983896,-0.5667938973281865,2
-0.4213563731600411,0.32255286898744556,-0.6546492029231189,0.5645676634357852,-0.35697127241862536,0.03963092746340497,-0.6176296473141409,-0.47638793984448885,-0.4488639964403189,0.4397488789259816,2.1706196507258935,-0.06447210923754694,-0.4634859952102982,2
-0.5026374879918722,0.38319865240530554,-0.6151519385958135,1.8430008370970103,-0.27917285617091037,0.895466277772947,-0.6064536862613944,-0.4638723741929737,-0.47297303880816405,0.14053392587411934,1.8495407062488511,0.610198162200774,-0.4475872838591983,2
-0.6922934225994782,0.6864275694946056,-0.6151519385958135,1.2098157310007644,-0.12788340775773316,0.9972946035400265,-0.7490546972571696,-0.4263256772384284,-0.5335701336467474,-0.13266233561910193,2.3409880702871164,0.4638448712200605,-0.6615857574521741,2
-0.2587941434963788,0.6257817860767456,-0.5954033064321609,0.6204865990001097,-0.46969232147527756,0.16758030324396467,-0.5475711379300368,-0.23859219246570174,-0.44607357498981026,0.40288906588445295,2.0406591256082898,-0.14194086849319898,-0.3660250092201826,2
-0.36716896327215365,0.7773962446213957,-0.5756546742685082,0.38075404043415934,-0.0958686366626006,0.8716671142368252,-0.61978920293925,-0.2135610611626715,-0.4793841011902192,0.18367017769683866,2.0797449978461797,0.07991257060101234,-0.46657409186026394,2
0.1476114306627769,0.6864275694946056,-0.6349005707594663,0.5247137790830532,-0.4623897172288345,1.3488273079224682,-0.7309853888629442,-0.050858707692975035,-0.3750258164593939,1.2138049531603798,2.5744255681907027,-0.17768688906637523,-0.6330472668825333,2
0.20179884055066433,0.5954588943678156,-0.6349005707594663,1.5315457958484666,-0.26077822482233515,0.5229802289083681,-0.7019355938858014,-0.06337427334449015,-0.3526068233088967,1.2967395325419457,2.417776720904082,0.4825546046385954,-0.5880773312016546,2
0.1205177257188332,0.20126130215172552,-0.6546492029231189,1.4185254685083093,-0.12138320208042322,0.8963531540996967,-0.7161507444039072,-0.27613888942024706,-0.3051299346898753,1.3243843923256642,1.9478301790302937,0.5743504415880757,-0.6099450532004996,2
0.20179884055066433,0.6561046777856756,-0.45716288128659227,-0.07116533624648,-0.4544317231107094,1.023973675433689,-0.633656140011099,0.07429694882217609,-0.36084206679279307,0.4309025238330316,1.1123696602386315,-0.43528801013299867,-0.4865282432911963,2
-0.3942626682160974,0.35287576069637555,0.6290118877143044,-1.4476843123849228,-2.4620681957340893,-0.5407203357113287,-0.5203154641915271,0.3621549588070237,-0.44615438357519216,-0.8097987837348984,-0.7152002247944029,-2.2156737194415412,-0.329465360798563,3
-0.3942626682160974,0.4135215441142356,0.5697659912233464,-1.4314229034781374,-2.332474480326405,0.8831285411213758,-0.44043468719954126,0.34963939315550857,-0.4525804752283481,-0.7981664011718587,-0.6670527435916997,-2.1379260490525174,-0.22633250942781052,3
0.03923661088700205,0.4438444358231656,0.589514623386999,-1.6061326052369724,-2.4494219493539235,0.5519423794692807,-0.316909471587175,0.5749195748827806,-0.3641954646216288,-0.6660455127998051,-0.6656617004365613,-2.227769617696659,-0.07746160864689101,3
0.17470513560672063,0.4438444358231656,0.648760519877957,-1.668336806271662,-2.433973135128142,2.0828312429896974,-0.5583203679352159,0.6750441000949015,-0.33561536949302295,-0.6414723040927134,-0.6926376336201964,-2.226964226109406,-0.38064639659608035,3
0.09342402077488948,0.7167504612035356,0.7277550485325677,-1.6739198117031848,-2.444680583150454,1.7572993707408777,-0.35885461625041026,0.8001997566100526,-0.38884115704375016,-0.686860466056944,-0.6371829557491577,-2.2335067787017766,-0.1266702729598868,3
0.17470513560672063,0.14061551873386552,0.5697659912233464,-1.3609119510143306,-2.4214168812185664,1.9508804133978925,-0.4051601968148754,0.4998261809736899,-0.27944069975845587,-0.6172182279667557,-0.764703973073909,-2.1809605650076183,-0.18257328277373408,3
-0.6381060127115908,0.5954588943678156,0.6092632555506517,-1.2747134294428082,-2.4999952837267148,1.1444005317582995,-0.37793517668483056,0.33712382750399345,-0.5176666603805727,-0.8816054322157285,-0.6220040751383311,-2.2179216944352507,-0.14949948311393116,3
-0.7735745374313093,0.32255286898744556,0.6685091520416097,-1.2101495998338343,-2.4399022157694326,0.005873170393916927,-0.29029515311273624,0.19945260533732723,-0.5278165092330198,-0.9303573430370019,-0.7419451499420376,-2.173235013803975,-0.04690964227707819,3
-0.7735745374313093,0.20126130215172552,0.7277550485325677,-1.338631580637947,-2.5491574306560816,1.735053289872076,-0.15800560221566018,0.1869370396858121,-0.5189090462514276,-0.9366399051482148,-0.8042750595300312,-2.2547343630752406,0.09782959958073606,3
-0.09623191383271652,0.8077191363303257,0.5697659912233464,-1.6658958044516505,-2.4733131132652963,1.4108062420140024,-0.5571568377355345,0.6500129687918713,-0.4330734938810651,-0.7033840247310904,-0.526000967672953,-2.2481770260650125,-0.3790580941361749,3
-0.7464808324873656,0.5651360026588856,0.708006416368915,-1.3028155858315866,-2.441744723908919,0.5825711838287561,-0.4283609164269527,0.33712382750399345,-0.5372638184558626,-0.9266970480117946,-0.6779028802000591,-2.185872560351327,-0.21123675593562374,3
-0.6110123077676471,0.5651360026588856,0.708006416368915,-1.3602922711115224,-2.3496289814481086,0.015900213935762967,-0.5802717895233563,0.399701655761569,-0.510271506389935,-0.8872043911614318,-0.6779028802000591,-2.13807856416435,-0.4108723682656398,3
0.22889254549460805,0.47416732753209556,0.6290118877143044,-1.2912080921234574,-2.4086809635897874,2.191733022348237,-0.6198363513190569,0.7000752313979317,-0.3290709419127786,-0.6190492511477595,-0.6734271988492153,-2.1643505585863236,-0.46664157059804046,3
-0.36716896327215365,0.7470733529124657,0.6092632555506517,-1.1187133540741019,-2.5453111937412083,1.701927260830976,-0.2690396415450271,0.5248573122767202,-0.4770501992316733,-0.7976210480276784,-0.5691268271064563,-2.2288194701354294,-0.022869704994815523,3
-0.6651997176555345,0.8077191363303257,0.6882577842052624,-1.6851543980340387,-2.4860389296983967,1.3687932477206775,-0.5851862449584183,0.4622794840191446,-0.5351044334904129,-0.9005272151591744,-0.588748745652733,-2.2573893164061176,-0.41770811531342966,3
0.03923661088700205,0.20126130215172552,0.6092632555506517,-1.2173285290596867,-2.3921769774031745,2.4693714133731826,-0.5065327996548377,0.4873106153221748,-0.3245643993772892,-0.6716444717456033,-0.7594849200212055,-2.1445721205143125,-0.31125165846488684,3
-0.2587941434963788,0.47416732753209556,0.6685091520416097,-1.1046560251360455,-2.464147001048838,0.3180658116993401,-0.6276281242589445,0.4998261809736899,-0.4304681489777669,-0.7766249519805122,-0.6910024353747202,-2.17557284159949,-0.4778274012939331,3
-0.4213563731600411,0.32255286898744556,0.589514623386999,-1.518545448713557,-2.570157651143404,1.3274953973108,-0.32923054963564613,0.31209269620096325,-0.4488639964403189,-0.8106493948056165,-0.7085058296110989,-2.2859222014551417,-0.09177983775633375,3
0.17470513560672063,0.20126130215172552,0.708006416368915,-1.2864572780525234,-2.4358929063627355,0.15159332971550799,-0.5090943181448996,0.6124662718373259,-0.2921736248982661,-0.6581469814293275,-0.7972543829006663,-2.180284715033901,-0.3146230318937048,3
0.17470513560672063,0.1102926270249355,0.5302687268960411,-1.6839579727091758,-2.3914350988513804,1.7002119447680577,-0.2946390498353042,0.4622794840191446,-0.27273916021119315,-0.6041210268587515,-0.759061902037379,-2.205777330379881,-0.051861601122363675,3
-0.6110123077676471,0.6257817860767456,0.648760519877957,-1.501901151387389,-2.3888176815557287,2.952220367019953,-0.3908930211196628,0.3871860901100539,-0.5143568292971553,-0.8790133215925688,-0.6307516692569459,-2.180217807998844,-0.16516671173251465,3
-0.7464808324873656,0.26190708556958553,0.7277550485325677,-1.3119739692340824,-2.334616954981643,2.6114589068096707,-0.414094269797636,0.22448373664035745,-0.5172372643427554,-0.9288342976766126,-0.7846171649675755,-2.122300062260239,-0.19355796162293146,3
-0.31298155338426625,0.14061551873386552,0.7277550485325677,-1.526583719393758,-2.519273516313668,-0.6107151374866204,-0.6354310041247021,0.37467052445853877,-0.4000684116113001,-0.8039445781309772,-0.8239329540924869,-2.257777264660855,-0.48909796963681385,3
-0.5568248978797596,0.6561046777856756,0.648760519877957,-1.2243411306285727,-2.4564296821593428,-0.07889014590662446,-0.636417616290317,0.4247327870645992,-0.5059527364593003,-0.8626311824546478,-0.6204373418630708,-2.185216085836448,-0.49052798877564524,3
-0.20460673360849138,0.7773962446213957,0.6092632555506517,-1.2263914456610563,-2.3586891290489502,1.7282678409449168,-0.4224702934642907,0.6124662718373259,-0.4498633953358014,-0.7472304175148482,-0.5585513775000814,-2.1250790961661177,-0.2039166077153489,3
0.2559862504385518,0.4438444358231656,0.6882577842052624,-1.2830550957542317,-2.38319843905324,0.1956943452242285,-0.3263965991545481,0.7376219283524771,-0.31846731241585946,-0.6287416056058731,-0.7095382182653784,-2.147784802946167,-0.0884766129329401,3
-0.7735745374313093,0.4135215441142356,0.589514623386999,-1.6691391473436443,-2.5633605325807918,-0.34298570844010556,-0.5666843604941565,0.1869370396858121,-0.533799133623652,-0.9212288339865312,-0.6763727327301957,-2.297770954567423,-0.39210451370460747,3
0.17470513560672063,0.5954588943678156,0.7277550485325677,-1.4070112497540086,-2.5500365509602085,1.1484407559004175,-0.20961896367444302,0.7876841909585375,-0.3579313341821766,-0.6634436436421374,-0.6764987448740691,-2.2625500686867768,0.042709770954902866,3
-0.23170043855243508,0.4135215441142356,0.5697659912233464,-1.3080240365101923,-2.495444841982072,0.8334932589387344,-0.4507449140851299,0.4247327870645992,-0.41777247877321794,-0.7464669231132577,-0.6670527435916997,-2.218989352106528,-0.23932241206130067,3
-0.17751302866454766,0.6257817860767456,0.7277550485325677,-1.0725224482119584,-2.32917737080722,0.8803759251725514,-0.4586923028313795,0.6374974031403562,-0.43031590091888444,-0.764916540772966,-0.6666697975928413,-2.0849685028910376,-0.24939853896366354,3
-0.8277619473191968,0.20126130215172552,0.589514623386999,-1.470370434937346,-2.5509481371469946,-0.14311861087219113,-0.23091050486627024,0.07429694882217609,-0.531865356043037,-0.9382410553989796,-0.7513499587856367,-2.269830766427102,0.019480090229292465,3
0.1476114306627769,0.4135215441142356,0.589514623386999,-1.5884706386452325,-2.4603138493245598,2.308166095181072,-0.46672714032813717,0.6124662718373259,-0.33655382037791415,-0.6320210699749083,-0.6763727327301957,-2.231694353125389,-0.25964212949097143,3
-0.6110123077676471,0.14061551873386552,0.648760519877957,-1.6081139813518641,-2.4681812013399584,-0.37356794420288164,-0.18405947356072094,0.1869370396858121,-0.4737853466324826,-0.8790133215925688,-0.7957809075589473,-2.238448785867109,0.07021277611364046,3
-0.09623191383271652,0.7773962446213957,0.589514623386999,-1.606347313195609,-2.5482846651559425,0.18121426185113398,-0.6979592927666054,0.6500129687918713,-0.4301829247661895,-0.7085760663309262,-0.5478403452065826,-2.282821862680231,-0.5820068140520896,3
-0.4213563731600411,0.38319865240530554,0.648760519877957,-1.2336024137752888,-2.5027099580514918,-0.42808536598766816,-0.33151623770072763,0.37467052445853877,-0.455305343637761,-0.8216758346098452,-0.7132662884079466,-2.2148822266895625,-0.09444835456122191,3
-0.7735745374313093,0.7470733529124657,0.5500173590596937,-1.534336294842167,-2.3536832776556094,2.7814541746058943,-0.49392129318499023,0.2995771305494481,-0.5517981403373987,-0.9163042435777293,-0.5365655743714672,-2.1645545937396546,-0.29474265012668965,3
-0.31298155338426625,0.6864275694946056,0.5500173590596937,-1.1156069784175662,-2.511755272385223,2.1536611351269372,-0.6243608156657889,0.4873106153221748,-0.4619694742718136,-0.7678949962560254,-0.5585513775004989,-2.207155224259917,-0.4731285602267209,3
-0.23170043855243508,0.26190708556958553,0.5302687268960411,-1.4690326651774783,-2.362105121249066,0.6992985358669218,-0.3933629529705986,0.33712382750399345,-0.3981228033553162,-0.7368163538757809,-0.7033645341105086,-2.1604013380974205,-0.16816833476940904,3
-0.6381060127115908,0.6864275694946056,0.6882577842052624,-1.2815456532552794,-2.5409945184817717,-0.23245662331106423,-0.25197654459620544,0.4247327870645992,-0.523341468021757,-0.8925335207605478,-0.6290119031902816,-2.243670904239328,-0.0037968370795404775,3
-0.15041932372060396,0.23158419386065554,0.589514623386999,-1.2107916259724152,-2.4897793381238897,0.02573042170063735,-0.39921504402947106,0.399701655761569,-0.3746904503742564,-0.7255882877433746,-0.7406389264920022,-2.204255523211573,-0.17529985050758795,3
0.20179884055066433,0.5044902192410256,0.708006416368915,-0.9801141481095481,-2.4652582996987507,-0.3081452783463971,-0.5241618649824654,0.7501374940039922,-0.339371610566933,-0.6502484500592549,-0.697794797316827,-2.1613048944731372,-0.33458080697342496,3
-0.2858878484403225,0.5651360026588856,0.5697659912233464,-1.6970061497482862,-2.4481682437921553,1.3137325153019621,-0.271401959354336,0.4622794840191446,-0.4454899574317089,-0.7637000824661246,-0.6128020605460279,-2.238249741559457,-0.025525968937997218,3
-0.5026374879918722,0.5954588943678156,0.648760519877957,-1.020317714608386,-2.5193982380463793,-0.6209757128544714,-0.19619150964883358,0.4247327870645992,-0.4910441060141733,-0.8462490433167268,-0.641065996650821,-2.2013864622707,0.0572096444991454,3
-0.5839186028237033,0.7167504612035356,0.5302687268960411,-1.6024644053521435,-2.515907002630883,1.691879331015676,-0.5554370794658502,0.3621549588070237,-0.515038979689759,-0.8518189706238732,-0.5362724303298971,-2.2643655891412733,-0.37671301659961737,3
0.03923661088700205,0.5954588943678156,0.6092632555506517,-1.6510395437585872,-2.369061028145791,1.771681374830995,-0.17218361820457254,0.6500129687918713,-0.384553888548576,-0.6716444717456033,-0.6220040751383311,-2.1891351897267235,0.08285265608783204,3
-0.5026374879918722,0.20126130215172552,0.6882577842052624,-1.170313575877447,-2.337935524824399,3.0497671786170946,-0.21299022616328975,0.287061564897933,-0.4541274972933815,-0.8525650487674152,-0.7900645333404754,-2.104362868170442,0.03905117690245245,3
0.20179884055066433,0.2922299772785155,0.648760519877957,-1.1462097088109822,-2.5510921968919273,0.05947500288015279,-0.44586602199732805,0.6249818374888411,-0.3035875168572569,-0.633281234523753,-0.7442092705895718,-2.2354175444554274,-0.23316400383788938,3
-0.04204450394482909,0.47416732753209556,0.6685091520416097,-1.442071733202672,-2.521271009339365,1.0256884112146458,-0.39450718145593305,0.5999507061858108,-0.3854027236155499,-0.7118955241672534,-0.6910024353747202,-2.249514948281769,-0.1695605430891545,3
-0.2858878484403225,0.14061551873386552,0.5302687268960411,-1.3874964339517593,-2.5474108187326228,0.9028825319638633,-0.25213586040589325,0.2620304335949028,-0.3933668720639199,-0.7545090641447182,-0.747922428452005,-2.2589159544044684,-0.00397400358818541,3
-0.36716896327215365,0.04964684360707549,0.6685091520416097,-1.2168309307534446,-2.40172595746238,2.525833794253079,-0.4552578325287156,0.27454599924641787,-0.3999465654379572,-0.8089896658871417,-0.8336420361632092,-2.150420725168525,-0.2450373384203386,3
-0.5297311929358159,0.7470733529124657,0.5500173590596937,-1.588931810987195,-2.5375414900617064,2.6500348703669334,-0.25758336201604565,0.41221722141308414,-0.5069493756739635,-0.8377346420544743,-0.5365655743714672,-2.2749509742575214,-0.010042196847560844,3
-0.5297311929358159,0.6864275694946056,0.6685091520416097,-0.9464308864995193,-2.409443739540487,1.460139236066334,-0.44149908934161197,0.4622794840191446,-0.5028841367717758,-0.8575367367470857,-0.6196826349804755,-2.120252529733502,-0.22766930353838666,3
0.012142905943058339,0.5651360026588856,0.5302687268960411,-1.328906428904963,-2.537755493084046,0.8203361202163754,-0.4250056596829384,0.5749195748827806,-0.3861068708866683,-0.6571991576655632,-0.5919697982567677,-2.2468403876643226,-0.20706367094438186,3
-0.12332561877666023,0.6864275694946056,0.5697659912233464,-1.4578620124286326,-2.3270126011005345,0.6440780604832065,-0.3588049919805277,0.5874351405342957,-0.4261691445843467,-0.7120006044075239,-0.5694015141094905,-2.13850045959785,-0.12661126825926766,3
0.09342402077488948,0.23158419386065554,0.5697659912233464,-1.3440259516821407,-2.5277966773617324,-0.3397659086472417,-0.47174975088253784,0.4998261809736899,-0.3173428496572818,-0.6430679669960562,-0.7321535632465059,-2.2425178843760336,-0.2660746250255414,3
-0.4755437830479285,0.6561046777856756,0.708006416368915,-1.2156091212266973,-2.3700098513724193,0.9661092325286297,-0.6306131320622289,0.4998261809736899,-0.49040516470931733,-0.8477117343110689,-0.6480650045249073,-2.130611204981589,-0.48213080413944803,3
-0.04204450394482909,0.5348131109499555,0.5500173590596937,-1.1664487239821129,-2.4189580491908274,0.18557660063931053,-0.3254911133382843,0.5498884435797504,-0.39317809630117506,-0.6805954390079644,-0.613515885323078,-2.154659196004276,-0.08742244053041355,3
0.22889254549460805,0.5044902192410256,0.708006416368915,-1.6357957665872345,-2.3690686548091,1.3974949886739534,-0.3793969979494525,0.7626530596555072,-0.33381890637051576,-0.6423499186891823,-0.697794797316827,-2.1870699800954587,-0.1512602765262356,3
-0.34007525832820995,0.20126130215172552,0.5500173590596937,-1.3759147412276014,-2.4113327278260193,3.1007752748046977,-0.4647420497786675,0.27454599924641787,-0.41525856791855376,-0.7766249519808316,-0.7344378025327523,-2.176883450071839,-0.257106016673697,3
-0.4213563731600411,0.1102926270249355,0.6882577842052624,-1.2114484251594664,-2.4276489128197873,1.301848852516218,-0.41795707690927125,0.287061564897933,-0.4227595893770632,-0.8285839655715357,-0.8202619014936366,-2.165796612927682,-0.19832783485938413,3
0.06633031583094577,0.5954588943678156,0.5697659912233464,-1.1659323862841289,-2.3983880177098356,1.1062464474032963,-0.5426954864845966,0.6374974031403562,-0.3792293776752961,-0.6516845466724897,-0.6019519239368936,-2.1416841626521768,-0.3594312541209391,3
-0.17751302866454766,0.1709384104427955,0.589514623386999,-0.9759770565254329,-2.319442328197195,1.4598206380065057,-0.3399747115644551,0.3621549588070237,-0.37155847218083504,-0.7340943984495988,-0.762060991079271,-2.0648339835704568,-0.10435744418612211,3
-0.04204450394482909,0.04964684360707549,0.589514623386999,-1.3748757666938376,-2.484598187586866,1.8011145708896277,-0.3959524515300773,0.37467052445853877,-0.31514162862027983,-0.6915638449184778,-0.8049051202538088,-2.2202613752213343,-0.1713205473195134,3
0.09342402077488948,0.26190708556958553,0.6290118877143044,-1.6053274375528277,-2.4750366780735478,1.3183192073805283,-0.4369038197074367,0.5498884435797504,-0.32289261746851244,-0.6605165408406158,-0.7465299942532937,-2.241931820902494,-0.22190501945369007,3
-0.6922934225994782,0.4438444358231656,0.5697659912233464,-1.0909099119253343,-2.532441418197752,1.5921778795076642,-0.3224008987704995,0.22448373664035745,-0.5185279783161002,-0.8929487776126268,-0.6562026069825654,-2.2176025124134915,-0.08382934881619843,3
-0.4484500781039848,0.5348131109499555,0.6092632555506517,-1.5186744891882829,-2.499041841193292,1.6277854165067045,-0.5246056502608054,0.399701655761569,-0.4752955527270794,-0.8228163632840934,-0.643154974351081,-2.2453484298624056,-0.3351719297607431,3
-0.6922934225994782,0.7470733529124657,0.5500173590596937,-1.6070440622296072,-2.5035474169884755,0.9815467914772711,-0.6641778893116511,0.33712382750399345,-0.5368485521162537,-0.890114376403311,-0.5365655743714672,-2.2580010979839895,-0.5312283883924137,3
-0.23170043855243508,0.7773962446213957,0.7277550485325677,-1.657724402511407,-2.500638350804576,-0.43934218467716585,-0.4893512993236545,0.6750441000949015,-0.45478351297820435,-0.7805277557161705,-0.617525061186702,-2.2621876748190672,-0.2887968248219759,3
-0.3942626682160974,0.6864275694946056,0.5302687268960411,-1.4291162022783372,-2.463917561850449,2.929658605009777,-0.599555026057295,0.43724835271611434,-0.4773124727092994,-0.7898944846825927,-0.5474119039152713,-2.2145134918767417,-0.43784173650712316,3
0.22889254549460805,0.04964684360707549,0.6092632555506517,-1.0368273834194313,-2.452340473391027,2.968159794906805,-0.3859996658953992,0.512341746625205,-0.24447084793888205,-0.6128554028139682,-0.8123621680530801,-2.1597491467120533,-0.15923445463298058,3
-0.5297311929358159,-1.2239146081679848,-0.2991738239773709,0.39942054074229066,1.0784906398912348,-0.7880479052602042,1.857875875527381,-0.939463868950548,0.2654460156924504,-0.4850973396055682,-1.0648910859323255,1.1225411088362942,1.5071181202051123,4
-0.5297311929358159,-1.4361748501304947,-0.4374142491229396,0.6937836468765376,0.8907718613745625,-0.9410036972885841,0.9786936467994862,-1.1146817880717597,1.346799563439068,-0.3172949738648965,-1.201213315123226,1.1519875854533352,1.0185231621590678,4
-0.4484500781039848,-1.4361748501304947,-0.4176656169592869,0.04563252812945856,0.8735851962739313,-0.7867273941750202,0.8085270559381739,-1.0646195254656992,1.5411442102840547,-0.272874173510119,-1.208354003318535,0.7093383784731616,0.9068269442195225,4
-0.9361367670949716,-1.4361748501304947,-0.37816835263198156,0.7251231097304981,0.9198346263204084,-0.7769768465873016,0.5220674150101422,-1.264868575889941,0.3750763292141337,-0.7423071950014689,-1.2211579959446566,1.1998031418601804,0.7019201880551657,4
-0.9090430621510279,-0.7084254491161747,-0.4176656169592869,0.6744376396710705,0.8674862013373567,-0.7437082310244955,1.8583440742757693,-0.9770105659050934,-0.44117118750544326,-0.6906187215167913,-0.46572243097786525,1.1176776044496697,1.5073465247699982,4
-1.3425423412541273,-1.3755290667126348,-0.4374142491229396,0.3747851777516124,1.0201730942845204,-1.1716372953436007,0.9683998844737023,-1.4651176263141827,-0.6128422922458582,-1.0828449374054454,-1.1369471213630673,1.054429853899907,1.011956308477432,4
-1.3425423412541273,-1.4361748501304947,-0.2596765596500656,0.27781156913703975,1.0889009481511844,-0.30735208977009587,0.7954113631371771,-1.377508666753577,-0.5966469050108003,-1.0894067942356054,-1.2507900931653608,1.04741897829976,0.8979287660186056,4
-0.5297311929358159,-1.2239146081679848,-0.2991738239773709,0.80655816364792,1.066118428652753,-0.16415433729943732,0.8160156915913511,-0.939463868950548,0.2654460156924504,-0.4850973396055682,-1.0648910859323255,1.3923289885020111,0.9118882197598487,4
-1.369636046198071,-0.7387483408251047,-0.3189224561410236,0.4825349953629093,1.2078539003202666,-0.7770146153179087,1.241002303159078,-1.13971291937479,-0.6614284539591293,-1.1083632695234635,-0.6368758011613722,1.2955571179170098,1.1783877336725566,4
-0.4755437830479285,-1.1935917164590548,-0.2596765596500656,0.30269223702723014,1.1313201197174754,-0.5709417407774449,0.8331776738135033,-0.8768860406929725,0.254767738397351,-0.4827995850241425,-1.0598276888475717,1.1013237092920491,0.9234349143604785,4
-1.3154486363101836,-0.9813314744965447,-0.2596765596500656,-0.11602190536897784,0.9010132666268754,-0.2272245904871818,1.3897532620333188,-1.1772596163293352,-0.6244104259842487,-1.0704503189477472,-0.8927355850695065,0.6247667168283844,1.263213075142611,4
-0.36716896327215365,-1.0723001496233346,-0.35841972046832893,0.3988602078432659,1.2519467008292675,-0.10933065975489385,0.9910384885879567,-0.8393393437384271,0.1375439831590356,-0.29007541960148064,-0.8927355850718935,1.2747527471716142,1.0263676078490565,4
-1.369636046198071,-1.0419772579144047,-0.2991738239773709,0.29952154261092745,1.0672746467142433,-0.30373902681771286,1.8428491956178383,-1.252353010238426,-0.6614284539591293,-1.1083632695234635,-0.9129891734070746,1.0437855269073384,1.4997724049237158,4
-0.6922934225994782,-1.4058519584215647,-0.2596765596500656,0.5469119169710182,1.24475347019474,-1.1783579723969393,1.5689520942637027,-1.0646195254656992,0.7267475949666855,-0.6344513873270082,-1.2269197926256372,1.374751047916942,1.3604501169907819,4
-0.8819493572070842,-0.7084254491161747,-0.37816835263198156,0.22646584514236387,0.9604667250228389,-0.06392322535365855,2.2044723730119635,-0.939463868950548,-0.42821487771405004,-0.6965501856862194,-0.529742394108474,0.9024111985841755,1.668864080708301,4
-0.5026374879918722,-1.0116543662054747,-0.2596765596500656,0.17884504290173148,1.2085357979685283,-1.1383667528311174,0.7491462867802902,-0.8143082124353969,-0.039525583982616096,-0.5017560603120007,-0.9166058856092303,1.0798372357440589,0.8661914936294698,4
-0.6381060127115908,-1.3148832832947748,-0.2991738239773709,0.43358855152360976,1.1681844261578982,-0.004618646689392756,0.9208779881480954,-1.027072828511154,0.3880326390737637,-0.5655187499175547,-1.140842042194951,1.2255747390378224,0.9813313254769179,4
-0.7193871275434219,-1.1935917164590548,-0.2991738239773709,0.743586899873336,0.9791150264890758,-0.13345259188511896,2.0940695644417495,-1.0145572628596387,0.004896049572856407,-0.6258348076515445,-1.0395741005114505,1.2675422295071597,1.6188739544941264,4
-1.3425423412541273,-1.2542374998769148,-0.35841972046832893,0.42232354010041784,1.0991029563143395,-1.1725265651718926,0.5027919082618023,-1.364993101102062,-0.6290376794822656,-1.0862473816877343,-1.0598276888491633,1.156587458728757,0.6872741708526625,4
-0.5568248978797596,-0.8600399076608247,-0.33867108830467624,0.13757018644287194,1.2192373674040473,-0.8588108388040693,1.904682409970509,-0.826823778086912,-0.1950013014720802,-0.46628910654998795,-0.7202534134301167,1.0593998335878838,1.5298124917889757,4
-0.6110123077676471,-0.7993941242429646,-0.3189224561410236,0.6567286379369076,0.9667798002547314,-0.9109581318730589,1.6071928716724073,-0.8143082124353969,-0.25834326045060857,-0.5278212138343608,-0.6890920835918778,1.1975169478698957,1.380549316334025,4
-0.5297311929358159,-0.7084254491161747,-0.37816835263198156,0.19151444601002254,0.8762574612111593,-1.1769423519351223,1.3713117247506919,-0.7767615154808516,-0.2597828504259371,-0.39912962513709876,-0.529742394108474,0.8076418197369283,1.252907372767481,4
-0.6381060127115908,-1.3755290667126348,-0.3189224561410236,0.27461011383240647,1.1222512002857485,-1.0876984937985674,0.7438130714115636,-1.0646195254656992,0.6503979122991912,-0.5485548586804002,-1.1851467666816802,1.0738724592417404,0.8624974158287407,4
-0.9090430621510279,-0.7387483408251047,-0.4374142491229396,0.10377628795386588,0.9794967235563412,-0.5138309122528218,1.6734251843220986,-1.0020416972081236,-0.43357610935212976,-0.6745516235171527,-0.46215208688140097,0.83575698993147,1.4148479504704858,4
-0.6381060127115908,-0.8903627993697547,-0.37816835263198156,0.1971301757488067,1.145222782054069,-0.42321737673562493,1.5932587883670677,-0.9019171719960027,-0.2241529985032495,-0.4906436437675975,-0.7025962945675196,1.039220769055441,1.3732511016885318,4
-1.1799801115904651,-0.9813314744965447,-0.2596765596500656,0.028418764253226775,1.041232133885124,-0.9107040601334379,0.5056153001746314,-1.1146817880717597,-0.5318653560470473,-0.9756679425084561,-0.8927355850695065,0.8354852406539182,0.6894267806609269,4
-0.7735745374313093,-1.1329459330411948,-0.4176656169592869,0.7038968168065319,0.844178705843223,-0.5979813189785199,1.5553764380881723,-1.0896506567687294,-0.1269806750797439,-0.5677526779854171,-0.8989241815099225,1.1153924541987779,1.3532614926462052,4
-0.8277619473191968,-0.7387483408251047,-0.4176656169592869,-0.10217422177112963,0.938022785617253,-0.5459506238121646,0.9881649145837907,-0.9519794346020631,-0.3933668720685416,-0.6168990953979668,-0.4966654131587264,0.6635154737868836,1.0245446087194365,4
-0.9632304720389154,-0.7690712325340346,-0.3189224561410236,0.6373143001971798,1.2651880587664657,-0.32427059548859094,2.201038118375996,-0.9644950002535783,-0.45320204659794705,-0.7973585968328727,-0.6629839423766251,1.4584382681376515,1.667329418985139,4
-0.31298155338426625,-1.4664977418394247,-0.33867108830467624,0.2933479747398279,0.9981701212195083,-1.1857872952096695,0.8642430236714794,-0.9644950002535783,2.3703480367216057,-0.27366685765794524,-1.2592601998089852,0.9799084020704988,0.9441527603813946,4
-0.5839186028237033,-1.1026230413322646,-0.37816835263198156,0.7086688512090227,1.0866824463192388,-0.6591006357792343,1.9616928292361149,-0.9644950002535783,0.0016297529952731989,-0.44488663445234816,-0.9042591784364062,1.3439638990386693,1.5570802171209543,4
-1.369636046198071,-1.0419772579144047,-0.33867108830467624,-0.01942293841922692,1.0289178567147579,-0.2552817144321092,1.369822348744138,-1.277384141541456,-0.6614284539591293,-1.1083632695234635,-0.8819554493437772,0.792692464887319,1.2520725303754405,4
-0.36716896327215365,-1.4664977418394247,-0.2794251918137183,0.03529047174879426,1.0045364586491266,-0.8923255481988177,0.8910622784688148,-0.9519794346020631,2.214872319250799,-0.386344578413,-1.2711500553905224,0.8100618278174987,0.9618524985800994,4
-0.8819493572070842,-1.0419772579144047,-0.37816835263198156,0.390614610790487,0.9436026660729817,-0.34041785478477216,1.0806924974969265,-1.0771350911172142,-0.293196491474005,-0.6965501856862194,-0.8466412116167243,0.997963621782539,1.0823526709120943,4
-1.0716052918146903,-1.4361748501304947,-0.45716288128659227,0.6074755234678074,1.1308229934424683,-0.5013326145549978,1.374076955814396,-1.377508666753577,0.051168584472489016,-0.8164335500937835,-1.1935013718723158,1.3141846040821727,1.2544563652143514,4
-1.098698996758634,-0.8903627993697547,-0.4176656169592869,0.3864797196577688,1.052308716275237,-0.9835979105242877,0.7728736946768442,-1.13971291937479,-0.49947458156806274,-0.8626311824607151,-0.6513803240630326,1.09061266241901,0.8825368006280628,4
-0.5026374879918722,-1.2845603915858448,-0.33867108830467624,-0.10815083936586958,0.9808423300515726,-0.3406066777596081,0.5710754295922027,-0.9770105659050934,0.4693040368610009,-0.42348416235175634,-1.0975581638953247,0.6936905717331088,0.7386393568836913,4
-0.6381060127115908,-0.9510085827876147,-0.37816835263198156,0.635228193262265,0.9295186534894943,-0.6064287923724251,0.7635435202313483,-0.9269483032990329,-0.18440068437270374,-0.4906436437675975,-0.7602142613872015,1.1488389864432067,0.8761268103139385,4
-0.9361367670949716,-1.1935917164590548,-0.35841972046832893,0.8084918725338118,1.115204710588816,-0.1225344911431477,1.9361180822960895,-1.152228485026305,-0.21721211827113884,-0.7545090641517954,-1.0041303209234067,1.4400865860872358,1.544898093282445,4
-1.1528864066465214,-1.4361748501304947,-0.2991738239773709,0.5257773240072334,0.9958255691885813,-0.48363600371404375,1.2463558658161367,-1.3149308384960015,-0.1431760623724978,-0.9475204488994906,-1.2421099838784515,1.1354852290754371,1.1815096517167014,4
-0.8819493572070842,-1.2542374998769148,-0.2596765596500656,0.10337392929263592,1.1188421312054249,-0.16899153800544814,0.5073197422869199,-1.0896506567687294,-0.07839451337558268,-0.7671467143420158,-1.107568289927019,0.9514393348597486,0.6907250590180546,4
-0.31298155338426625,-1.4058519584215647,-0.37816835263198156,0.3805335528338828,1.0382020955050335,-0.1382026843851479,0.8506105334065028,-0.9644950002535783,1.5041261823651417,-0.21610158787610143,-1.1923490125348155,1.074157992089722,0.9350898975741518,4
-0.5839186028237033,-1.3755290667126348,-0.39791698479563425,0.24772500459307017,0.909470764961154,-0.47695631989797727,2.019245092422052,-1.0896506567687294,0.7475702357257334,-0.4211910403435118,-1.1553088910081712,0.8730830314982336,1.5842019313545157,4
-1.3154486363101836,-0.7084254491161747,-0.35841972046832893,0.07614814119037837,1.0475971855283146,-0.17890306149578733,1.9305616109470751,-1.1271973537232747,-0.6355158343763427,-1.064131493852005,-0.5585513775173546,0.8734662526404725,1.5422406219448108,4
-0.7464808324873656,-1.4058519584215647,-0.2794251918137183,0.0966436570945185,0.9004293578547319,-0.7979741102718854,0.5580819206196597,-1.1021662224202444,0.6156935110526204,-0.6595408399142566,-1.2220053189852504,0.7652305411000114,0.7289753893835013,4
-1.2070738165344088,-1.2239146081679848,-0.37816835263198156,0.3348702298849856,1.279823866460458,-0.8230854231464403,1.7901647627291413,-1.3024152728444862,-0.48203339531688805,-0.9710922415777156,-1.01949511207577,1.2529603691317432,1.4737829556714954,4
-1.1528864066465214,-0.7690712325340346,-0.35841972046832893,-0.019764354058065314,1.0266916967711985,-0.5864955357602378,0.5762685780863963,-1.0771350911172142,-0.5503743700331655,-0.9314361668376295,-0.6142487454431111,0.7906508607819092,0.742487580151136,4
-0.4484500781039848,-1.4361748501304947,-0.35841972046832893,0.2896894951613932,1.1465052834812615,-0.6735115531612043,1.2429299248128254,-1.027072828511154,1.5411442102840547,-0.3564230831086685,-1.2269197926264328,1.1053152801084625,1.1795124342824501,4
-0.6651997176555345,-1.0723001496233346,-0.4176656169592869,0.3640095218306426,0.9625690882631259,-0.818604276473102,0.7039532941218124,-1.0145572628596387,-0.09998836301122958,-0.4694598431603177,-0.8370382171482001,0.9967271605051526,0.8346501641135473,4
-0.6922934225994782,-1.2542374998769148,-0.4374142491229396,0.5833944510235307,1.0870909782254596,-0.042862881530416716,0.5709867587304144,-1.1146817880717597,0.14834090796246321,-0.4704049665730063,-1.00841473384275,1.257558304258577,0.7385735798981109,4
-0.6381060127115908,-1.3755290667126348,-0.35841972046832893,0.16389941306774058,1.204811470858607,-0.5959118137980075,2.1432385082387837,-1.0896506567687294,0.6503979122991912,-0.5112342979587733,-1.1712224247006764,1.0660554707884682,1.6413059933246752,4
-0.7193871275434219,-0.7993941242429646,-0.2794251918137183,0.6444095174569704,1.0616689081140713,-0.3439088737138394,0.7570111488906373,-0.8393393437384271,-0.3159268595232544,-0.6400268212355953,-0.7305579549325303,1.2764559826396196,0.8716255873062566,4
-0.5568248978797596,-0.7084254491161747,-0.2596765596500656,-0.12000162319754576,1.0831901978190488,-0.6042475370345728,1.1346718569306475,-0.714183687223276,-0.2727391602173304,-0.5396690108877171,-0.6779028802119941,0.7671663667343431,1.1152542384375237,4
-0.7735745374313093,-1.3755290667126348,-0.2991738239773709,0.5569245258771285,1.0962996718966227,-1.0386851485170516,1.8284298131060464,-1.1146817880717597,0.40746710373283557,-0.6660455128075379,-1.1914760130367013,1.247556923838279,1.4926957923917497,4
-0.8548556522631405,-1.1632688247501248,-0.2794251918137183,0.1343589298457512,1.2658532465823105,-1.0127031671466595,2.046665110917219,-1.0521039598141841,-0.1690886819025954,-0.7375969146289013,-1.0254263733641622,1.0961302654426277,1.5969839880515597,4
-0.2858878484403225,-0.9510085827876147,-0.37816835263198156,0.3835924390357692,1.2803996377589613,-0.9487619869855896,1.295128428784715,-0.7642459498293365,0.04527935283557525,-0.19322308321847684,-0.7602142613872015,1.288731798556939,1.2097091475341748,4
-0.4484500781039848,-1.1632688247501248,-0.2794251918137183,0.2848381062396815,0.8816004294526238,-1.0238259549193185,2.2064803282352052,-0.8643704750414574,0.21960061182624718,-0.44488663444898363,-1.0254263733641622,0.8737242486486052,1.6697607789431954,4
-0.6651997176555345,-1.3148832832947748,-0.2991738239773709,0.5247775329154414,1.143582380043008,-0.5153552664396895,1.7355223364919141,-1.039588394162669,0.34916370970217503,-0.5856241024955513,-1.140842042194951,1.2677957628318233,1.446432785286318,4
-0.7735745374313093,-1.2845603915858448,-0.37816835263198156,0.4775339283397274,1.0573156890252944,-0.6639473691350167,2.084630937857465,-1.1271973537232747,0.11595013347971034,-0.6050361670557208,-1.077113078895452,1.1576495820930748,1.6145362600757216,4
-0.36716896327215365,-1.3148832832947748,-0.3189224561410236,0.6611109514591719,1.063921216874268,-0.393396547157174,2.1719430393984887,-0.9144327376475178,0.77672193278965,-0.34121841022000626,-1.1329304842511747,1.2900343584849756,1.654275944797855,4
-0.7464808324873656,-1.4361748501304947,-0.2991738239773709,0.7040025767425138,0.9546192841822374,-0.5734199932114199,1.8472118689927957,-1.1271973537232747,0.8285471718524364,-0.6459401602295411,-1.2421099838784515,1.2180536051688422,1.5019081081963945,4
-0.8548556522631405,-0.7084254491161747,-0.35841972046832893,0.7800832963745935,0.8952516607908967,-0.8311329439834271,2.208862264070016,-0.9144327376475178,-0.4152585679226567,-0.6881614006446075,-0.5585513775173546,1.2132586250737327,1.6708239185366687,4
-0.34007525832820995,-1.4361748501304947,-0.45716288128659227,-0.013157498739408309,1.1431948039396882,-0.4048028369162827,1.5985899908466266,-1.039588394162669,1.8002704060773702,-0.09987878422093219,-1.1935013718723158,0.8899217652338269,1.3760468416072233,4
-0.5297311929358159,-0.7387483408251047,-0.2596765596500656,0.3103119123222509,0.9307480230047981,-0.4295605848963766,0.6890123658387727,-0.714183687223276,-0.2459330020287184,-0.5207125355998589,-0.7017731807517177,0.9330644343635569,0.8241020495950961,4
-0.9903241769828591,-0.9813314744965447,-0.2596765596500656,0.7720877922771483,0.9178445780071106,-0.4503641442587559,1.6533786409240767,-1.027072828511154,-0.4023022581349652,-0.8429726154934486,-0.8927355850695065,1.2292020837948379,1.4045343045958842,4
-1.098698996758634,-1.3452061750037048,-0.39791698479563425,0.6708661036013236,1.0121127013393445,-0.24106255762162848,0.8478590522321843,-1.3149308384960015,-0.22955146094627651,-0.8714073284269285,-1.12547101533373,1.2489059138896923,0.9332552717695806,4
-0.3942626682160974,-0.7993941242429646,-0.4374142491229396,0.19118551210581217,1.0920402536682137,-0.2778430809717275,1.2405398537026264,-0.7892770811323667,-0.14317606230531693,-0.18970331327480514,-0.5264182806415597,0.9900391809839393,1.1781178077806482,4
-0.9090430621510279,-1.2845603915858448,-0.3189224561410236,0.6170526938567269,0.984555949013522,-1.0969090224631712,0.9700711102747813,-1.152228485026305,-0.060726818210935056,-0.755891307140794,-1.1068223430359219,1.1870640244919002,1.0130240587305075,4
-1.28835493136624,-1.3452061750037048,-0.2596765596500656,0.25681983564077415,1.2743274358800223,-0.19505627869808037,2.2234364679703384,-1.3149308384960015,-0.5318653560552735,-1.051493843659889,-1.17917919154619,1.1917559194551024,1.6773154973976672,4
-0.8548556522631405,-0.8297170159518947,-0.37816835263198156,0.2597827631991655,1.2274433920601622,-1.031235726494824,1.1485413184858275,-0.9770105659050934,-0.377386277764656,-0.6736716810285949,-0.6449783277478377,1.153702278795939,1.1236135096672732,4
1.5835777926917938,-0.6781025574072447,-0.4176656169592869,-0.5050223392414571,-0.9468493898169573,0.6518280672690969,1.1107932694097797,0.1869370396858121,0.7052532562957621,1.570116479460494,-0.4347794487970039,-0.9895365924225474,1.1007724835711064,5
1.3397344481963003,-0.6477796656983147,-0.4374142491229396,-0.07537293708827712,-0.6267271910787163,-0.5505497874295477,0.3778720447358897,0.07429694882217609,0.5532255889865227,1.4434699422783657,-0.36575279624116275,-0.5755671213598333,0.5894116372003169,5
1.0146099888689757,-0.9813314744965447,-0.4176656169592869,-0.23429169988078535,-0.24519198464700426,0.9843940424965383,1.4227299375146554,-0.20104549551115639,0.9673647769356164,1.0540790966287226,-0.7442092706056164,-0.34504018483248106,1.2814983209466244,5
1.4210155630281316,-0.6174567739893846,-0.2991738239773709,0.21746347650927347,-0.9425638429886791,0.855503353737781,0.4248496146991889,0.21196817098884232,0.5517532810568285,0.962488046010189,-0.5585513775148228,-0.7222100659523543,0.6268292848463722,5
1.2042659234765818,-0.4355194237358046,-0.37816835263198156,0.34276525789517986,-0.6958175261995535,0.8589646671414923,0.8284075778392211,0.13687477707975165,0.2853788000345871,1.0650946729508801,-0.2704615434199054,-0.46154695177706806,0.9202328506874555,5
0.9333288740371446,-0.6174567739893846,-0.45716288128659227,0.11691040111368182,-0.8523344148089228,0.5703872878087364,1.5584571795190614,-0.1134365359505506,0.33974093901520475,1.1474572897058828,-0.29120401148107533,-0.6836979500765453,1.3548952900136695,5
1.6377652025796812,-0.7690712325340346,-0.4374142491229396,0.4261428106524575,-0.31462646845704156,0.6046729050202838,1.6242972408570435,0.16190590838278188,0.8794469605136188,1.7241715955765669,-0.49428518376148023,-0.09071261295702723,1.3894684963010389,5
0.9062351690932009,-0.7993941242429646,-0.37816835263198156,-0.45299121414211146,-0.8301506148866707,0.9015856612297707,1.1793560090432655,-0.15098323290509594,0.547827126566433,0.8134311217170088,-0.6161693443379969,-0.8839019412555771,1.1420505984452156,5
1.7732337272993997,-0.9206856910786847,-0.45716288128659227,-0.43532457406024166,-0.8631136772828097,0.5172653187797349,0.6534322329757712,0.14939034273126678,1.2989175492404905,1.9701683171895268,-0.6253882190333865,-0.9016898624871345,0.7987359093245376,5
1.5293903828039064,-0.4658423154447346,-0.37816835263198156,0.2043316981192514,-0.625139388604661,-0.1528872312059003,0.7578620459170624,0.27454599924641787,0.4330387679004587,1.3396367288423763,-0.2992705268297464,-0.45770722130294406,0.8722125361461859,5
0.8520477592053135,-0.7387483408251047,-0.2596765596500656,0.2088903400932953,-0.8643574078913823,-0.28769535883694736,0.9589566770195858,-0.07588983899600527,0.4376240317922801,0.4460677040809102,-0.7017731807517177,-0.6589366758393563,1.0059113116512306,5
0.8520477592053135,-0.8903627993697547,-0.4374142491229396,-0.25747637281985786,-0.8045789986488507,-0.4911543513433315,1.4732080600584065,-0.25110775811721686,0.6665932996476167,0.9841399641540365,-0.6228175712817977,-0.789076941009292,1.3091395205374554,5
1.6919526124675686,-0.9813314744965447,-0.2991738239773709,0.0802296802654432,-0.7030443710291466,1.0441749641546467,1.3365590804326741,0.1869370396858121,1.430090126621624,1.1635415717901552,-0.8623552025653245,-0.573971316456291,1.2333277003484406,5
0.9875162839250321,-0.4658423154447346,-0.37816835263198156,-0.08141586649077266,-0.6109091485894794,0.23671693261759705,0.9587989891749609,0.02423468621611564,0.22846545540333948,0.8820666356898826,-0.2992705268297464,-0.5653926905986699,1.0058101996535245,5
1.55648408774785,-0.6174567739893846,-0.33867108830467624,-0.37991823700674393,-0.212090874972654,1.1946126956310632,0.7497190793265669,0.24951486794338767,0.6106455982906128,1.2031037171810486,-0.5046506988785694,-0.3896900665894922,0.8665877990604445,5
0.9604225789810883,-0.4051965320268746,-0.2991738239773709,0.10321638961436243,-0.8634205152532809,1.2443651275657763,0.597662850880637,0.0868125144736912,0.17425352759270232,0.6206970521842463,-0.3813324795686968,-0.6981292132224501,0.7582565388519076,5
1.095891103700807,-0.8600399076608247,-0.4374142491229396,-0.21365389338704485,-0.20145449562781842,1.309103387681735,1.4021478418399302,-0.1259521016020657,0.7534005752515865,1.213804953216201,-0.5906844744017183,-0.3010135892896908,1.2701071509852064,5
0.9062351690932009,-0.4355194237358046,-0.2596765596500656,-0.4817882489836741,-0.869012768370857,0.6331717152974075,0.2520242939028464,0.07429694882217609,0.17574848641426205,0.4839806546566266,-0.4630701753544818,-0.9236269944432,0.4852409996397488,5
0.7978603493174261,-1.0723001496233346,-0.33867108830467624,-0.3134198926014923,-0.5675508564972832,1.0772736255992743,0.5681359926168887,-0.2886544550717622,1.0660795181882545,0.6038344984058046,-0.9089057886627206,-0.62945948209908,0.7364575932001718,5
1.475202972916019,-1.0723001496233346,-0.2596765596500656,-0.412784730168666,-0.13664164488829011,0.3540328107567385,1.2452310848249164,0.07429694882217609,1.6059257594843117,0.8820666357016489,-0.9643464866886774,-0.34906954305760185,1.1808541790497646,5
1.366828153140244,-0.6781025574072447,-0.4374142491229396,0.2158440608222485,-0.07951650580655568,0.506299395825244,1.0082142024997733,0.07429694882217609,0.6049463417816416,1.4689882743963842,-0.39788589312124223,0.01101288238862468,1.0372262790090205,5
1.5835777926917938,-0.7387483408251047,-0.39791698479563425,-0.46479576676648116,-0.49265015314597527,0.3298281800464825,1.6509311405935467,0.174421474034297,0.7995071673445735,1.4744564884287692,-0.5287135018449025,-0.6384908780040222,1.4032711200722219,5
1.3126407432523566,-0.4051965320268746,-0.3189224561410236,-0.28276636812579037,-0.0689034961466871,0.7444965750700209,1.0884746910135454,0.23699930229187255,0.3005775480598397,0.9442675702344355,-0.3496862477935918,-0.23248838096351843,1.0871326536747894,5
1.6919526124675686,-0.6174567739893846,-0.2794251918137183,0.07654090201198718,-0.4194875531544832,0.11675052809084457,0.9102430520282262,0.34963939315550857,0.6695379155243972,1.0967208411652494,-0.5831237457167142,-0.3407313959547395,0.9744071545452915,5
1.3126407432523566,-1.1632688247501248,-0.4176656169592869,0.2817077231448375,-0.6380638532003828,0.040939141482076113,1.132451381742671,-0.1384676672535808,1.9039208846512314,1.3243843923977456,-0.9298671636907838,-0.43658228392003673,1.1139123890594456,5
1.1229848086447507,-0.4051965320268746,-0.35841972046832893,-0.44621594330551256,-0.7320202968709062,-0.5727765729538431,1.2418404913201715,0.12435921142823654,0.23255692165445802,0.9262984113636292,-0.2800645378885721,-0.80833597702753,1.1788768722499365,5
1.6648589075236249,-1.1026230413322646,-0.39791698479563425,0.39772284508322636,-0.4592240243373083,0.39797510557892546,1.6959521422464883,0.06178138317066098,1.8993480694509766,1.5455432707577297,-0.8867680099381989,-0.23116473026455167,1.426368940212917,5
1.7732337272993997,-0.4051965320268746,-0.2991738239773709,-0.1387704563472483,-0.7785066984341655,0.7400332323260859,0.4747298818605617,0.4622794840191446,0.46577049790148084,1.2238576295241452,-0.3813324795686968,-0.7223535315868396,0.6657406389371674,5
1.0417036938129194,-0.7690712325340346,-0.2991738239773709,0.1635320799039677,-0.7926328517468221,0.6768955940571135,1.3087178566892983,-0.02582757638994481,0.5740482297172184,0.6810131099182363,-0.6851363046191984,-0.6157139871426881,1.217489704180977,5
1.5293903828039064,-0.9813314744965447,-0.4374142491229396,0.1652591794404929,-0.7259864848368307,0.9894391586170646,0.7502376112239785,0.02423468621611564,1.319036042696982,1.6220982671044935,-0.7192168619220358,-0.5589172879285065,0.8669464886301363,5
1.3126407432523566,-1.1329459330411948,-0.35841972046832893,-0.4127768330369926,-0.27128071974606544,-0.09911113965891387,1.5052837437806423,-0.08840540464752038,1.7435865509981048,1.0811096262137339,-0.9484329529976503,-0.4499034899751401,1.3264897367803001,5
1.2042659234765818,-0.49616520715366463,-0.2596765596500656,0.33518905435450264,-0.13740394102770306,-0.1565631054803564,1.619141083296242,0.1869370396858121,0.33655757051935076,0.6925018828230669,-0.5108107764339289,0.020919124237746098,1.3867843500577304,5
1.8545148421312307,-0.7084254491161747,-0.39791698479563425,0.14645943923243865,-0.310259944938056,0.04616877175770585,1.09495518222893,0.31209269620096325,0.8803724112166729,1.7114124295253041,-0.49887562617046094,-0.21762061224427146,1.0911036191531442,5
1.827421137187287,-0.6174567739893846,-0.35841972046832893,-0.2932184332493973,-0.19123516483955347,-0.13812030760959146,1.2714176590733057,0.3621549588070237,0.7284302327581815,1.5013114950925899,-0.4750053256287197,-0.33175929488423966,1.1960541208454136,5
0.9604225789810883,-0.6781025574072447,-0.2596765596500656,0.2757139898307498,-0.48139837808715646,0.021041817117939263,1.6013431973545165,-0.0007964450869145851,0.41687087706766585,0.5218936052323431,-0.6540325796722706,-0.3043499437636346,1.3774889855865704,5
1.3397344481963003,-0.8903627993697547,-0.39791698479563425,-0.004126583496278015,-0.6178500636297825,0.817022715385857,1.680010254775594,-0.0007964450869145851,0.9581102699515365,1.2611961414418875,-0.6779028802171093,-0.5386558205778685,1.4182232538318162,5
0.9333288740371446,-0.5568109905715246,-0.3189224561410236,0.1250421573986436,-0.7725321597167527,0.49696329362721736,0.5395920284977059,-0.0007964450869145851,0.28253125941830604,0.6539965423898844,-0.48022695386985564,-0.6139214004063475,0.7151350771808304,5
1.4210155630281316,-0.4051965320268746,-0.35841972046832893,0.33436872054304706,-0.7316473046945619,-0.15659058422214675,0.6919444646864886,0.2620304335949028,0.3394464774343435,1.169573177556651,-0.2800645378885721,-0.4961001543066614,0.8261768662229392,5
1.8003274322433434,-0.8297170159518947,-0.35841972046832893,0.4557937826081337,-0.15781077242660277,0.7888356302521442,0.21419065699778592,0.2620304335949028,1.087673367869996,1.4791956072568608,-0.6699461133688676,0.06252858155152256,0.4527311980696419,5
1.0417036938129194,-0.8600399076608247,-0.2794251918137183,-0.5011833001817172,-0.3514646606739634,0.9244726034290178,0.4807072144830527,-0.050858707692975035,0.7223054317524499,0.628384392877381,-0.7797026913378022,-0.5507054271617944,0.6703486139648027,5
1.4481092679720753,-0.8297170159518947,-0.35841972046832893,-0.23880559012516636,-0.3964666667330352,-0.07558816448870916,0.8232476529361271,0.09932808012520632,0.8933287210000932,1.1916890653923804,-0.6699461133688676,-0.46473654877761394,0.9167627967058843,5
1.5293903828039064,-0.6781025574072447,-0.33867108830467624,-0.4829533228143104,-0.8312850774597811,0.3834570441084581,0.9037346206008168,0.21196817098884232,0.680176527667232,1.1817012450819326,-0.5585513775164562,-0.8962373844422219,0.9701567279642098,5
1.746140022355456,-0.6781025574072447,-0.35841972046832893,-0.27385096867990566,-0.18438122053695774,0.48005460359134877,0.3447698111977823,0.2995771305494481,0.7804834421813526,1.4349638315854023,-0.5307026935544763,-0.3170456155280022,0.5625795541800943,5
1.2584533333644692,-0.9510085827876147,-0.4374142491229396,-0.3971416540301713,-0.5298270211484435,-0.5108677327876133,1.4867925649383973,-0.08840540464752038,1.0523379775180293,1.366914945924311,-0.6870837650419565,-0.6367844904692037,1.3165076295704943,5
1.3126407432523566,-1.0419772579144047,-0.2991738239773709,0.3792935945212898,-0.7172481360638383,-0.25296943944015493,0.49456029628912884,-0.013312010738429698,1.363847339709054,0.8820666356982025,-0.9129891734070746,-0.4655237033479778,0.6809837667365065,5
1.095891103700807,-0.9813314744965447,-0.4374142491229396,0.14173276889348183,-0.6342260457791283,1.0233558379855276,1.6050568158913403,-0.17601436420812616,1.0228918188979375,1.213804953216201,-0.7192168619220358,-0.49141672900049915,1.379432403706257,5
1.366828153140244,-0.6174567739893846,-0.2991738239773709,0.2679003686458816,-0.42515487472471514,0.5676053385421402,0.7170221317405117,0.1869370396858121,0.5281963541633147,0.9222773408541955,-0.5585513775148228,-0.2594942754108998,0.8438271235540503,5
1.6648589075236249,-0.4355194237358046,-0.37816835263198156,0.10047776192841576,-0.3642157148213692,0.3322066795557432,0.8069733657567493,0.34963939315550857,0.4548074665387259,1.4540292521304996,-0.2704615434199054,-0.2839930595271595,0.9057751139704271,5
1.4210155630281316,-0.6174567739893846,-0.45716288128659227,0.29349757383047637,-0.7067802670720831,0.5707001735160709,0.6558753963127324,0.11184364577672143,0.5517532810568285,1.6251604669544508,-0.29120401148107533,-0.49097952319329313,0.8004889769976363,5
0.7978603493174261,-0.7084254491161747,-0.45716288128659227,0.12339078380933248,-0.26227732330779685,1.315375041519369,0.8174125383952164,-0.2135610611626715,0.3750763293523343,1.014761962692392,-0.3914592737467688,-0.1883238042061953,0.9128307500370393,5
1.7732337272993997,-0.7690712325340346,-0.2794251918137183,-0.42913157940324764,-0.49807585918324787,-0.05979749427359986,0.34118415672087476,0.3246082618524783,0.9488557629673461,1.1552628972012329,-0.7059855867298942,-0.6269133592827554,0.559649380522069,5
1.827421137187287,-1.0723001496233346,-0.3189224561410236,0.40164510426666056,-0.9152058412571007,-0.1520575016670636,0.3526310060643027,0.19945260533732723,1.8866458049582615,1.338206822309184,-0.9240653545291525,-0.6307824756733718,0.5689873349921761,5
1.8003274322433434,-0.6477796656983147,-0.2794251918137183,0.12961222631283964,-0.8695180136997827,0.3739038246973294,0.4315451902200283,0.3871860901100539,0.7597167762872837,1.174776915879894,-0.6076961139193502,-0.6932404845047995,0.632100692776078,5
1.4481092679720753,-0.5568109905715246,-0.39791698479563425,0.3740800357930315,-0.9351336475762919,0.664613250423695,0.7376692695789568,0.1869370396858121,0.49353401887914444,1.355978517880502,-0.34968624779825425,-0.6584353451393579,0.8582326375253647,5
1.3397344481963003,-0.4051965320268746,-0.2596765596500656,0.38481707912521956,-0.766927056372349,0.6284974290751824,1.3531936183539275,0.287061564897933,0.3102947804034657,0.7872842592623579,-0.4391998748147582,-0.5068963409973665,1.242725700704113,5
1.3126407432523566,-1.1632688247501248,-0.4176656169592869,0.3557202574717353,-0.6669474266008664,-0.4944127754272888,0.44518255437034987,-0.1384676672535808,1.9039208846512314,1.3243843923977456,-0.9298671636907838,-0.43109678846773397,0.6427907189558985,5
0.9875162839250321,-0.7690712325340346,-0.2596765596500656,0.18647222620012666,-0.6433244066650623,0.3744457990026428,0.8844694567540494,-0.02582757638994481,0.5462847087357274,0.5408500805202012,-0.7256434812914414,-0.48052719280459527,0.9575172837463185,5
1.4481092679720753,-1.0723001496233346,-0.35841972046832893,-0.3976670266156677,-0.4980200573102343,0.40109573272903853,0.6820051801510072,-0.0007964450869145851,1.5843319098324695,1.1916890653923804,-0.8927355850718935,-0.6131122796565842,0.8191340845578116,5
1.5022966778599627,-0.9813314744965447,-0.2596765596500656,0.002194752389666954,-0.6487456546804202,1.2394558646283824,1.548559646964047,0.12435921142823654,1.3005270287095418,0.9010231109895072,-0.8927355850695065,-0.5612190696139717,1.3496411890974123,5
0.9604225789810883,-0.8297170159518947,-0.4176656169592869,0.29928512840417726,-0.835091608642842,-0.501843199354119,1.6191269639525148,-0.16349879855661104,0.6242361330263816,1.004932679216173,-0.5894943597013101,-0.5994669118636036,1.3867769945402544,5
1.827421137187287,-0.9813314744965447,-0.2794251918137183,-0.24313554120032443,-0.3035367289944932,0.9883898834691209,0.29426684239461254,0.2620304335949028,1.5226351965588252,1.1942909345585553,-0.8779921641483461,-0.3945603644579207,0.5208711027742032,5
0.8520477592053135,-0.8903627993697547,-0.2991738239773709,0.1815644650320851,-0.1970325386302529,0.4395584017259668,0.31277655037303814,-0.16349879855661104,0.6665932996476167,0.5402756418722598,-0.786404246302699,-0.10555966150757787,0.5362678947931122,5
1.7190463174115123,-0.7993941242429646,-0.39791698479563425,-0.12280775772993287,-0.6087168665574889,0.8960410231466288,1.6272375623388082,0.21196817098884232,0.9797041196112765,1.5929344589770367,-0.5883892531937851,-0.580995915275724,1.3909973854287792,5
1.827421137187287,-0.6781025574072447,-0.2794251918137183,0.381619605966022,-0.3863643209451039,-0.44675767118994,1.4187306179340438,0.3871860901100539,0.8180985351241475,1.1942909345585553,-0.6322684821219863,-0.17441102706127992,1.2792904271800671,5
1.2855470383084129,-0.7993941242429646,-0.4176656169592869,-0.17824904719587673,-0.9070748769669346,0.9933671014306048,1.71405549048931,-0.0007964450869145851,0.7493697233206934,1.299811183691471,-0.5585513775204489,-0.8389835110752143,1.4355753896133756,5
1.8003274322433434,-0.5871338822804546,-0.45716288128659227,-0.15363300235121327,-0.6610095768242594,0.9605287306939696,0.3812813948733306,0.2995771305494481,0.6761199980399534,1.9967073825922252,-0.2577855907258442,-0.6352744311738032,0.5921530275380597,5
1.5293903828039064,-0.5871338822804546,-0.3189224561410236,0.2288140033205426,-0.22770867082683544,0.4013945960326248,1.3524367920465785,0.2620304335949028,0.5617996175272113,1.1101367290027506,-0.5063350950851084,-0.10875228953453306,1.242299161315031,5
0.9875162839250321,-0.9206856910786847,-0.39791698479563425,0.11998389641658164,-0.4140319285472857,0.6592604840573624,1.6431170848249756,-0.17601436420812616,0.8088310484405854,0.953153418016392,-0.7077407558915507,-0.31662953664242316,1.3992323582529675,5
0.8249540542613698,-0.7084254491161747,-0.33867108830467624,-0.1906811650031044,-0.8779583183470028,0.7212885314564698,0.5764761386270975,-0.1259521016020657,0.38803263914372776,0.6252369705049204,-0.5855017168353996,-0.82075145985057,0.7426412188257234,5
0.8791414641492572,-0.4658423154447346,-0.2596765596500656,0.01816912880649454,-0.8354066236219659,0.9300995976095177,0.605483864402633,0.04926581751914586,0.18755079290391558,0.4650241793687684,-0.48694047589420536,-0.7073853183301002,0.7639874541396555,5
2.017077071794893,-0.4355194237358046,-0.5361574099412029,-0.11550359832625177,0.48210192674476665,1.9193882515783383,-0.15368797569869966,0.41221722141308414,0.5843705644536554,2.8409024153717732,0.15755763864877811,0.2912968791785438,0.10236633422627098,6
1.55648408774785,0.20126130215172552,-0.6151519385958135,-0.5645693194155252,0.23702607250326405,0.11556854543079899,-0.10369562755612208,0.41221722141308414,0.03821227478776939,3.1066647649433787,1.5546722878258918,-0.15356797878210512,0.1540943148464613,6
1.6648589075236249,0.019323951898145487,-0.6546492029231189,-0.03041046185977633,0.45306404055328325,-0.37994608818096376,-0.4837091072876634,0.3621549588070237,0.1447419330728414,3.845595605514761,1.6136459714868943,0.3184120852729208,-0.28148250031501926,6
1.55648408774785,-0.5264880988625946,-0.5756546742685082,-0.5597418391685944,0.27093033460755267,0.9939581580261914,-0.7070448478530461,0.13687477707975165,0.5046394272727457,2.662977603443905,0.18896592882409202,-0.1262955064609828,-0.5959071128520959,6
1.8545148421312307,-0.28390496519115455,-0.6546492029231189,-0.68547951733446,0.5111686478874266,0.804527078713777,-0.7791271214662375,0.3246082618524783,0.3897994086718853,4.1552180352046495,1.0566722922478946,-0.02749493967063903,-0.7100891127968484,6
1.6377652025796812,-0.010998939810784519,-0.5756546742685082,-0.3262917352630116,0.2940799443339375,-0.06454636546749601,-0.34274018632242664,0.3871860901100539,0.15261893483264016,2.767737072137443,0.9364832351816617,0.02238347639407607,-0.10760884256181252,6
2.125451891570668,0.20126130215172552,-0.5164087777775502,-0.2037911107276966,0.34333743488768026,-0.6746669242714279,-0.5736110619187357,0.7376219283524771,0.1742535275996664,2.7820224542599377,0.8845167914405366,0.13014154354067856,-0.40164813101751273,6
2.0441707767388366,-0.22325918177329457,-0.45716288128659227,-0.23264141269027877,0.4589762491787536,0.3721789927856755,-0.7765310890248414,0.5624040092312654,0.4032422202155335,2.235558971216509,0.14323545833692922,0.20357809492515658,-0.7058510512579406,6
1.9357959569630618,0.1709384104427955,-0.5954033064321609,-0.4179958217840015,0.5459924624835077,-0.3231110525517023,-0.43043020616670535,0.5874351405342957,0.1423019500625047,3.388533923641557,1.344442026551805,0.1590324112890151,-0.21381516753425564,6
1.3939218580841877,-0.010998939810784519,-0.5361574099412029,-0.5092452069493625,0.207937815561101,0.5740767166426824,-0.21779025103313643,0.2995771305494481,0.08661509249817234,2.11423752935105,0.7145313178983866,-0.1441543012285959,0.03382942122443442,6
1.9087022520191181,-0.25358207348222456,-0.5164087777775502,-0.6235562689069638,0.44140082372147565,-0.03320748209095645,-0.71403674322702,0.44976391836762947,0.38371386922487605,2.540758223327634,0.314884619479477,-0.04022698417944906,-0.6066764511181234,6
1.5293903828039064,-0.5264880988625946,-0.5361574099412029,-0.0639478773932088,0.18800489395041353,-0.3414701269791938,-0.7429474391908054,0.14939034273126678,0.49384250244652456,2.2722081567468595,0.03820613595243358,0.08518837614827157,-0.6518902460262614,6
2.1796393014585553,-0.041321831519714525,-0.6349005707594663,-0.38695610623655186,0.583780991489068,0.021438392666470987,-0.27151916956297417,0.5874351405342957,0.31776957451959637,4.323851679969098,1.321234789897733,0.20628767275295556,-0.025657863992672555,6
1.3397344481963003,-0.37487364031794457,-0.5164087777775502,-0.6312507714010968,0.5874618830981625,1.0976532120917393,-0.18195534718857692,0.13687477707975165,0.2865942137122732,1.9074396171303363,0.16298270695652756,0.05949277684892514,0.07245862953932371,6
1.6919526124675686,-0.4658423154447346,-0.5559060421048556,-0.693133098148534,0.319039550941737,-0.1353777541893923,-0.5190977221182337,0.23699930229187255,0.4944107616495944,2.64027971857017,0.19336308945390202,-0.16730060642642938,-0.3278488175805022,6
1.5022966778599627,-0.22325918177329457,-0.5559060421048556,-0.4302191811474999,0.32131672632623587,-0.34740419887786167,-0.40608918520513976,0.24951486794338767,0.23424687510844422,2.4080628962988833,0.5275472970028713,-0.016008713660055744,-0.18371243834000006,6
2.2338267113464427,-0.19293629006436455,-0.4966601456138976,-0.14397011904716095,0.18597594992379696,0.462512642416483,-0.24939353278136664,0.6374974031403562,0.4384795474936906,2.7282624897663004,0.3132335117380361,0.039739749126032314,-0.0009267947968212942,6
1.3939218580841877,-0.25358207348222456,-0.6349005707594663,-0.3871419851214582,0.27146539517625745,1.0658826299531543,-0.519877876282259,0.13687477707975165,0.2196006118654042,3.1213002789363937,0.9557208128956168,-0.029024917467737017,-0.32888430218792253,6
1.6377652025796812,-0.4355194237358046,-0.5164087777775502,-0.5950755933972676,0.39845566172700303,-0.43224551851485876,-0.27098839580507617,0.24951486794338767,0.44484107439142356,2.239177934662254,0.087031750695053,-0.054362424838216336,-0.025060667264137238,6
1.3397344481963003,-0.041321831519714525,-0.5756546742685082,-0.425977548369335,0.4926599625205756,1.8533464119450758,-0.18130780438328323,0.23699930229187255,0.08605095709333305,2.383619020261137,0.892511628925334,0.11436913998094735,0.07314923563011595,6
1.6377652025796812,-0.37487364031794457,-0.5954033064321609,-0.38971291628794436,0.2984932696702067,-0.4705348434613488,-0.40953162116179026,0.22448373664035745,0.39087670715612743,2.9830759799955304,0.5089815076840231,-0.010125038158668947,-0.18793984433247096,6
2.396388941010105,-0.5568109905715246,-0.6546492029231189,-0.07260400282622621,0.5382707884529827,-0.7381949333368235,-0.30772958425166413,0.4622794840191446,0.8822233126227942,5.039853548604333,0.5553959809327955,0.3619803097714222,-0.06686593642556958,6
1.8003274322433434,-0.07164472322864453,-0.6546492029231189,-0.5259498290382374,0.32498584863168395,-0.5491657580863635,-0.06752630638198429,0.3871860901100539,0.23027051404900137,4.066754483864681,1.4465538677151943,-0.06783162243424351,0.19063011936757596,6
1.6648589075236249,-0.13229050664650455,-0.45716288128659227,0.014488899523994521,0.2886249657647837,0.000847047199239191,-0.6782924636203282,0.4247327870645992,0.22700421746217986,1.864012055578734,0.24349072060262253,0.2104489458052695,-0.5522739389877287,6
2.28801412123433,-0.3142278569000846,-0.6349005707594663,-0.42199185732261274,0.4604351899753296,0.3243500934546695,-0.30394947066737454,0.5248573122767202,0.5588751426843975,4.4897208387322305,0.8512882480378693,0.09266157676111188,-0.0625205598508514,6
2.1796393014585553,-0.5568109905715246,-0.5954033064321609,-0.22224119841870377,0.48351225295388606,0.7601994831311025,-0.7176907483949692,0.399701655761569,0.7933800454813885,3.7202722411701235,0.23049466806142918,0.22885982985019226,-0.6123298319379464,6
1.3397344481963003,-0.22325918177329457,-0.5954033064321609,-0.2825390243614227,0.20487494335317868,-0.04884004421117877,-0.6257626189817331,0.14939034273126678,0.18354827157631737,2.5776180363495036,0.7410538740361846,-0.021580516092139488,-0.47514307261484034,6
2.0441707767388366,-0.4658423154447346,-0.4966601456138976,-0.05013356599136293,0.5458968259406304,-0.3783640521577836,-0.27349569623362063,0.43724835271611434,0.627383414772722,2.526334818224734,-0.013685821735913735,0.3817166933813288,-0.027883452468232213,6
2.206733006402499,-0.37487364031794457,-0.5164087777775502,-0.2616827746724287,0.42871923932985,1.7335900177928811,-0.23744646792196605,0.5373728779282353,0.5899614673671219,2.8724965408595518,0.16298270695652756,0.1630014157189593,0.012289736698527936,6
1.9628896619070055,-0.4355194237358046,-0.4769115134502449,-0.12023331650767308,0.3009037670004072,1.2712261469330812,-0.3166667173355518,0.4247327870645992,0.5644377801590509,2.2919544851915754,-0.03638855322470076,0.14423016577885825,-0.0771806257248954,6
1.5293903828039064,-0.3142278569000846,-0.5954033064321609,-0.6300146865940585,0.45164388360391194,0.3562134211932577,-0.6901133600043085,0.19945260533732723,0.305775137454629,2.835636727760612,0.6018104542248878,-0.036716142408856144,-0.5700872513419049,6
1.9628896619070055,-0.10196761493757453,-0.6349005707594663,-0.5070597024249198,0.1822462056186484,0.03692614923574956,-0.5970821209179022,0.4622794840191446,0.29474720865844506,3.992113362442835,1.2168022250399855,-0.1618012579887734,-0.4343609025002974,6
1.5835777926917938,-0.5264880988625946,-0.5954033064321609,-0.0425970219328611,0.2269040351343067,1.3637627846889684,-0.7452743749220775,0.13687477707975165,0.5154363520989667,2.9093563538780707,0.2769091413318615,0.1283399010317353,-0.6555783058627896,6
1.827421137187287,-0.28390496519115455,-0.4966601456138976,-0.6975986337697624,0.509788809911821,0.2871819443390763,-0.6624527020651249,0.41221722141308414,0.3809655610867508,2.2955603364629433,0.20426040058005282,-0.035735826740500076,-0.528672531303153,6
1.5293903828039064,-0.25358207348222456,-0.45716288128659227,-0.49967442458541345,0.5424240655060042,0.9799727462856451,-0.5755270211911203,0.31209269620096325,0.2627883111705282,1.7313167285652435,0.10981703758169811,0.1069488018023318,-0.40429673419349305,6
1.9357959569630618,-0.16261339835543454,-0.6349005707594663,-0.1900183175376179,0.18659140269399158,-0.20923004556920774,-0.7577245379512957,0.4247327870645992,0.3264901676469586,3.950646072752052,1.1123696601822382,0.015009782418400749,-0.6754381001949374,6
1.7732337272993997,-0.041321831519714525,-0.5756546742685082,-0.5280840357864026,0.17475944144385902,-0.45873833540753495,-0.6621682773677867,0.43724835271611434,0.20564766286172698,2.9423361866266733,0.892511628925334,-0.17876825918222072,-0.5282514992232968,6
1.746140022355456,-0.16261339835543454,-0.6349005707594663,-0.014349683158392563,0.5665420628990365,0.9130134369301044,-0.2642818007170284,0.33712382750399345,0.26980631230890445,3.660375044916572,1.1123696601822382,0.42017322974979965,-0.01753148940914364,6
1.827421137187287,-0.25358207348222456,-0.4966601456138976,-0.4436061842457534,0.26732004174839996,1.949141468615371,-0.5784772001878936,0.4247327870645992,0.35780124964180143,2.2955603364629433,0.24058477096604733,-0.06380306581831807,-0.4083825268571541,6
1.8003274322433434,-0.3142278569000846,-0.45716288128659227,-0.1832450318479247,0.31584388916299677,1.771047987377132,-0.6215590588535659,0.41221722141308414,0.3961679964652605,1.9967073825922252,0.042980196071235724,0.12030398763663129,-0.46910881300676877,6
1.3397344481963003,-0.4051965320268746,-0.5559060421048556,-0.6251304726262867,0.2145209993891236,1.2440051989555512,-0.3023641349926786,0.09932808012520632,0.3102947804034657,2.209019905780637,0.2769091413411444,-0.2033105527533595,-0.060701219501543176,6
2.1796393014585553,-0.13229050664650455,-0.5164087777775502,-0.02326108070613508,0.38157480893282797,1.0822953262441257,-0.662543305373313,0.6249818374888411,0.37772047422115207,2.842338511993014,0.4667865320024261,0.2646047434417763,-0.5288066711092491,6
2.125451891570668,-0.19293629006436455,-0.5559060421048556,-0.23784639676906247,0.4187862390721373,-0.24240821081210814,-0.08843393209841867,0.5498884435797504,0.40539960760037275,3.171061026618826,0.5693203229464925,0.16926583283706378,0.16959950587716463,6
1.7190463174115123,-0.4051965320268746,-0.6151519385958135,-0.2547979000233505,0.38873631316913354,-0.13708865804158207,-0.6190259326566064,0.23699930229187255,0.44633603321422904,3.3408329890804254,0.5717775597493604,0.13607729614589037,-0.46548204511065827,6
2.1525455965146114,0.1709384104427955,-0.5756546742685082,-0.1073474079445412,0.4951221136923136,0.06581318753091704,-0.1811459853839382,0.7000752313979317,0.1950055831131037,3.431213707196517,1.2003128727196275,0.30654430344183276,0.07332177540801157,6
2.423482645954049,-0.4658423154447346,-0.6546492029231189,-0.2901570819098602,0.19772927738197088,-0.5790419703438701,-0.6105646252782809,0.512341746625205,0.7705847335207053,5.084085324274317,0.7224880847044951,-0.03126782782677896,-0.4534194155445924,6
1.7190463174115123,-0.4051965320268746,-0.4966601456138976,-0.01569996823248764,0.4337578472780431,0.367681636989042,-0.14627835777517076,0.31209269620096325,0.44633603321422904,2.1801730955820484,0.058962919036075055,0.31140495676462154,0.11012590967687358,6
2.1796393014585553,-0.4658423154447346,-0.5756546742685082,-0.3452977905051202,0.18876252585688122,0.44569516391672337,-0.23675902532183557,0.44976391836762947,0.6785267428970017,3.466133530094363,0.27690914133674727,-0.06837690818091965,0.01304733508863145,6
2.0441707767388366,-0.10196761493757453,-0.5756546742685082,-0.18205535602254339,0.46067761642530525,0.20580335714720335,-0.45278561388280736,0.5373728779282353,0.31806856628326396,3.291534415605133,0.8045684164126787,0.23483891523044778,-0.24190444313078852,6
1.6377652025796812,-0.10196761493757453,-0.6546492029231189,-0.08850052790472504,0.396326770942631,1.8288192271770336,-0.34287301280186344,0.2995771305494481,0.2014617781591695,3.8013638298447767,1.3908564997912944,0.2386467163238744,-0.10776515325696624,6
1.7732337272993997,0.0799697353160055,-0.6151519385958135,-0.17850883675435839,0.2806775710733463,1.9510013937863437,-0.33149013001863065,0.4622794840191446,0.14371365451848608,3.4188890637927742,1.3580933422105854,0.09533083026814684,-0.09441785218382956,6
1.475202972916019,0.20126130215172552,-0.4966601456138976,-0.41135601697723984,0.2576638872123464,-0.338383100610189,-0.2898051898637253,0.44976391836762947,0.01877781010035552,1.9205518036000342,0.7854503267559637,-0.05295635855100146,-0.04635193180612112,6
2.0441707767388366,-0.49616520715366463,-0.5361574099412029,0.04616776916664115,0.569967877303436,0.18740369399970472,-0.48100849342418817,0.399701655761569,0.6622161679807494,2.872496540850935,0.07798997018454837,0.4598395644477867,-0.27799182296504654,6
2.315107826178274,-0.5264880988625946,-0.4769115134502449,-0.5672530800113043,0.4011997501010366,1.4582518192296943,-0.24370134847712985,0.5498884435797504,0.8069533224069355,2.651337662519181,-0.140821118084624,-0.03618899890392708,0.00538210822467854,6
1.4210155630281316,-0.07164472322864453,-0.5559060421048556,-0.555863361856981,0.5689854394324805,0.7458721638308183,-0.21520622385585003,0.27454599924641787,0.12357149223606265,2.3085414010397596,0.7364124267209773,0.09223613179497964,0.0366423287907494,6
2.017077071794893,0.20126130215172552,-0.6151519385958135,-0.2908353364856653,0.5855734500998505,0.4087096394857908,-0.4204533390248946,0.6249818374888411,0.14834090801644784,3.7701413999983444,1.5546722878258918,0.2664573381092659,-0.20141688251680595,6
2.423482645954049,-0.25358207348222456,-0.6546492029231189,-0.01687211945751717,0.3847856656341906,-0.8638737950408455,-0.07403799301153313,0.5999507061858108,0.5478271265843478,5.084085324274317,1.1123696601717947,0.2709139664475561,0.1841059499480584,6
1.5022966778599627,-0.13229050664650455,-0.4769115134502449,-0.5090993588974955,0.22411942561883005,0.6641779484854604,-0.23324668860388664,0.33712382750399345,0.17940961006460981,1.821991868686245,0.3117199963083765,-0.13220591915852373,0.016913240480542383,6
1.3397344481963003,-0.16261339835543454,-0.6151519385958135,-0.3626066478563439,0.5192119329544912,1.7555761969623127,-0.6769949842004078,0.16190590838278188,0.14834090801307395,2.794440466093983,0.9649354509799729,0.17229990324073496,-0.550329219415774,6
2.2609204162903866,0.0799697353160055,-0.5954033064321609,-0.3571087173275661,0.5587576229929092,0.28663607607039804,-0.5913102600541075,0.7000752313979317,0.26864949893742646,3.830851680346313,1.205198606740508,0.2055779978114608,-0.42626210883669974,6
2.125451891570668,-0.3142278569000846,-0.6349005707594663,-0.013011788956480244,0.28612463365478136,0.3394189575290662,-0.4527866889403403,0.44976391836762947,0.5046394272780185,4.240917100587533,0.8512882480378693,0.19290268746959924,-0.24190580432461806,6
1.6919526124675686,-0.4658423154447346,-0.45716288128659227,-0.7141378229992311,0.35900175177070415,1.1874272592525228,-0.237350095120152,0.2995771305494481,0.4944107616495944,1.8905511209814325,-0.1241119077049198,-0.15126311682375676,0.012395963527104797,6
1.6106714976357375,-0.4355194237358046,-0.5954033064321609,-0.21101630276518574,0.17591947643109546,1.6759418042307501,-0.7203969583087271,0.1869370396858121,0.43487468224412124,2.9462161669368,0.4161525611431584,-0.004829181682311795,-0.6165280706030687,6
2.0712644816827805,-0.49616520715366463,-0.5954033064321609,-0.14609243466659347,0.2164867426550008,0.7387099477774526,-0.21004859939751827,0.37467052445853877,0.6727212840278914,3.572832988935205,0.3233236146022937,0.06274010016155067,0.04224392312830461,6
1.827421137187287,-0.10196761493757453,-0.5756546742685082,-0.5254621070847628,0.4876984128042432,-0.1404409495178445,-0.6730304663087227,0.43724835271611434,0.25587827928374696,3.0121758324223653,0.8045684164126787,0.051354840541807084,-0.5443997698658088,6
1.8816085470751744,0.20126130215172552,-0.6546492029231189,-0.6513503462980368,0.5561642128843006,1.058332426265807,-0.6935219495753994,0.5373728779282353,0.11595013353742487,4.199449810874634,1.9478301790302937,0.02495001537972451,-0.5752560754094233,6
1.55648408774785,-0.22325918177329457,-0.6151519385958135,-0.25963826298483195,0.6017817656092217,0.5980326248049396,-0.6995766948941248,0.23699930229187255,0.25114640961915313,3.1066647649433787,0.8666459781723199,0.2980871830970037,-0.5844736365721809,6
2.2338267113464427,-0.10196761493757453,-0.45716288128659227,0.02085027809460243,0.4364522886616812,1.4215932765759256,-0.06429319433702471,0.7000752313979317,0.37248506740784126,2.421332429035396,0.27690914135785366,0.3350833817969639,0.1938608268596745,6
1.4481092679720753,-0.19293629006436455,-0.5954033064321609,-0.32603992579756647,0.24687764096836393,1.504283858019737,-0.2312727397417549,0.21196817098884232,0.19864998326713587,2.7250572885844226,0.7874683473066172,-0.013486235778314978,0.019082324908390288,6
2.0712644816827805,-0.010998939810784519,-0.4769115134502449,-0.6718238912678095,0.21100645269265558,-0.4414025720642766,-0.6016478274709085,0.6500129687918713,0.2699590989828051,2.4025339243693002,0.4509634161216075,-0.23157713712181283,-0.4407927109863119,6
-0.9632304720389154,2.172249263232176,2.9790991151889714,-1.4200714324875428,0.40768143003092633,-1.1634714667753923,-0.613445488452796,2.3396143317464113,-0.6147857387089318,-1.0583524678834642,-0.869225138294407,-0.5289159116084327,-0.45751753680680074,7
-1.0716052918146903,2.1419263715232457,3.077842276007235,-2.4071353326559954,0.38567125440546646,-0.1400159091359006,-0.5835417574597778,2.3396143317464113,-0.6269479520940662,-1.072587568611708,-0.8861829535367781,-1.1140467997103494,-0.41541788270336094,7
-0.31298155338426625,2.778707097410776,3.0185963795162767,2.195517688048313,0.4091667200147706,-0.896761320441451,-0.5682198185588503,2.9153303517161064,-0.5568844370189161,-0.9796289970431798,-0.7913164971899919,1.5816712562948754,-0.3942157893939515,7
-0.34007525832820995,2.657415530575056,2.959350483025319,-2.4805736874372877,0.39540406777990333,-0.9207874104113613,-0.5952640983493768,2.815205826503986,-0.5566753109621367,-0.9810293698596029,-0.7990627389981126,-1.1525745140537647,-0.4318060813448547,7
-0.36716896327215365,2.748384205701846,2.939601850861666,-2.8495847902129645,0.41901053916817077,-0.0696908416269538,-0.675597420327526,2.827721392155501,-0.5615568993145038,-0.9837509065876607,-0.7833199434949023,-1.3586668312019348,-0.5482367932096945,7
-0.4484500781039848,2.414832396903616,3.0383450116799295,-2.0349452867341844,0.3870538324269908,-0.8590252781903924,-0.521280217035971,2.715081301291865,-0.5620642736015179,-0.9966889844091857,-0.8439314557351971,-0.8976072047626815,-0.33074707515880813,7
-0.4213563731600411,2.172249263232176,3.077842276007235,-1.1786571048690033,0.3895267317309745,-0.467506006836923,-0.5417758452891571,2.6525034730342893,-0.5525954517086685,-0.9945314938951502,-0.8820875588362386,-0.3994632030062671,-0.3581901988509486,7
-0.9361367670949716,2.323863721776826,3.0185963795162767,0.6921533375724099,0.5080765826669089,-1.0172182997325612,-0.6299533337466584,2.4397388569585323,-0.6135897716512198,-1.0555492090187317,-0.8536642971086515,0.7961418593210139,-0.48117872150762686,7
-1.0716052918146903,2.384509505194686,2.939601850861666,-1.9013434698390412,0.4383842780121649,-0.950115504353654,-0.5289142342462744,2.3521298973979268,-0.6290376794798117,-1.0713163508128196,-0.8342109395706356,-0.7939963918641468,-0.3409208978282035,7
-0.9903241769828591,2.354186613485756,2.959350483025319,1.5501671157932246,0.5564395994045914,-1.171793627698141,-0.6468474344540718,2.389676594352472,-0.6198891401230603,-1.0614507801736202,-0.8412577147006369,1.361996296789323,-0.5057138103116324,7
-0.7735745374313093,2.414832396903616,3.0185963795162767,-0.3548152879706147,0.3881770926644738,-0.6028780573892109,-0.6586418873710981,2.5523789478221683,-0.597133984315969,-1.0357439363294574,-0.8411947371249195,0.07762187749028268,-0.52303941903133,7
-0.31298155338426625,2.293540830067896,3.058093643843582,1.732901095415659,0.5257325000617308,-0.782519114431876,-0.5902832037399939,2.740112432594895,-0.5439177372434864,-0.9808973149986444,-0.8631034878352273,1.4393430050523073,-0.42482473429586715,7
-0.7735745374313093,2.566446855448266,2.900104586534361,0.43823894876540953,0.5405815663517478,-0.3376791061532027,-0.5539053807355729,2.5398633821706533,-0.5994634940856318,-1.0335094953081148,-0.8027629137905338,0.6727366085802103,-0.3746269004627627,7
-0.6922934225994782,2.050957696396456,3.0185963795162767,0.9661253564061447,0.5047891700080481,-1.131148489811551,-0.6075367536735607,2.4397388569585323,-0.5811207486385626,-1.0258412999848203,-0.8910729770598473,0.9571806638749721,-0.4491220178514704,7
-1.2612612264222962,2.445155288612546,2.9988477473526243,0.5850838643731634,0.42565327889834215,-0.8132009286470623,-0.5481998898871585,2.3270987660948963,-0.6498257884739993,-1.09509373682165,-0.8342533487339895,0.656973332192392,-0.36687705192551656,7
-0.31298155338426625,2.384509505194686,2.9198532186980133,2.017669156937747,0.5320973216830308,-0.8928919537963358,-0.5420569765649421,2.6900501699888344,-0.5465884353506398,-0.9763449594799241,-0.8313548122398693,1.618116462736738,-0.358569496228644,7
-0.2858878484403225,2.050957696396456,2.9790991151889714,0.11167257421140235,0.4293629677206461,-0.19889035282692794,-0.6807521721418597,2.602441210428229,-0.5329361254462225,-0.9750011318167983,-0.8860183145539045,0.3825693221014237,-0.5559663289572521,7
-1.2341675214783525,2.2025721549411057,2.939601850861666,-2.5315541444011918,0.43699596741383673,-0.0671773121853618,-0.6617284215912569,2.2019431095797453,-0.6460042756356503,-1.0915237610186255,-0.8596564376085023,-1.1652609979565112,-0.5276005737671889,7
-0.34007525832820995,2.384509505194686,2.939601850861666,-1.0262115841690944,0.45196027377250253,-0.6957932884147607,-0.6648903927459134,2.6900501699888344,-0.5495330512123959,-0.980383004886693,-0.8342109395706356,-0.2704057841444578,-0.5322849992120622,7
-1.0445115868707464,2.687738422283986,3.058093643843582,1.124986494630793,0.49788466940977144,-0.6418373766638619,-0.6998284621936913,2.5648945134736834,-0.6285814713885363,-1.0691429758235191,-0.8096010900725127,1.0454429147075892,-0.5848579245820512,7
-0.9632304720389154,2.627092638866126,2.900104586534361,-2.4357457320840292,0.5418165156949438,-0.9951735418099295,-0.6854669362316842,2.477285553913078,-0.619783172485703,-1.0573266052857258,-0.7941940879555603,-1.064595901335376,-0.5630647437387042,7
-0.3942626682160974,2.414832396903616,2.959350483025319,-0.01912983592285882,0.5616549746830664,-0.3112516969889686,-0.6240837869711627,2.6900501699888344,-0.5562193218157762,-0.9877311540524376,-0.832818719560132,0.4132925170233434,-0.47273070781078985,7
-0.31298155338426625,2.5967697471571958,3.0185963795162767,3.0755762856319926,0.42841823322297473,-1.2012731623085064,-0.6328897806897714,2.840236957807016,-0.5523717456402344,-0.9796289970431798,-0.8162556171574558,2.120431782332779,-0.4854197866086643,7
-0.2858878484403225,2.2025721549411057,3.0185963795162767,-2.81539952741863,0.38408360153549215,-0.455562852872446,-0.5875008531085179,2.6900501699888344,-0.5380350273712975,-0.9763281182616341,-0.8702903770869609,-1.3512995371580578,-0.420936459987359,7
-0.3942626682160974,2.172249263232176,2.9198532186980133,2.340581909103611,0.41232805776526665,-0.4060927352201248,-0.6665635611852352,2.5648945134736834,-0.5494859373586553,-0.9865002140986578,-0.8611926879152241,1.6700875188966784,-0.5347686292919428,7
-0.7193871275434219,2.627092638866126,3.0975909081708877,-2.672387353708091,0.5441548849890389,-0.6945956278026577,-0.6332687964362158,2.715081301291865,-0.5947960036016472,-1.0306879561469846,-0.8234534932455708,-1.2068368257840107,-0.48596790855810285,7
-1.2070738165344088,2.111603479814316,3.058093643843582,-2.5400888282253025,0.4556947169037322,-0.438338495911467,-0.6676605905135407,2.2520053721858058,-0.6424680006053929,-1.0887531226734914,-0.8877969021872493,-1.1626856889761663,-0.5363988732829968,7
-0.7464808324873656,2.566446855448266,2.9988477473526243,-3.1140142692986528,0.39285842809638344,-0.6514943644474879,-0.6376387167581684,2.614956776079744,-0.5966469050004728,-1.0320634564880358,-0.8175441383557891,-1.521583863632519,-0.4922994263171882,7
-0.34007525832820995,2.566446855448266,3.077842276007235,-0.09978262739347607,0.5289019415912541,-0.18610383205132688,-0.554243156095715,2.852752523458531,-0.5543980687230883,-0.9847744845555804,-0.8288474277292222,0.3380665415628711,-0.37508673391026326,7
-0.5026374879918722,2.0206348046875258,3.077842276007235,-3.0095609824920193,0.5374695948032054,-0.4271616643731451,-0.6564988428970803,2.5523789478221683,-0.5577779756253917,-1.0042885032347197,-0.9025645323389369,-1.413123857449548,-0.5198791744289595,7
-1.0174178819268027,2.384509505194686,3.058093643843582,-0.3980348358196441,0.49425911738360134,-0.059790443007715695,-0.5500799838789079,2.4522544226100473,-0.6231484477562995,-1.0658746180151906,-0.8507567806592162,0.13225135022957005,-0.36942719401574,7
-0.5026374879918722,2.323863721776826,2.9198532186980133,2.9715731375035372,0.4388467527472913,-0.12474191215715189,-0.5356788531395452,2.577410079125199,-0.5657510893433101,-1.000040553590303,-0.839879919575685,2.0729212147387743,-0.3499834843918941,7
-0.6381060127115908,2.778707097410776,3.0975909081708877,-3.189722870476517,0.4857224654618029,-0.8649139743659723,-0.6813248225483143,2.815205826503986,-0.589051826846674,-1.0209785419749249,-0.8030764074184947,-1.5375715224503501,-0.5568270306734703,7
-0.7193871275434219,2.354186613485756,2.9198532186980133,-0.7077951561665777,0.5508821505758077,-0.9525236990491701,-0.6937596774280143,2.489801119564593,-0.5902182016687254,-1.027121232573593,-0.8356173659077771,-0.013027910275852721,-0.5756171126604878,7
-0.9361367670949716,2.5967697471571958,3.058093643843582,-1.5383816015294671,0.42586195367923163,-0.2505153288035977,-0.6846037673152331,2.577410079125199,-0.616687240289839,-1.0560695445902044,-0.8219477972485237,-0.5876039989056865,-0.5617631248844404,7
-0.5839186028237033,2.0812805881053857,2.9198532186980133,3.226093547217467,0.4346233477703847,-1.0741698699374738,-0.5531809979792714,2.4397388569585323,-0.5690350972476906,-1.0101958082090368,-0.8739803489189476,2.2170127627475926,-0.37364114424207684,7
-0.4755437830479285,2.5967697471571958,3.058093643843582,1.526074468263504,0.4954710658855256,-1.0031416338071157,-0.5966354418838872,2.7901746952009554,-0.5691497007662182,-1.0005074618486165,-0.8219477972485237,1.2826528857268757,-0.43373286586815524,7
-1.2070738165344088,2.172249263232176,3.077842276007235,0.4550639142127625,0.514442391764997,-0.9511199478736194,-0.6104682810500291,2.289552069140351,-0.6427713678590503,-1.0888492508443242,-0.8820875588362386,0.6596775399670973,-0.4532825208813883,7
-0.5297311929358159,2.748384205701846,3.0383450116799295,-2.8829449173131274,0.4076505958660538,-0.7739842717697248,-0.6410674137452648,2.815205826503986,-0.5777522865541728,-1.006542597801622,-0.7984360809430651,-1.3821711747286094,-0.49728256773894786,7
-1.0716052918146903,2.0812805881053857,2.900104586534361,-2.661546053620813,0.5429929819724646,-1.0627013349219938,-0.6157408880711212,2.2019431095797453,-0.6263826979651353,-1.0709363824157891,-0.8713135204703216,-1.2007241220421987,-0.4607893850587106,7
-0.34007525832820995,2.475478180321476,3.058093643843582,3.1100277655151904,0.5083865798442829,-0.032447905927249165,-0.61046561606485,2.8026902608524704,-0.5520196157178605,-0.9841656728069731,-0.8384100734832053,2.2459355364089895,-0.4532787343727129,7
-0.5026374879918722,2.566446855448266,2.939601850861666,-3.1763650840000754,0.41553758779740474,-0.7247136612592209,-0.6192000828770686,2.6900501699888344,-0.5712976032340421,-1.0005904150924991,-0.808765441532769,-1.5509175772774466,-0.46573115278265803,7
-1.1528864066465214,2.232895046650036,2.9198532186980133,0.278793148234328,0.5251489551914057,-0.8221883292045731,-0.5916182539364259,2.2394898065342908,-0.6369440889983926,-1.0812825905401735,-0.8526675805794084,0.5630438536104767,-0.4266933687066567,7
-1.2070738165344088,2.627092638866126,3.0975909081708877,-1.5704703733915868,0.5142810996965169,-0.2021222416119252,-0.6114474640894395,2.489801119564593,-0.6447703413697587,-1.0889444411793439,-0.8234534932455708,-0.5566899615435376,-0.4546743094763291,7
-1.1528864066465214,2.505801072030406,3.0185963795162767,3.1682917185775135,0.482480042299314,-1.1117427896303709,-0.5326513691888872,2.4147077256555023,-0.6385643778560766,-1.0819562392710977,-0.8287251771411877,2.246510174883531,-0.34592201490985375,7
-1.28835493136624,2.505801072030406,3.0975909081708877,-1.5861322699079163,0.4207911934329097,-0.17409570847775133,-0.5834304692584289,2.402192160003987,-0.6528544254204844,-1.0986538553514038,-0.8397551619072318,-0.6184341030009903,-0.4152629979548796,7
-1.3154486363101836,2.111603479814316,2.959350483025319,2.771753952513582,0.48201357812202383,-0.2797314864847596,-0.6017664092105386,2.1393652813221697,-0.6551083028412172,-1.1016614853306288,-0.875013695262656,2.0098541918257506,-0.44096006052642,7
-1.3425423412541273,2.384509505194686,2.9988477473526243,-1.8444515140247386,0.5148950811352832,-1.0968937154263083,-0.6713700136506274,2.264520937837321,-0.6584838380973731,-1.1050458863480102,-0.8426079539230896,-0.7208826917747669,-0.5419220329245286,7
-0.4213563731600411,2.475478180321476,2.9790991151889714,-0.758815272612657,0.4073744447026814,-0.08886497311865277,-0.620016299060716,2.715081301291865,-0.5606571555790133,-0.9916713990301315,-0.8272421976456634,-0.1434404367721203,-0.46689913454042453,7
-0.9090430621510279,2.445155288612546,3.077842276007235,2.6516972215943686,0.3909542646557355,0.038932998180684436,-0.538329283819699,2.5398633821706533,-0.6121171256473269,-1.0530735499325685,-0.8452290065313809,1.825219458896871,-0.35354652355827176,7
-0.6110123077676471,2.778707097410776,3.0383450116799295,-1.2658468310312208,0.5131691734282814,0.01918306672715206,-0.6667016199025273,2.7901746952009554,-0.5863712110276942,-1.0163962111940583,-0.794300137780144,-0.37445985089724115,-0.5349737122021043,7
-0.2858878484403225,2.384509505194686,3.0383450116799295,-0.20555857294271423,0.41445176901374886,-0.6431786577076237,-0.6143778612632196,2.7776591295494404,-0.5436438194888836,-0.9769817576243133,-0.8480673988981183,0.1847649563323108,-0.458845831291665,7
-1.369636046198071,2.536123963739336,2.900104586534361,-0.6282036202815698,0.39105256217450657,-0.18090869559652603,-0.6927967509255952,2.2520053721858058,-0.6614284539591293,-1.1083632695234635,-0.8070473267080205,-0.07892314020788398,-0.5741551552505265,7
-0.31298155338426625,2.627092638866126,3.058093643843582,-0.8883202164074263,0.41117368796560844,-0.15457491344053254,-0.6221730819582963,2.8777836547615614,-0.5531507221282209,-0.9808973149986444,-0.8178322281898533,-0.216415601846317,-0.4699890130072744,7
-1.1799801115904651,2.2025721549411057,3.058093643843582,-1.748949343703667,0.47269392269952415,-1.043396039028801,-0.5492043854628452,2.3020676347918663,-0.6398346043062587,-1.0854847648651627,-0.8754501950112383,-0.6860481474463677,-0.3682390992408768,7
-0.8006682423752531,2.445155288612546,3.0383450116799295,-2.94181374562546,0.3836480815921431,-0.056942770670141925,-0.6946004452175931,2.5648945134736834,-0.6005144601621968,-1.0393879757764097,-0.839795512572276,-1.424700559608499,-0.5768945570644869,7
-1.1528864066465214,2.5967697471571958,2.9790991151889714,0.7413650503707068,0.45187550621321515,-0.17195654102933564,-0.6793815302066024,2.4272232913070173,-0.6390578471244842,-1.0816908419821305,-0.8104490213861659,0.7730961175068433,-0.5539078736188933,7
-0.9090430621510279,2.505801072030406,2.900104586534361,3.0796625693069273,0.455044895179143,-0.10299912056035782,-0.6836066593703869,2.4522544226100473,-0.6128422922401421,-1.0505217167206942,-0.8113317396255072,2.1577578220598865,-0.5602606812207591,7
-0.2858878484403225,2.627092638866126,2.900104586534361,-2.101248239351543,0.40514490181998897,-0.22627686597488283,-0.579284042605123,2.7901746952009554,-0.5503743700299925,-0.9722654982228294,-0.7941940879555603,-0.927432708872002,-0.40950153446060694,7
-0.7464808324873656,2.687738422283986,2.939601850861666,2.6566028632971057,0.4742561918452041,-0.6060086656475372,-0.6216283395503622,2.627472341731259,-0.5984717373654925,-1.0309015304012077,-0.7918017761741912,1.9316637331249025,-0.46920810550523334,7
-0.3942626682160974,2.263217938358966,3.077842276007235,-0.07522238394195158,0.41355537101066214,-0.9999037560987123,-0.6629293325623598,2.70256573564035,-0.5521095900914584,-0.9912791574486268,-0.8698013747346194,0.2602077230962802,-0.5293783011951856,7
-0.8548556522631405,2.111603479814316,2.9988477473526243,1.806309202878964,0.42920954491668756,-0.39090394922259214,-0.6872097373504107,2.377161028700957,-0.6013870183389641,-1.0453329891898493,-0.8802036772740406,1.3767451087701483,-0.565695626338151,7
-0.6651997176555345,2.475478180321476,3.058093643843582,1.613299285107106,0.4349464139649397,-1.013719367515188,-0.526483028126159,2.6525034730342893,-0.5865697751624717,-1.0233859665069176,-0.8384100734832053,1.2696692049600637,-0.33767471050792996,7
-1.2070738165344088,2.263217938358966,2.9988477473526243,0.06851034278802767,0.4985166055845847,-0.8151497985065725,-0.6032448466386433,2.277036503488836,-0.6432086433145174,-1.0884589704707435,-0.85931716430129,0.4143999998641999,-0.4430478016484977,7
-1.2612612264222962,2.505801072030406,3.077842276007235,0.8534812430461707,0.4625306889490817,-0.7373532815238335,-0.690513114879082,2.402192160003987,-0.6499964159076028,-1.0953539237373706,-0.8370382171303017,0.8494428867834957,-0.5706926906600922,7
-0.4213563731600411,2.445155288612546,3.077842276007235,-3.094521024833538,0.497314992343583,-0.8120609369473997,-0.6816792926947345,2.7651435638979254,-0.5599051309642419,-0.9945314938951502,-0.8452290065313809,-1.4771742076229355,-0.5573600068308665,7
-0.34007525832820995,2.0206348046875258,2.939601850861666,-1.5945202168084114,0.515089717841926,-0.18837515387001613,-0.540404649536383,2.5398633821706533,-0.5383435109378159,-0.980383004886693,-0.8851019356463691,-0.5706789868906356,-0.35634132920657624,7
-0.2858878484403225,2.718061313992916,3.0185963795162767,-0.12714471508974465,0.5052622801107823,0.009405553475454105,-0.6690853160143753,2.9028147860645914,-0.5527041759865315,-0.9763281182616341,-0.7996295371791465,0.3027794774107784,-0.5385182567045225,7
-0.5026374879918722,2.293540830067896,3.0185963795162767,-1.8278610823265675,0.5176811961260628,0.02334869122277279,-0.5806985158389963,2.627472341731259,-0.565009404346294,-1.0027351485140001,-0.8578208171032289,-0.7094681344152312,-0.4114649128465825,7
-1.0174178819268027,2.748384205701846,3.077842276007235,1.0097181197746554,0.4916880243402536,-0.4875382202631598,-0.6384880931978851,2.614956776079744,-0.6263384482731797,-1.0660828957186614,-0.8042750595259839,0.9704734820384874,-0.49353261755163513,7
0.2830799553824955,-0.37487364031794457,-0.2596765596500656,-0.1272976780661457,0.35913066601178045,0.4826891509006253,1.6797160945013803,-0.18852992985964126,-0.08313462667957383,0.047981723035887575,-0.4153295742750344,0.18651929601957876,1.418072608855725,8
0.2559862504385518,0.04964684360707549,-0.23992792748641292,0.1010802490763252,0.404782223789277,0.8567355689129219,0.8584632326431547,-0.013312010738429698,-0.23740376987074224,-0.0025688777308568154,-0.11761388143135766,0.3559087697587483,0.9403158298921032,8
0.8520477592053135,-0.5568109905715246,-0.2596765596500656,-0.024172577204181186,0.6958537588895705,1.0721595787021378,1.329729349306756,-0.0007964450869145851,0.24921503424027894,0.4460677040809102,-0.5585513775133761,0.5191389675033689,1.229455123708429,8
0.2559862504385518,0.04964684360707549,-0.16093339883180227,-0.1227133180694943,0.7850911565667159,0.7215392559126167,0.8741309376738254,0.03675025186763075,-0.23740376987074224,-0.1131483169073529,-0.24525368292540117,0.5280929211935138,0.9506983230263211,8
1.1500785135886944,-0.3142278569000846,-0.2004306631591076,-0.3953485231743092,0.6586678387170383,0.6692665353499893,0.8512349658417887,0.27454599924641787,0.17922513483974473,0.5154084952691067,-0.44862236186777965,0.2574512823894064,0.9355059996910191,8
0.6352981196537638,-0.13229050664650455,-0.2004306631591076,-0.45473482298992407,-0.0013870462770029148,1.3163409886945958,1.1107905358116523,0.11184364577672143,-0.07442829605576425,0.18367017773083968,-0.3167075430953255,-0.26947327433137475,1.1007708191498,8
0.31017366032643917,0.1709384104427955,-0.14118476666814958,-0.274832834191424,0.15332733778507002,0.9120256587462046,1.6203115401278254,0.12435921142823654,-0.25297529781698747,-0.10505713843018746,-0.19176383262966948,-0.05709017175716978,1.387394000738148,8
0.8249540542613698,-0.5264880988625946,-0.2004306631591076,-0.36556260270968155,0.7413497616680055,-0.17400988878204907,0.8527108067156655,0.03675025186763075,0.21312245696477689,0.30588955787651695,-0.6025229837689764,0.33858296543761407,0.9364890784917942,8
0.44564218504615777,-0.3142278569000846,-0.2004306631591076,-0.07901414292572,-0.026918981043131954,1.072454956436795,1.6816706171630722,-0.050858707692975035,-0.05579629858789745,0.06145079758516231,-0.44862236186777965,-0.09559384994946468,1.41907332448648,8
1.0687973987568633,-0.10196761493757453,-0.08193887017719159,0.2568233200180306,0.09006708089545071,-0.27924772260222375,1.2377263151188704,0.399701655761569,0.0382122747854373,0.2487480295015899,-0.4446249431136924,0.17700727828758156,1.1764747242481268,8
0.6623918245977075,-0.5264880988625946,-0.08193887017719159,-0.46131137173247755,0.1255369416224335,0.1859245087539356,0.9151017187658285,0.03675025186763075,0.14834090800745056,0.02256281299741415,-0.7104532900348951,-0.17880873115949292,0.9775737685207616,8
0.3372673652703829,-0.19293629006436455,-0.2596765596500656,0.270528703149927,0.7895366454326521,1.244941419927227,1.645513524017632,-0.08840540464752038,-0.14041940063937247,0.08589467361160398,-0.27210777103669287,0.7851955465377323,1.4004719242882824,8
0.9875162839250321,-0.28390496519115455,-0.10168750234084425,-0.3439734565355583,0.6878568425516979,0.32212126791984896,1.3477089376252644,0.27454599924641787,0.1071162859475789,0.23401968982153876,-0.5391220631160335,0.31167948998289796,1.2396323440980375,8
0.4998295949340452,-0.19293629006436455,-0.16093339883180227,-0.04839748489963049,0.21378501290196708,-0.4385635121966153,1.4625919078708145,0.04926581751914586,-0.09079949079939562,0.0361339259850637,-0.41234578670406313,0.11452978622696292,1.3033607408556727,8
0.7165792344855949,-0.041321831519714525,-0.14118476666814958,-0.34084349022280047,0.5383191312372283,-0.48100851800974603,1.1695033078615484,0.22448373664035745,-0.08586930744873329,0.13767821586657292,-0.3344034334164192,0.19991663735515736,1.1361756498807714,8
1.0687973987568633,-0.16261339835543454,-0.06219023801353893,-0.30646057593106013,-0.007563349234835888,0.051300962482137676,0.9131776697173583,0.3871860901100539,0.06736397181585359,0.21859000063503659,-0.5028540095816963,-0.19749680166186687,0.9763204321130755,8
1.0417036938129194,0.14061551873386552,-0.2596765596500656,-0.32191510854467154,0.4766105045315888,-0.4815969122872032,1.1573928930422541,0.37467052445853877,-0.06499143424228833,0.5787630310959176,-0.009534465099733136,0.16423515906894284,1.128928597638635,8
1.0687973987568633,-0.4355194237358046,-0.22017929532276026,-0.15838339371424828,0.45847628851291156,0.5060847638731921,1.5892903500734334,0.174421474034297,0.23554683929807566,0.5054988157966878,-0.5133913494638903,0.24710921568163904,1.3711672394230097,8
0.5811107097658763,-0.07164472322864453,-0.16093339883180227,-0.4759234277517269,0.117607243790939,1.2314364260781254,1.7474102433394647,0.13687477707975165,-0.11269062749258736,0.08589467361586924,-0.32879973481473207,-0.19252525710250168,1.4524178524016895,8
0.6894855295416512,0.0799697353160055,-0.18068203099545493,-0.24130870432773543,0.827058346349592,0.10552392541973991,1.7045558511595853,0.23699930229187255,-0.13392155530138125,0.18456555780603937,-0.19437627953202616,0.4842977533007671,1.4307501158442828,8
0.44564218504615777,0.04964684360707549,-0.08193887017719159,0.13190326361714994,0.16463739374188716,1.0111215840888284,1.434227016268697,0.174421474034297,-0.18793422339376373,-0.09806930247147935,-0.34968624778469143,0.17293544957918547,1.2878307184099407,8
0.6894855295416512,-0.28390496519115455,-0.06219023801353893,-0.02533787226511888,0.5840659940026114,0.35084127806200677,1.1888282341329073,0.16190590838278188,0.009943962511098508,0.012175047499269917,-0.5771171668168634,0.4277016199547436,1.1476809886091266,8
0.31017366032643917,-0.13229050664650455,-0.22017929532276026,-0.2763004108309926,0.5108580082660995,1.305011558509055,1.1406299124084145,-0.050858707692975035,-0.1696175108509045,0.0034083892526405894,-0.287591209222913,0.21775031842276443,1.1188498908462503,8
0.7436729394295386,-0.22325918177329457,-0.12143613450449693,-0.4980147351070713,0.3134864904993346,0.8089482443935403,0.9449567871622342,0.174421474034297,-0.002346608041480911,0.12380762419318792,-0.47898370904327353,-0.06036480485487676,0.9969125617178188,8
0.6623918245977075,-0.37487364031794457,-0.2596765596500656,-0.127566500536869,0.3210062304685909,0.5006101512188227,1.1498196214054834,-0.013312010738429698,0.0495885467944225,0.3133723770659025,-0.4153295742750344,0.1560589149477599,1.1243820420835164,8
1.0146099888689757,-0.041321831519714525,-0.18068203099545493,-0.33330020654117,0.7452953455765257,0.5308152528173583,0.9317750985321247,0.33712382750399345,-0.0036465722329623996,0.38871221475280304,-0.280064537880003,0.36214102836581363,0.9883991784494636,8
1.0417036938129194,-0.4051965320268746,-0.10168750234084425,0.1242597270538413,0.06694915309039921,0.8459581367896933,1.5744117103362918,0.24951486794338767,0.20340522462358027,0.2648790681972859,-0.6168393206876398,0.0871580633949785,1.3633331841287069,8
0.7165792344855949,0.04964684360707549,-0.10168750234084425,-0.023076450192218725,0.20298069062133137,0.2508257608969247,1.6425344389496268,0.287061564897933,-0.11726344271236587,0.07972279794280275,-0.3253996047941164,0.11973696165632867,1.3989308561062272,8
0.8520477592053135,-0.16261339835543454,-0.23992792748641292,0.03501675060709829,0.46216702883271893,-0.15173052764422493,1.6339378989067206,0.174421474034297,0.002582422858077355,0.4028890659264325,-0.2800645378823833,0.36452671953904975,1.394476628354204,8
0.9062351690932009,-0.4051965320268746,-0.12143613450449693,0.13171365739670926,0.08427499581118778,0.30344452465910016,1.514693143432609,0.174421474034297,0.15481906290545053,0.21859000063293035,-0.5983352117424598,0.10559292711967184,1.331548438066953,8
0.5269232998779889,-0.3142278569000846,-0.16093339883180227,-0.24900310213252952,0.7782166639414044,-0.3781782494924017,1.194868980044069,0.011719120564600527,-0.028678440884707994,0.05272084186199878,-0.49589183859339414,0.4414207198118935,1.1512626654201008,8
0.44564218504615777,-0.22325918177329457,-0.08193887017719159,0.23874079659745057,0.3020002561940686,0.8062540521114228,0.9182910542933324,0.06178138317066098,-0.09529404785038001,-0.09806930247147935,-0.5205758993768931,0.3483664422157152,0.9796494348549013,8
0.31017366032643917,0.0799697353160055,-0.2596765596500656,0.07150760252391124,0.4571647634447114,-0.3025768848896825,1.089893102667093,0.011719120564600527,-0.23109387873833484,0.06693819832374578,-0.05727506617918051,0.3819941583823353,1.0880025304616943,8
0.5811107097658763,-0.37487364031794457,-0.23992792748641292,-0.29974737007052604,0.4084006496294544,-0.36410856504391964,1.3358004887523656,-0.03834314204145992,0.021147866764280456,0.21859000062766462,-0.44251519433340897,0.12508284414402143,1.2328979691157078,8
0.60820441470982,-0.25358207348222456,-0.22017929532276026,-0.37758726565765105,0.14177229997883667,0.3530906254170188,1.4162065932356722,0.03675025186763075,-0.030888044104316125,0.20065819968065907,-0.3779112653193039,-0.12153082911848687,1.2778956261560241,8
1.0417036938129194,-0.041321831519714525,-0.12143613450449693,-0.49814466642881755,0.44789636696288654,-0.4240982899867172,1.6961238547962896,0.3871860901100539,0.003828221877562243,0.2975753143327156,-0.35963220634408716,0.03837834377248997,1.4264564820152164,8
1.3397344481963003,0.14061551873386552,-0.14118476666814958,-0.4824026726915393,0.7368236514772128,0.2446359229386992,1.0402610997229447,0.5874351405342957,0.008725500778894318,0.5098724257882722,-0.21214091845634805,0.2608119645328065,1.0573163671369827,8
0.7978603493174261,-0.041321831519714525,-0.18068203099545493,0.15859600520781117,0.24148404589716238,0.8997818269661706,1.7061605806392175,0.23699930229187255,-0.06344492511715945,0.2526144434549606,-0.280064537880003,0.2520895294320405,1.4315661183883424,8
0.5811107097658763,-0.3445507486090146,-0.10168750234084425,0.18793295260141557,0.4233151351335228,-0.1508332824930271,1.4164461761858718,0.06178138317066098,0.0048960496045862495,0.0025743520034347575,-0.5779806919018367,0.42220085891847575,1.2780280676423428,8
0.44564218504615777,0.20126130215172552,-0.2004306631591076,-0.16152056383871466,0.31666607680290265,0.8951886716580058,1.0705273944604101,0.16190590838278188,-0.22739207594021993,0.06145079758516231,-0.07486370867915922,0.13330266066268018,1.0760902323102939,8
0.2559862504385518,0.14061551873386552,-0.22017929532276026,0.10320220914705809,0.34310618157133344,-0.5197697401372786,1.2380469177680544,0.03675025186763075,-0.2593360811163152,-0.032455212643362756,-0.08437108300603328,0.30582439620024804,1.1766620279067552,8
1.0417036938129194,-0.010998939810784519,-0.08193887017719159,-0.1440595909021574,0.01955797120289227,1.0988594140924453,0.8514960171831469,0.4247327870645992,-0.008723790873836632,0.23366901506797802,-0.3876617259162917,-0.09215504949785008,0.9356799281057552,8
0.41854848010221407,0.14061551873386552,-0.2596765596500656,-0.40529801230987883,0.358557940257019,1.101293711137128,1.4886610229383803,0.0868125144736912,-0.2191268438320337,0.1427640994751786,-0.009534465099733136,0.02611675717330435,1.3175187519254272,8
0.8520477592053135,-0.4051965320268746,-0.06219023801353893,0.11790076621439176,0.4592793385112272,0.2560908232666647,1.3951928329329493,0.1869370396858121,0.1353845982181986,0.1006385988431699,-0.6513803240520306,0.4111882596696771,1.266241848444836,8
0.9062351690932009,-0.49616520715366463,-0.12143613450449693,-0.02360369138365904,0.4336591809155763,0.2863855403028183,1.209647528594352,0.13687477707975165,0.22100129400078983,0.21859000063293035,-0.6580109630920531,0.3066816827676261,1.159995779499839,8
0.9062351690932009,0.04964684360707549,-0.2004306631591076,0.24860657376695813,0.3731328986249889,0.6296546224516962,1.2673931747381544,0.31209269620096325,-0.06779389623538737,0.35826929222466447,-0.18479272432287114,0.4148096504728945,1.1937262945586316,8
1.3397344481963003,-0.5568109905715246,-0.23992792748641292,-0.060407819235004497,0.023894642193394156,-0.15865975855147535,1.5850884566757362,0.23699930229187255,0.4491123853084416,0.7346273834642145,-0.5817586141485739,-0.04510213548280568,1.3689582038617707,8
1.0417036938129194,0.1102926270249355,-0.10168750234084425,0.25656919158495595,0.07714701187429358,0.6840698564538282,1.342405056567212,0.4622794840191446,-0.054527626879018555,0.2648790681972859,-0.28654097600831335,0.16580183731759499,1.236635987691668,8
0.3914547751582703,0.019323951898145487,-0.18068203099545493,-0.36845277315250163,-0.015003239261238815,0.8466320638528398,1.0305646722675128,0.07429694882217609,-0.1935617114852178,-0.0025688777284939277,-0.2372204087060146,-0.235131318845351,1.0512608977890074,8
0.44564218504615777,-0.37487364031794457,-0.16093339883180227,0.045935143528814684,0.7338613729636143,1.116187395970916,0.8946215815693593,-0.050858707692975035,-0.02625326661928967,0.002960094231193245,-0.5376648645380596,0.594562039608686,0.9641887221680092,8
0.9604225789810883,-0.4051965320268746,-0.18068203099545493,0.020693888023790817,0.7495189882127681,-0.33863191104053314,1.3130191478644735,0.16190590838278188,0.17425352759270232,0.3546877719283423,-0.5371293129239336,0.5913333792671108,1.2199455245188742,8
1.2042659234765818,0.1102926270249355,-0.14118476666814958,-0.46754422932451395,0.09756563414139308,-0.0450643485154763,1.479707056750333,0.512341746625205,-0.013612964379235778,0.42896064102268544,-0.2325180042830266,-0.20286293313897166,1.3126682094905977,8
0.4998295949340452,0.1102926270249355,-0.2596765596500656,-0.25851508661790884,0.31725188145859773,-0.3653135664166925,1.5063927765530851,0.11184364577672143,-0.1909098352116277,0.19963352533875323,-0.03340476563945673,0.07860510497484446,1.3270867032361557,8
0.9333288740371446,-0.010998939810784519,-0.2004306631591076,-0.14132799320411094,0.10602954613291656,0.1531960439377627,0.9179110022547623,0.2995771305494481,-0.03805883191137787,0.37572920367404694,-0.22876433058035578,-0.022186888021411156,0.979402214672485,8
1.0417036938129194,-0.041321831519714525,-0.06219023801353893,-0.14280824317955096,0.24846167773248434,0.9537523918058878,1.692689252545647,0.4247327870645992,0.003828221877562243,0.20384607541105318,-0.42859085234652905,0.08989327424300016,1.4247046722701049,8
1.3397344481963003,0.0799697353160055,-0.16093339883180227,0.15265092478272974,0.5315044052177118,1.2456461096886562,1.3229010723385646,0.5498884435797504,0.03265957059053913,0.5503283181700541,-0.22436716995306835,0.492420371229521,1.2255751794937373,8
0.6894855295416512,0.019323951898145487,-0.06219023801353893,-0.2609880542412891,0.276205115734834,-0.37849018141780433,1.4835756859527887,0.287061564897933,-0.11438426275886356,0.012175047499269917,-0.3914592737289454,0.045452672780871804,1.314765497464032,8
0.9062351690932009,-0.4051965320268746,-0.10168750234084425,-0.1194383412195847,0.7569842098491302,0.980648292710254,1.2003288709324484,0.1869370396858121,0.15481906290545053,0.1877306222579179,-0.6168393206876398,0.507822848571434,1.1544939344291834,8
0.41854848010221407,-0.19293629006436455,-0.23992792748641292,-0.15048198558016568,0.1329331360255975,0.1332205831212664,1.3123692048799454,-0.03834314204145992,-0.11560944571938406,0.1080105614484039,-0.3032717745182442,-0.00579436485559481,1.2195746507033622,8
1.0687973987568633,-0.4355194237358046,-0.10168750234084425,-0.23087049375179194,0.48541379315660665,0.38754232216919426,1.592563568116071,0.24951486794338767,0.23554683929807566,0.2803087573851595,-0.6362686350805414,0.22520109892234408,1.3728862063788074,8
1.0417036938129194,-0.19293629006436455,-0.2004306631591076,-0.018084431883442845,0.03444618569119438,-0.6034870290595196,0.8812913213349882,0.27454599924641787,0.07460020866719382,0.44556884947157666,-0.36067914935281015,-0.014460394743985243,0.9554237837654307,8
0.3643610702143266,-0.010998939810784519,-0.2004306631591076,0.12389506445585753,0.3157795468287735,0.49871009741777456,1.4549379441300414,0.03675025186763075,-0.1920677973584694,0.009071063237014941,-0.22876433058035578,0.2948486720955847,1.2991830684379149,8
0.6623918245977075,0.0799697353160055,-0.08193887017719159,-0.06747728686785821,0.10172084122183948,-0.4652620720005173,1.175330221608074,0.287061564897933,-0.1408624355468779,0.02256281299741415,-0.3306985087188912,0.013830656195534929,1.1396523835894523,8
0.5540170048219326,0.019323951898145487,-0.2596765596500656,0.2021256389294282,-0.023573616345695214,1.087669406664152,1.7448421989753629,0.09932808012520632,-0.1503740121799336,0.23754647591446965,-0.1050156672586277,0.05153089298510187,1.4511266017153464,8
1.2313596284205255,-0.37487364031794457,-0.16093339883180227,-0.401385066527105,0.023488706120149506,-0.490357109840013,1.5826579548848319,0.31209269620096325,0.24867330700541704,0.4839806546623135,-0.5376648645380596,-0.22319701771981185,1.3676792153605477,8
0.2830799553824955,-0.37487364031794457,-0.08193887017719159,-0.24622144120230133,0.47762871619766484,0.08844439598029069,1.0275096324829407,-0.07588983899600527,-0.08313462667957383,-0.18854338907314971,-0.6155145947058942,0.2100154989894217,1.049348859877046,8
0.5269232998779889,-0.3445507486090146,-0.10168750234084425,-0.4835648152206736,0.23296322684932322,0.05022576074972041,0.9765579076935685,0.03675025186763075,-0.013612964383294766,-0.028285026372312384,-0.5779806919018367,-0.11154522461359787,1.017162610074277,8
0.5540170048219326,0.0799697353160055,-0.22017929532276026,-0.47951219805705403,0.6616372178087232,0.028466358097133205,1.3220281427296228,0.14939034273126678,-0.16862595652886467,0.16479459778465572,-0.12953111105422876,0.20714902623665937,1.2250785736073044,8
0.8249540542613698,-0.4051965320268746,-0.06219023801353893,0.028977031019251986,0.4169417640657819,-0.05396169939318592,1.2929724206492683,0.174421474034297,0.1256673658745726,0.08589467361918647,-0.6513803240520306,0.32385967789729414,1.2084716966046225,8
0.9062351690932009,-0.4658423154447346,-0.10168750234084425,0.1892255736022392,0.10504496573384355,1.0237011070449968,1.016611896028501,0.16190590838278188,0.19777945852877155,0.1877306222579179,-0.655697949473443,0.15371085237261228,1.0425120799069914,8
-0.4484500781039848,0.20126130215172552,-0.5164087777775502,-1.5712807676416165,-2.3958555243164747,-1.0781720100064505,-0.050822345078119655,-0.45135680854145865,-0.4411711875017723,-0.08299028806117166,0.8845167914405366,-2.1933724843756375,0.2072607343273975,9
-0.5839186028237033,0.4438444358231656,-0.4966601456138976,-0.2868881671652795,-2.345266402894398,-0.8298416860879959,0.24148804213138317,-0.4012945459353982,-0.4956639022132155,-0.2718057731369737,1.0760452898439192,-1.9856411410114851,0.47624512389244983,9
-1.28835493136624,0.4135215441142356,-0.4769115134502449,-1.701807698643389,-2.3170156143237106,-1.2259587937769472,-0.0031124201526325,-0.7266992528747911,-0.6440244557315642,-1.02542869014017,0.9383153854679156,-2.167860032736303,0.2539471216921457,9
-1.1528864066465214,0.5651360026588856,-0.6151519385958135,-0.9960956394509104,-2.3240188670934017,-0.9796824224485273,-0.28364199659214584,-0.6891525559202458,-0.6182407546536451,-0.7961389706740679,2.1444091246718107,-2.0707234199908364,-0.039351000192167966,9
-0.9903241769828591,0.1709384104427955,-0.6546492029231189,-0.8424304839971334,-2.1820330466985327,-0.892250835280792,0.7824280205289114,-0.8017926467838817,-0.5691970961205811,-0.48911841014368557,1.8921328111063938,-1.9522386986282905,0.8890776508313486,9
-1.0445115868707464,0.7470733529124657,-0.4966601456138976,-1.8865841277709618,-2.3701681253021087,-0.6091739745086818,-0.2802259791688308,-0.488903505496004,-0.601630101074549,-0.7622015468807782,1.4392889937038638,-2.221677731953465,-0.035482137922356216,9
-0.4484500781039848,0.38319865240530554,-0.6151519385958135,-1.3442251695690954,-2.255447699466268,-0.7494108751039159,0.39350089700168595,-0.43884124288994353,-0.46119457536122865,0.21859000058646827,1.8495407062488511,-2.0794481556753737,0.6019449575096373,9
-0.5026374879918722,0.1102926270249355,-0.5954033064321609,-1.990657089861864,-2.14415340206862,-1.0003818076287545,0.07136845751005495,-0.5639968994050947,-0.44321692062695467,0.0711507483558859,1.2516130800109404,-2.1239889821247875,0.32453424046487084,9
-1.0716052918146903,0.23158419386065554,-0.5361574099412029,-1.381298029028719,-2.177016837581194,-1.2114575087878643,0.5801006058294934,-0.7392148185263062,-0.5913369419717159,-0.7608278892526827,1.0328019917553057,-2.0386613849412263,0.7453220180070297,9
-1.0174178819268027,0.20126130215172552,-0.45716288128659227,-1.6748943430351364,-2.2861283705518356,-1.0125964236982712,0.45122944814734106,-0.6766369902687307,-0.5772124403136693,-0.7633554192883871,0.6110933489101646,-2.1471303940096758,0.647510876790605,9
-0.9090430621510279,0.7167504612035356,-0.4966601456138976,-0.21787154835595948,-2.2762509318122315,-1.0331566084118886,-0.7146789551519693,-0.43884124288994353,-0.5756139345598433,-0.6179674957796593,1.4029646233178692,-1.9221501312779037,-0.6076688030655316,9
-0.6922934225994782,0.2922299772785155,-0.5559060421048556,-1.9417363818226077,-2.2614179117953883,-1.2490678379276596,-0.15093709711715175,-0.5514813337535796,-0.5071866707255636,-0.27901747569743846,1.2376887380444315,-2.174504173981316,0.10525097053146747,9
-0.9361367670949716,0.6561046777856756,-0.5361574099412029,-1.4042821764517295,-2.150393723443131,-1.0213165675794766,-0.29869976726745723,-0.501419071147519,-0.5785080712925539,-0.6028572618568733,1.5897756710049138,-2.0268078453587512,-0.05650286443778895,9
-0.7735745374313093,0.20126130215172552,-0.4769115134502449,-1.3498961910812164,-2.3017507111354014,-1.0840743757640041,0.014439966109523075,-0.5765124650566098,-0.5189090462514276,-0.5001763540459769,0.6946394007947617,-2.1080073362867267,0.27082823861144945,9
-0.5297311929358159,0.04964684360707549,-0.5164087777775502,-0.5338645504958511,-2.252698183563994,-0.7706611921268158,0.10486498436859298,-0.5514813337535796,-0.44234903384679597,-0.1734643746607857,0.6946394007868502,-1.9525940757464257,0.35541498821030965,9
-1.0716052918146903,0.7470733529124657,-0.5164087777775502,-0.3394849978995554,-2.189610249011325,-0.6835866864397718,0.16740081897891126,-0.5139346367990342,-0.606613297148264,-0.7766249519915456,1.5680753977938082,-1.8745659200296394,0.41171167061452646,9
-0.6110123077676471,0.38319865240530554,-0.4966601456138976,-0.8051898253039812,-2.1217685135952515,-0.6117113704691678,0.31353839798347355,-0.43884124288994353,-0.4965299657020346,-0.3006525833571975,1.0033965490719303,-1.9047367931233004,0.5368988554659486,9
-0.3942626682160974,0.4438444358231656,-0.5559060421048556,-1.6898832885770976,-2.1434160606087644,-0.781959713574295,-0.3936499638483231,-0.35123228332933776,-0.45565176903316745,0.08589467358601263,1.4465538677625371,-2.071854821807518,-0.16851744801639623,9
-0.6922934225994782,0.1102926270249355,-0.5756546742685082,-1.6714570167231553,-2.31868681635577,-1.166970506260924,-0.2814943257489922,-0.6390902933141853,-0.49095069354336784,-0.23536769707731342,1.1123696602069721,-2.164397835965728,-0.03691767060700868,9
-0.8819493572070842,0.7773962446213957,-0.5559060421048556,-1.0550111611838593,-2.1675258729064373,-0.7652646719836327,0.6604405634260017,-0.43884124288994353,-0.5728663363958758,-0.5112342979687254,1.90605715314237,-1.9781416534521417,0.8037601831766846,9
-0.8548556522631405,0.7470733529124657,-0.6349005707594663,-0.9802251523888492,-2.1733651057393426,-0.6487097787105098,-0.6505666151896972,-0.488903505496004,-0.5667477285585438,-0.3204847653985883,2.6788581330484504,-1.969399294576389,-0.5111594988243432,9
-1.098698996758634,0.04964684360707549,-0.4966601456138976,-0.8745929275250907,-2.329303791197682,-0.9579782939144497,0.6138985801306243,-0.8017926467838817,-0.5907576732777314,-0.8198951673212257,0.6038284748259917,-2.0569116083070638,0.7701334757668558,9
-0.7193871275434219,0.4135215441142356,-0.5164087777775502,-1.0856483699247887,-2.1826616875402065,-1.099351010505521,0.021140066081059228,-0.488903505496004,-0.5221964681386085,-0.38457057672655176,1.1503451383556977,-1.992990501085587,0.27723134376730263,9
-1.2341675214783525,0.35287576069637555,-0.6349005707594663,-0.8470915318977581,-2.380930984339925,-0.7789680408431515,0.10260403482058043,-0.826823778086912,-0.6315292775169158,-0.901026821069549,2.000046461473092,-2.0880544086400046,0.3533468838849385,9
-1.1257927017025777,0.8077191363303257,-0.5756546742685082,-0.7525876040563648,-2.377083670994486,-0.6772292633095455,0.3937257308978035,-0.5514813337535796,-0.6177009084122659,-0.7940848634428496,2.123716604102507,-2.0727350747693336,0.602124636128186,9
-0.5026374879918722,0.7773962446213957,-0.6546492029231189,-0.3372068926915594,-2.27935457090764,-0.9864553533109237,-0.39787398792503453,-0.3262011520263075,-0.5039846894022341,0.307053551916029,3.0060801695843926,-1.9424977411539934,-0.17366315235929294,9
-0.9090430621510279,0.1709384104427955,-0.6151519385958135,-1.4221046772319021,-2.158857867253591,-1.0075735947991826,0.5371911613128753,-0.7392148185263062,-0.5494332337266066,-0.4448866344684977,1.5055275514220652,-2.0348178022636345,0.7133302603928824,9
-0.6381060127115908,0.0799697353160055,-0.5164087777775502,-1.1254524577068648,-2.281385017713991,-0.822564681474413,0.09427089752301593,-0.5890280307081249,-0.47402468733071884,-0.2940964901269377,0.7326148789175871,-2.0621895017569725,0.34570431060118223,9
-0.6110123077676471,0.14061551873386552,-0.4769115134502449,-1.1632800028610937,-2.3900734110405772,-0.9321856240413455,0.7334384641041192,-0.5264502024505493,-0.4737853466324826,-0.3343071952793896,0.6250176908881462,-2.136115090877561,0.8552900068077862,9
-0.5026374879918722,0.4438444358231656,-0.5756546742685082,-0.19513569046626691,-2.394497669155571,-1.2345478404608046,0.8422912406368754,-0.4138101115869133,-0.478515845136052,0.009071063207608558,1.5960573290265758,-2.0114319933214286,0.9295371560696508,9
-1.0174178819268027,0.47416732753209556,-0.5756546742685082,-1.6410149805150869,-2.3121005281307485,-0.7826389407183414,0.21358445886319713,-0.6390902933141853,-0.5881971377455266,-0.6544055718514655,1.6400289352829034,-2.1563889792081246,0.45220558268208105,9
-0.8819493572070842,0.6257817860767456,-0.6546492029231189,-0.14077001680285656,-2.2106654613531678,-0.9836542211375267,0.7827530529902416,-0.5639968994050947,-0.5668824095335746,-0.312191307463749,2.727593329964893,-1.85853463874729,0.889299756862638,9
-0.7464808324873656,0.1709384104427955,-0.5756546742685082,-0.7171488108654627,-2.0939508787075662,-0.7979627411395582,0.47503828887655203,-0.6390902933141853,-0.5099055089386573,-0.30520734287300544,1.2003128727196275,-1.869806502734737,0.6659786759433014,9
-1.28835493136624,0.7167504612035356,-0.45716288128659227,-0.15153923531709212,-2.18283284044946,-1.1131525219750036,-0.7507518511090958,-0.5890280307081249,-0.6462847152416082,-1.028746073315369,1.1792065017490938,-1.8382544885678724,-0.6642891818510471,9
-0.9090430621510279,0.7167504612035356,-0.4769115134502449,-0.9573586777585285,-2.36088312725989,-1.1644710250708266,0.10111247848742386,-0.4263256772384284,-0.5756139345598433,-0.638400653018133,1.286423935000993,-2.0895574876561103,0.35198127034276444,9
-1.0716052918146903,0.5348131109499555,-0.4769115134502449,-0.8841567036043867,-2.1907583039912693,-1.1151490654224734,0.6941740724945756,-0.5765124650566098,-0.6012089859134662,-0.8042698117847202,1.0775588052811464,-1.9650328826931385,0.8277530153501882,9
-1.2341675214783525,0.1709384104427955,-0.6546492029231189,-1.331591880332336,-2.3046843734881772,-0.6425600900605581,0.5590502349675505,-0.9144327376475178,-0.628488683302505,-0.8872043911735429,1.8921328111063938,-2.10708661825475,0.7296973352897678,9
-1.2612612264222962,0.4135215441142356,-0.45716288128659227,-0.36130625021535073,-2.1171442015783875,-0.6737417493352219,0.2944129916159788,-0.7016681215717608,-0.6382231229890425,-1.0022070079126708,0.8450222941967828,-1.8232848291572183,0.5209931806776747,9
-0.7735745374313093,0.7773962446213957,-0.6151519385958135,-0.8279806490473689,-2.2950605783598057,-0.7201055866304256,0.23763443133888376,-0.4263256772384284,-0.5531858658262638,-0.24974644768762538,2.4884222794985966,-2.0269300764027607,0.47294384982398074,9
-0.9090430621510279,0.1102926270249355,-0.5361574099412029,-1.132285078548717,-2.298697608568167,-0.879166946493875,-0.7742872563146426,-0.714183687223276,-0.5455035768764115,-0.5712631363777113,0.8736666548268461,-2.0741723171645043,-0.7021958353244631,9
-1.369636046198071,0.35287576069637555,-0.6546492029231189,-0.425583985587881,-2.1681271609106414,-1.0649846849906062,-0.13870227828540918,-0.9019171719960027,-0.6614284539591293,-1.1083632695234635,2.226317018649793,-1.8726989501873856,0.11802600754082555,9
-0.4484500781039848,0.1709384104427955,-0.5954033064321609,-0.4417135886411647,-2.223529285978729,-0.9374492596153485,-0.28745856858598534,-0.5139346367990342,-0.43743801349408373,0.14487037447334528,1.344442026551805,-1.9166459732191778,-0.043683192009824914,9
-0.9903241769828591,0.4135215441142356,-0.5164087777775502,-0.35366761232301547,-2.0992610104256304,-1.0917957509985021,-0.3425591404095889,-0.6140591620111551,-0.5802097955638255,-0.6861508653919317,1.1503451383556977,-1.808373751550303,-0.10739580851114743,9
-1.0716052918146903,0.5348131109499555,-0.6151519385958135,-1.1253245233836484,-2.246691088213098,-0.9344378585899032,-0.37815583920484286,-0.6641214246172156,-0.6012089859134662,-0.6790548586055445,2.0952643882679842,-2.040170476656211,-0.14976516729116957,9
-0.6381060127115908,0.0799697353160055,-0.5559060421048556,-1.2555787880382006,-2.289809950429556,-1.1977716879650335,-0.1548851388012105,-0.6140591620111551,-0.47402468733071884,-0.2126698121913564,0.945277556439083,-2.0868590056063625,0.10110954233800043,9
-1.0445115868707464,0.2922299772785155,-0.6151519385958135,-1.4335172176622024,-2.340865627229009,-0.9723104622524136,0.6361004327947984,-0.7517303841778213,-0.5873923980070177,-0.64002682124937,1.7021064970373716,-2.143126856779113,0.78625130324367,9
-0.6110123077676471,0.8077191363303257,-0.6151519385958135,-1.1840098786906088,-2.3725531831995883,-0.8530538769728474,0.7406028935633105,-0.33871671767782263,-0.5253872011466655,-0.015578223550578633,2.537567015902423,-2.1279149865320033,0.8602702776718085,9
-0.9903241769828591,0.4135215441142356,-0.6546492029231189,-1.1955283884355685,-2.1029000137905216,-1.0073053533236476,0.6520677106967765,-0.7016681215717608,-0.5802097955638255,-0.48911841014368557,2.3377117544975934,-1.9615327376559606,0.7977560800515527,9
-0.8277619473191968,0.47416732753209556,-0.6546492029231189,-0.4293521499648866,-2.1883177506171227,-0.691871458593822,0.07189015797893275,-0.6015435963596399,-0.5487648905535867,-0.22372775612378076,2.4491064903453927,-1.888400317753063,0.3250192088209169,9
-0.6381060127115908,0.35287576069637555,-0.5954033064321609,-1.0876444578547633,-2.1680705009481533,-1.130126176450423,-0.5478077987329961,-0.5264502024505493,-0.4999729011711765,-0.1131483169377624,1.622928866174399,-1.983980384833774,-0.3663456696950564,9
-0.6651997176555345,0.8077191363303257,-0.5954033064321609,-1.2426718349425905,-2.1631177909011927,-1.148232665383852,0.023927888458722377,-0.35123228332933776,-0.5351044334904129,-0.1500081299964921,2.3191459652308843,-2.00700092846302,0.27988901827590723,9
-0.6651997176555345,0.35287576069637555,-0.5164087777775502,-1.534425373618323,-2.3678579076324398,-0.6714353198116662,0.7213416135370531,-0.488903505496004,-0.5059527364596191,-0.3242545189934757,1.074394182094223,-2.1726206487771274,0.846850201571498,9
-0.9090430621510279,0.32255286898744556,-0.6151519385958135,-0.907461368303779,-2.0909895863229715,-1.0426735828172053,0.3848911931004174,-0.6766369902687307,-0.5581828603071357,-0.4448866344684977,1.7512512334411983,-1.902098661369387,0.5950511347629901,9
-0.7735745374313093,0.5044902192410256,-0.5756546742685082,-1.4574507769015357,-2.264518182328033,-1.232763202027882,-0.6190478578607682,-0.5139346367990342,-0.5392689616379513,-0.3401271657708515,1.684000541539231,-2.1021584891817064,-0.4655134054633682,9
-1.3425423412541273,0.26190708556958553,-0.4966601456138976,-2.010980127116534,-2.3858930812567705,-1.1136135979959927,0.647301258306685,-0.826823778086912,-0.6551592718018957,-1.0795164593032398,0.8580990675279527,-2.246269784477678,0.7943292959268619,9
-0.4755437830479285,0.1709384104427955,-0.5164087777775502,-0.5874207898907208,-2.241267619048859,-0.6752472837761576,0.3444287429620788,-0.47638793984448885,-0.4440259676254086,-0.11314831692770978,0.8465413133097992,-1.9526297817480058,0.5623010368181433,9
-0.7464808324873656,0.35287576069637555,-0.5559060421048556,-0.5083031174609827,-2.203882390748555,-0.8213638906999245,0.08926555923204785,-0.5514813337535796,-0.5238922423249472,-0.3453651392035205,1.3212347899316739,-1.9128355958490806,0.3410984054277401,9
-0.7735745374313093,0.5348131109499555,-0.6151519385958135,-1.4741922792669166,-2.3404618750159405,-1.240930630571743,0.0769327874986942,-0.5264502024505493,-0.5409895178678029,-0.24974644768762538,2.0952643882679842,-2.14860020574071,0.3297001959235073,9
-0.2858878484403225,0.32255286898744556,-0.6349005707594663,-1.813859430339606,-2.1223706731667744,-0.7015118844323782,0.6717176057304408,-0.4012945459353982,-0.41849764536620315,0.550328318107853,1.947830179044218,-2.0821839017318315,0.8118159147814237,9
-0.36716896327215365,0.35287576069637555,-0.6349005707594663,-0.5493309288069722,-2.359031910635391,-1.0157283333907514,-0.7256390591390962,-0.4263256772384284,-0.4401745482867495,0.4259264490355044,2.000046461473092,-2.032282196450874,-0.6246877668742792,9
-0.6922934225994782,0.5044902192410256,-0.6349005707594663,-1.181508186682838,-2.3619799102705756,-0.9179092144671809,0.052709357119940625,-0.5139346367990342,-0.5226108490486998,-0.07168102725389075,2.2611278736174607,-2.120967873061923,0.30710403560089394,9
-1.2341675214783525,0.6257817860767456,-0.5361574099412029,-1.8511350552720989,-2.2518711933185993,-1.134426745580807,-0.6641646624822524,-0.6516058589657004,-0.6351656638409197,-0.9503926421276541,1.549991836772799,-2.155695855578906,-0.5312087793484784,9
-0.6381060127115908,0.5651360026588856,-0.4966601456138976,-1.1234052655771267,-2.2320146326859174,-0.6559455393636557,-0.7177469094587249,-0.37626341463236795,-0.5156699688031204,-0.3294993935774213,1.2213427713878973,-2.0305610154272364,-0.6124168589904697,9
-1.1257927017025777,0.47416732753209556,-0.5559060421048556,-1.2464295106329566,-2.1348076135536362,-1.1346115763708313,0.471032029742236,-0.6766369902687307,-0.6107298504266351,-0.8097987837460946,1.4883268937061582,-1.9902364893718483,0.6628841263886496,9
-0.4213563731600411,0.47416732753209556,-0.4966601456138976,-1.743833795925009,-2.0896483160997863,-1.1516074960971034,-0.5097810169224236,-0.3136855863747924,-0.4642672179994297,-0.09872491181563098,1.1123696602299138,-2.052405683403,-0.3155278932133131,9
-0.5297311929358159,0.7773962446213957,-0.45716288128659227,-0.4795166799459405,-2.2090783076127254,-0.7333609364592816,-0.7294733492895387,-0.2135610611626715,-0.508904807044637,-0.2856522420398196,1.246043343259556,-1.9119969658936606,-0.6306791808248535,9
-0.7464808324873656,0.26190708556958553,-0.5756546742685082,-1.7971819978499022,-2.29241162200798,-1.1115112765135522,-0.08527867336494478,-0.6015435963596399,-0.5172372643427554,-0.30520734287300544,1.33222769148861,-2.168669959040506,0.1727888180403881,9
-1.0716052918146903,0.5651360026588856,-0.5559060421048556,-1.2037262096194665,-2.091568730227593,-0.6698477885570824,0.17963799303657776,-0.6140591620111551,-0.6020453674140887,-0.7434511202400125,1.613645971537022,-1.9559551527342567,0.4225286203700415,9
-0.6381060127115908,0.32255286898744556,-0.6546492029231189,-1.0775967246876692,-2.095342344469444,-1.2336520531226425,0.6328508398102852,-0.5765124650566098,-0.49745015815890414,0.08589467356610833,2.1706196507258935,-1.935613635911256,0.7839010347795822,9
-0.5297311929358159,0.6561046777856756,-0.5954033064321609,-2.0045739336076065,-2.248283026588568,-0.8339411144988351,-0.26527357468757745,-0.35123228332933776,-0.5007702125426393,0.034290935297156364,2.087073598878723,-2.177657066681354,-0.018642961557787087,9
-1.0445115868707464,0.8077191363303257,-0.5756546742685082,-0.7320023595120554,-0.2814692761212375,-0.6558589455278759,-1.2259612804411926,-0.5139346367990342,-0.6031250598966448,-0.6893253947493115,2.123716604102507,-0.6082724099493169,-1.6414731530388527,10
-0.4484500781039848,0.5954588943678156,-0.6546492029231189,-0.9173731692771853,-0.3436841675301572,1.5003894694613544,-0.9165666533027248,-0.37626341463236795,-0.4803950842676136,0.39551710325599726,2.671895962040993,-0.7373407750991705,-0.9497156031695714,10
-0.9361367670949716,0.35287576069637555,-0.5756546742685082,0.39422570560361114,-0.0981149738388727,0.7414170548872785,-1.1054494543693747,-0.6516058589657004,-0.5657510893440462,-0.5496461031579275,1.464142510257593,0.08470230256161947,-1.3403093259321295,10
-0.36716896327215365,0.26190708556958553,-0.5164087777775502,-0.3152265402337525,-0.44291100349231993,1.1994211096991896,-0.9770088940835674,-0.3887789802838831,-0.42946871414148446,0.007483798538442224,0.9604677477020112,-0.5349207964790815,-1.0658950341047175,10
-1.0716052918146903,0.6257817860767456,-0.6151519385958135,-0.8399652910386519,-0.06999585483007133,0.21244848510784092,-1.0342604720312365,-0.6265747276626702,-0.6036503156990681,-0.6790548586055445,2.242698597479464,-0.5154289763830368,-1.1831732512277024,10
-1.1257927017025777,0.0799697353160055,-0.6151519385958135,0.10287973635282843,-0.2115508774692705,-0.26822492038402174,-1.03703555988196,-0.8768860406929725,-0.5989605317496591,-0.7571109333178934,1.3580933422105854,-0.15586537667523112,-1.1890530570814937,10
-0.5297311929358159,0.14061551873386552,-0.6546492029231189,0.5338415141876389,-0.5070888837448296,-0.38981595285449705,-1.057375464586434,-0.6015435963596399,-0.453680727990342,0.262821776246045,1.8364354431824939,-0.21393967951291507,-1.2327341350856644,10
-0.5839186028237033,0.5348131109499555,-0.5954033064321609,-0.6797388379062668,-0.41974686464886335,-0.07630073135159852,-0.9099392803271962,-0.4263256772384284,-0.5026680382023808,-0.03942869082030302,1.9014157057969931,-0.6812071632280496,-0.9374132270979096,10
-0.6110123077676471,0.47416732753209556,-0.6349005707594663,0.8205051144674407,-0.2330997405991175,0.10065314073365894,-1.2333389438401832,-0.488903505496004,-0.5036994651913697,0.052720841818458083,2.208911591188587,0.1706614957516627,-1.6616207193969175,10
-0.7735745374313093,0.04964684360707549,-0.6349005707594663,-0.35999869814441277,-0.15498117476253856,0.060532191316404485,-0.9777697299714998,-0.7392148185263062,-0.505952736460054,-0.19608289632623943,1.4778836371843544,-0.3368032895153786,-1.067405418060989,10
-0.5026374879918722,0.7773962446213957,-0.5164087777775502,0.39223158306783706,-0.36031098316002214,-0.714724213268063,-0.8933426606151317,-0.23859219246570174,-0.5039846894022341,-0.14330634579424775,1.6060508759245453,-0.14668670125144032,-0.9069622774610043,10
-0.6381060127115908,0.23158419386065554,-0.6546492029231189,-0.06931515760175963,-0.19685441632727296,0.6314279020913919,-1.0032458651800065,-0.6140591620111551,-0.4893856518082056,0.08589467356610833,2.0035275469541936,-0.22729569837140984,-1.118711579034149,10
-0.5026374879918722,0.0799697353160055,-0.5954033064321609,-1.100121552572496,-0.25328582061861266,0.8604346828983601,-1.0448518955296093,-0.5765124650566098,-0.4393202861032354,0.0711507483558859,1.205198606740508,-0.7641122387704945,-1.2057162163651522,10
-1.098698996758634,0.0799697353160055,-0.5954033064321609,0.47012134831062896,-0.1275417434846557,1.1083897957250863,-1.0438960339769734,-0.8518549093899422,-0.5920196515041625,-0.7397651389361668,1.205198606740508,0.09655658925871276,-1.2036703306479903,10
-1.098698996758634,0.7773962446213957,-0.5559060421048556,-0.12510755930968975,-0.2060479586541797,-0.11579613552198774,-1.187530895242796,-0.5389657681020644,-0.6122272775350995,-0.7766249519930536,1.90605715314237,-0.2617134181427551,-1.5399605308776614,10
-1.3154486363101836,0.7470733529124657,-0.4966601456138976,-0.8489164448568273,-0.2265371167746102,1.0998665018371179,-1.0562660912972068,-0.6140591620111551,-0.6514620618116992,-1.050669649083016,1.4392889937038638,-0.6261989821012298,-1.2303246782774153,10
-1.1257927017025777,0.7167504612035356,-0.6151519385958135,-0.7817698304827753,-0.3548450556387299,-0.24394396644098942,-1.1900262870477503,-0.6140591620111551,-0.6159972378065661,-0.7571109333178934,2.3901328066909433,-0.6823638044437017,-1.5463841568659988,10
-1.0445115868707464,0.38319865240530554,-0.5559060421048556,0.3551745870060299,-0.362280856486915,1.1200309769017889,-1.0743637592250364,-0.6766369902687307,-0.5907576732775173,-0.7102772884869715,1.3630078158752947,-0.1654332810136813,-1.2700321172251874,10
-1.098698996758634,0.6561046777856756,-0.6151519385958135,-1.417569402708509,-0.15399918974717985,1.6319166505724911,-1.1730399916485246,-0.6265747276626702,-0.6096032147925196,-0.7180828959617189,2.2918433338832904,-0.8571703835871429,-1.5030963674523896,10
-1.2612612264222962,0.8077191363303257,-0.6349005707594663,0.7070701442584822,-0.15553981122724134,1.2568425997323591,-1.0652485438709154,-0.6516058589657004,-0.6419939892716344,-0.942494110760332,2.783290697906198,0.18829967067347883,-1.2499253005791202,10
-0.9090430621510279,0.6257817860767456,-0.6151519385958135,0.0817812849143626,-0.0863996260498094,1.1938180634579902,-1.2075459962564352,-0.5514813337535796,-0.5721349675572166,-0.4448866344684977,2.242698597479464,-0.062358663964898337,-1.59212817140704,10
-0.34007525832820995,0.20126130215172552,-0.5559060421048556,0.8359319044061266,-0.4871366349041972,1.3204801153704944,-1.0311803612206878,-0.4263256772384284,-0.41525856791855376,0.15224233709209456,1.1123696602135678,-0.06331866651801196,-1.176669165854436,10
-0.6110123077676471,0.14061551873386552,-0.45716288128659227,0.3685106320745419,-0.4238166680157323,0.506822621465935,-1.1948556631540106,-0.5139346367990342,-0.4737853466324826,-0.3652694382479142,0.5442565073997024,-0.21314521375536055,-1.5588801879717173,10
-1.1799801115904651,0.5954588943678156,-0.45716288128659227,0.3764099385207549,-0.37511658250090735,1.0579180597117475,-1.0602292136342681,-0.5890280307081249,-0.6241568778461701,-0.9225898117045763,1.0455328187281694,-0.1669283885993135,-1.2389468002449568,10
-1.2341675214783525,0.35287576069637555,-0.5756546742685082,-1.4489640842507954,-0.1517661677833928,0.6576722200190969,-0.9948171926317987,-0.7892770811323667,-0.6315292775169158,-0.9337641550342335,1.464142510257593,-0.8713403888187938,-1.1015777700261424,10
-0.7735745374313093,0.4438444358231656,-0.6349005707594663,0.4125795403358117,-0.3716573699962258,1.6506937115312683,-1.2012188766397898,-0.5765124650566098,-0.5356760353932637,-0.19608289632623943,2.1566953087597134,-0.14734409305881638,-1.5754761166006095,10
-0.5568248978797596,0.7773962446213957,-0.5164087777775502,-1.4475933432748471,-0.08970083957284239,-0.2782037850144167,-0.9984214375779477,-0.26362332376873193,-0.5138249246870401,-0.20362240352732366,1.6060508759245453,-0.8345316385355542,-1.1088848994648628,10
-1.369636046198071,0.6257817860767456,-0.6151519385958135,-0.4508526045158821,-0.31343274559585227,0.9970876845562288,-1.0273478433590986,-0.7642459498293365,-0.6614284539591293,-1.1083632695234635,2.242698597479464,-0.4992564530823318,-1.168608342618486,10
-0.5297311929358159,0.20126130215172552,-0.4769115134502449,-0.041776901450625466,-0.2527107339946421,1.6191752664283043,-0.9380697371342578,-0.4638723741929737,-0.4606056521891862,-0.2513726158960961,0.6946394007947617,-0.2590899165751647,-0.9902096984066738,10
-0.6651997176555345,0.2922299772785155,-0.6151519385958135,0.8419199686937252,-0.25836701900674164,0.6214065321304153,-1.0648130480196025,-0.5765124650566098,-0.5010169993962209,-0.09363429826292755,1.7021064970373716,0.1569072602111238,-1.248970156842948,10
-0.9903241769828591,0.47416732753209556,-0.5756546742685082,-0.9204679777493592,-0.3504460240065036,0.9951061263411475,-0.9293659130106712,-0.6265747276626702,-0.5825639595752494,-0.6194857489536195,1.6400289352829034,-0.743282134728016,-0.9737110033638993,10
-1.3425423412541273,0.4135215441142356,-0.5361574099412029,0.37631072858192904,-0.49172580928023185,0.1061018203416169,-1.008241666999049,-0.7892770811323667,-0.6556271212166076,-1.0767691440443017,1.2715049971479948,-0.2691376472819983,-1.1289431225578306,10
-1.0174178819268027,0.6257817860767456,-0.45716288128659227,-0.295168189233266,-0.46662293587405596,-0.010160088698391072,-1.0779214876856993,-0.501419071147519,-0.5931451996517842,-0.7633554192883871,1.0789512394834004,-0.5441796202663202,-1.2779401438374534,10
-0.3942626682160974,0.4135215441142356,-0.5559060421048556,-1.0321698712530973,-0.4944792220768011,0.5874706168672651,-0.912689988377356,-0.36374784898085283,-0.4525804752283481,0.08589467358601263,1.4047808418189158,-0.88828162438344,-0.9425093454017928,10
-0.9903241769828591,0.4135215441142356,-0.45716288128659227,-0.06501362869459754,-0.4771985570929552,0.9972990351365647,-0.984422113003938,-0.5765124650566098,-0.5802097955638255,-0.7368163538856889,0.8450222941967828,-0.45088187521270573,-1.0806647455539609,10
-0.6651997176555345,0.4438444358231656,-0.4769115134502449,0.48043559288189835,-0.33267184570867403,1.3382037500328627,-1.2067399005737673,-0.4263256772384284,-0.512811959290379,-0.38959691486825204,0.9731262404212233,-0.0814784778279247,-1.589998221738118,10
-1.1528864066465214,0.14061551873386552,-0.6151519385958135,0.6195411061205659,-0.10447026976848287,1.0553247007902458,-1.2432119226052991,-0.8643704750414574,-0.6078161375800873,-0.7961389706740679,1.4563828150182387,0.1919371290059666,-1.6889337384998024,10
-0.7193871275434219,0.23158419386065554,-0.6151519385958135,-0.5884531373917778,-0.27118909825325827,-0.3052761562544462,-1.1858855478073271,-0.6265747276626702,-0.5085015187138637,-0.17169037297527648,1.6038170242297183,-0.5330802326666075,-1.5357373604177766,10
-0.8548556522631405,0.7773962446213957,-0.5756546742685082,-1.0975006154566747,-0.16709173744829148,0.26853548947041744,-1.1023309952902238,-0.43884124288994353,-0.5679462187534728,-0.4448866344643895,2.0797449978461797,-0.7078194817321133,-1.3331364693911043,10
-0.34007525832820995,0.7167504612035356,-0.5164087777775502,0.5172414135401087,-0.09730028033013223,-0.2018654868759752,-1.239316226413441,-0.18852992985964126,-0.4696077635371958,0.03764182740498019,1.530099919663071,0.1471576906813426,-1.6781078852753168,10
-1.369636046198071,0.35287576069637555,-0.4769115134502449,0.5687989280188146,-0.4059354904530405,1.7731762018419759,-0.9157798549664711,-0.7892770811323667,-0.6614284539591293,-1.1083632695234635,0.8686936755613001,-0.1069431996473924,-0.9482507468127853,10
-0.8819493572070842,0.1102926270249355,-0.5361574099412029,0.3477172611730807,-0.33885552643894157,-0.40524629252688776,-0.9826018149242676,-0.7016681215717608,-0.5386844664597811,-0.5396690108985495,0.8736666548268461,-0.14844200708963973,-1.0770270455040338,10
-1.098698996758634,0.7470733529124657,-0.5954033064321609,-1.3974694505348928,-0.3942450955464876,-0.22294090769111577,-1.0807987802569068,-0.5765124650566098,-0.611596493221979,-0.7397651389361668,2.226317018690019,-0.9890719844357715,-1.2843607502329897,10
-0.31298155338426625,0.5044902192410256,-0.6546492029231189,-0.9577091421117728,-0.3405464061249203,-0.13327652994388794,-1.0107488218298237,-0.35123228332933776,-0.44487299029885935,0.6166759816059181,2.5048038582692933,-0.7539085140694405,-1.1340994386310173,10
-1.3154486363101836,0.7773962446213957,-0.6546492029231189,-0.8060022402557868,-0.26998379927086974,1.3386595001252044,-1.232350070359206,-0.7016681215717608,-0.6515882186743234,-1.0198997181834952,3.0060801695843926,-0.6353409702656787,-1.658907337458867,10
-1.2070738165344088,0.1709384104427955,-0.5361574099412029,0.19228889823705908,-0.23998212944464123,-0.42682920287322573,-0.9564628857260763,-0.826823778086912,-0.62190072917118,-0.9187985166484922,0.9532343232910757,-0.13670494231887803,-1.0255712098667138,10
-0.4213563731600411,0.6257817860767456,-0.5164087777775502,0.21861455949857816,-0.3824725325077159,0.5549844255857519,-1.1027376061819807,-0.26362332376873193,-0.4775889231316618,-0.052832259194633704,1.4161734852708587,-0.24531554250692467,-1.334070137711416,10
-0.9632304720389154,0.7167504612035356,-0.5559060421048556,-0.0957231244367067,-0.20465459116835163,1.2022682650817864,-0.9904925251886872,-0.501419071147519,-0.585709760371524,-0.6107557932278486,1.8225111012551276,-0.24636616254443927,-1.0928483320329685,10
-1.2612612264222962,0.1709384104427955,-0.5756546742685082,0.12532284334431176,-0.17314460670614754,1.488849073826934,-1.1402675983921045,-0.8768860406929725,-0.6350766374338298,-0.9686839779320795,1.2003128727196275,-0.11291981486466522,-1.4223607999113277,10
-0.6381060127115908,0.8077191363303257,-0.4769115134502449,0.5539418357368482,-0.43616174880118863,1.739205322328968,-0.9907925940023973,-0.26362332376873193,-0.5302458173185391,-0.36195205507382083,1.3908564998609163,-0.1410078887472004,-1.0934526879597366,10
-0.6651997176555345,0.0799697353160055,-0.5164087777775502,-0.5063565396874339,-0.4967481413826225,0.7000102213215762,-0.9256524327917284,-0.6015435963596399,-0.4809655675762155,-0.3242545189934757,0.7326148789175871,-0.659708733792155,-0.9667167699574433,10
-0.6110123077676471,0.7773962446213957,-0.6349005707594663,-0.17974557735122068,-0.5037675904788307,-0.5393070557631678,-0.91615988298141,-0.36374784898085283,-0.523665159971846,0.052720841818458083,2.731074415477324,-0.5223358014755445,-0.9489581345728982,10
-0.9903241769828591,0.6257817860767456,-0.6546492029231189,0.4708372633948087,-0.2652999475252708,0.030444516040854346,-0.9741077700693969,-0.6140591620111551,-0.5878926416281423,-0.48911841014368557,2.727593329964893,-0.02587923619962871,-1.060147214967667,10
-0.4755437830479285,0.7167504612035356,-0.6546492029231189,-0.3395252637897904,-0.23185302374932118,1.7224065808623428,-1.141455354604705,-0.33871671767782263,-0.49484732806639764,0.3512853275860133,2.894685433736593,-0.38519902231812997,-1.425225629444658,10
-1.098698996758634,0.5044902192410256,-0.5756546742685082,-0.15151510146146777,-0.11235557337509816,1.0377193596428358,-1.125704626631734,-0.6641214246172156,-0.6059014119949575,-0.7591650405450036,1.684000541539231,-0.20038816980823293,-1.3875944340749253,10
-0.6651997176555345,0.38319865240530554,-0.5164087777775502,-1.4916024166405064,-0.28655443430027233,-0.2184143193829291,-0.9448281020573235,-0.47638793984448885,-0.5083084291489699,-0.3242545189934757,1.1123696602249602,-0.969879729836094,-1.0031238036292958,10
-0.8006682423752531,0.2922299772785155,-0.6151519385958135,-0.10401430283278025,-0.14854149674001296,0.11657563834502176,-1.1285426775100242,-0.6390902933141853,-0.5318653560429341,-0.28877448504379977,1.7021064970373716,-0.2055657592267677,-1.3943182426741891,10
-1.28835493136624,0.7470733529124657,-0.5954033064321609,-1.0671520964576966,-0.12710517137086166,0.5397655993345168,-0.9566924704774227,-0.6641214246172156,-0.6464788657379842,-0.9977838303472746,2.226317018690019,-0.6671986262816213,-1.0260169320684867,10
-0.8548556522631405,0.5651360026588856,-0.6546492029231189,0.6359908511488255,-0.07730218120808391,0.5444570575086867,-1.0806635921816437,-0.5765124650566098,-0.5588576681086046,-0.2679595317937649,2.6161985941170927,0.22511351214682832,-1.284058577632044,10
-1.0445115868707464,0.4135215441142356,-0.4966601456138976,0.0025122040461493258,-0.3743553070836343,0.1493227523119838,-1.0549798826006476,-0.6265747276626702,-0.5918124610488689,-0.7622015468807782,1.0397209194579249,-0.3372186063101158,-1.2275351081729156,10
-0.5026374879918722,0.6864275694946056,-0.6546492029231189,0.4810360909323606,-0.3586794832656826,1.4663817077955268,-1.0939070140841567,-0.36374784898085283,-0.49776980395928055,0.307053551916029,2.8389880658126927,-0.10442469758289057,-1.3138993212222807,10
-0.8819493572070842,0.38319865240530554,-0.5164087777775502,0.05207978948846617,-0.17659072458574307,-0.1578016443072488,-1.011307607142656,-0.5765124650566098,-0.5554222829367114,-0.5655187499257797,1.1123696602249602,-0.15162299027057252,-1.1352506374536682,10
-0.7464808324873656,0.6561046777856756,-0.6151519385958135,-0.1465628631263712,-0.3360314290834827,0.9416286060181864,-1.0043021234928198,-0.4638723741929737,-0.542230403875927,-0.21071841033145086,2.2918433338832904,-0.3750332753388201,-1.1208700725166223,10
-1.369636046198071,0.47416732753209556,-0.5361574099412029,0.0499818664851002,-0.4312267329186031,0.7798824663303606,-1.2153922169383218,-0.7767615154808516,-0.6614284539591293,-1.1083632695234635,1.3510726656122247,-0.36234935810368296,-1.6129905275389358,10
-1.3154486363101836,0.5651360026588856,-0.5954033064321609,0.18957295850869046,-0.47185995297775,1.7670031584585582,-0.9568057206087193,-0.7517303841778213,-0.6506315291327582,-1.0346436434060042,1.9478301790674253,-0.33418037055742794,-1.0262368389179217,10
-0.31298155338426625,0.7470733529124657,-0.6546492029231189,-0.8417120247644799,-0.3989629051722039,-0.7031728478490334,-1.1225853236315098,-0.25110775811721686,-0.4670838070842433,0.6166759816059181,2.950382801660493,-0.7399518622577504,-1.3802326195798633,10
-1.1799801115904651,0.2922299772785155,-0.4769115134502449,-1.1967642994187977,-0.31579023051772415,0.4513030139620463,-0.9175746399489372,-0.7266992528747911,-0.6182407546537309,-0.9148492509624451,0.7990719656546846,-0.8491010572965711,-0.9515939778869512,10
-1.0445115868707464,0.5348131109499555,-0.5756546742685082,-0.13934496181249517,-0.4837695034868428,0.8699460392954673,-1.1150286969137813,-0.6265747276626702,-0.5957344888184058,-0.6893253947493115,1.7279721477955587,-0.4888472348327671,-1.3625199130284615,10
-0.36716896327215365,0.5348131109499555,-0.6349005707594663,0.1324212407896943,-0.13307628626634505,1.1054867846496312,-1.0433049405190193,-0.35123228332933776,-0.45887206144189857,0.4259264490355044,2.313344156046335,-0.0759142265572798,-1.202406320283814,10
-0.7735745374313093,0.20126130215172552,-0.5954033064321609,-1.1899095752994497,-0.458042104025117,0.3547607208433399,-1.1227984248953413,-0.6516058589657004,-0.5189090462514276,-0.2974473822314107,1.3908564998222375,-0.9346251759724702,-1.3807346168839536,10
0.41854848010221407,-0.28390496519115455,-0.5559060421048556,-1.291450999044517,-0.1104641271798721,0.34961745565091334,-0.413834288053894,-0.27613888942024706,-0.0783945133402472,1.0811096261772426,0.4440012451156292,-0.7685858518918292,-0.1932373759919928,11
0.2830799553824955,0.1709384104427955,-0.6151519385958135,-0.4499266727406309,-0.5497151725023728,0.006413931147421693,0.0281123629032334,-0.18852992985964126,-0.2595632519483123,1.2723470092031788,1.5055275514220652,-0.6743729157868569,0.2838709279357218,11
0.7165792344855949,0.14061551873386552,-0.5756546742685082,-0.5551775518713086,-0.6727282150045859,-0.8760191507749556,-0.03400392263350808,0.02423468621611564,-0.14540990881085114,1.580463093610679,1.1563412664632997,-0.8088296038467375,0.22385431767263034,11
0.5540170048219326,-0.041321831519714525,-0.5954033064321609,-0.10041670306807844,-0.6965553295002362,-0.8771561027793566,-0.46050533467235033,-0.1384676672535808,-0.13071807211188105,1.5086834576463435,1.0195407136587786,-0.6418122459812102,-0.2517049742806668,11
0.2830799553824955,0.20126130215172552,-0.6546492029231189,-0.14641013718243656,-0.12306601887017138,-0.263538125143743,-0.22209281564280697,-0.20104549551115639,-0.2662610053150476,1.589775046345569,1.9478301790302937,-0.20631983912405333,0.02913616270026404,11
1.0687973987568633,-0.041321831519714525,-0.45716288128659227,0.07082919980281505,-0.09515008286962252,0.45635038142149464,-0.0043721957560794705,0.1869370396858121,0.0113030159880868,1.2801526167193742,0.34374598286831587,-0.07511020920443995,0.2527295271023998,11
0.3372673652703829,-0.3445507486090146,-0.5361574099412029,-0.46495256176775607,0.038163687171070014,-0.867264550552159,-0.6617674166779512,-0.3262011520263075,-0.07839451334087819,0.8820666356637358,0.27690914134512284,-0.24547038469127586,-0.5276582717470157,11
0.6894855295416512,0.1102926270249355,-0.5954033064321609,-1.3107838015663333,0.1367654921077513,-0.4869123738900209,-0.16745858128210148,-0.013312010738429698,-0.1431760622952145,1.6929825229399917,1.2516130800109404,-0.6288657852341706,0.08785754854696122,11
0.7436729394295386,-0.16261339835543454,-0.5164087777775502,-0.4990510706793755,-0.37635458232972197,-1.1383729588756144,-0.6011171241459317,-0.050858707692975035,-0.029808351620810806,1.2439629820665001,0.42881105387168866,-0.5680178579866516,-0.4400439382237736,11
0.44564218504615777,-0.5568109905715246,-0.5164087777775502,-0.4564408424391008,-0.36998028173992753,-0.10829670586007747,0.09639745668954669,-0.35123228332933776,0.08263390835014321,0.9122246645345822,-0.06487016182789627,-0.5438197473010948,0.347657671412782,11
0.2559862504385518,-0.22325918177329457,-0.5164087777775502,-0.14273255673774843,-0.2636083036454717,0.2015145849293884,-0.2827116834441736,-0.3011700207232773,-0.15444241863786132,0.7011184624688163,0.3528600976102141,-0.31586506964061895,-0.038296550980473895,11
0.7165792344855949,0.1102926270249355,-0.5361574099412029,-0.1351254441634488,0.10434428850541119,0.10479163026254636,-0.4317495884051303,0.03675025186763075,-0.13635695187858402,1.3243843923720025,0.8736666548268461,-0.02020827509087259,-0.21546106120702466,11
0.3372673652703829,0.14061551873386552,-0.5164087777775502,-1.454231777243845,-0.7277845394489199,-0.34213684510519016,-0.7232582660647813,-0.1134365359505506,-0.23923146247417443,0.7915925490684304,0.8085658351790618,-1.2086646776613827,-0.6209773955002332,11
0.5269232998779889,-0.19293629006436455,-0.6151519385958135,-0.19818522573735073,-0.04787037758713744,0.1697511509857481,0.012720864121786295,-0.2260766268141866,-0.0825295058260662,1.623599345408749,0.9157907145761462,-0.17317144946572924,0.26918172882798347,11
0.7707666443734823,0.1709384104427955,-0.6151519385958135,-1.0343004909099374,-0.34787572840232744,0.22581293828455445,0.0917591030373089,0.03675025186763075,-0.14098007758446465,1.9748516816143193,1.5055275514220652,-0.7941008269448038,0.343394406834064,11
0.2559862504385518,0.1102926270249355,-0.4769115134502449,-1.3738168122984233,-0.44604958749537255,-0.44999124524816225,-0.5174395273175539,-0.1384676672535808,-0.2522818289613018,0.5503283181424092,0.5902068359348385,-1.009108312664774,-0.32564986546890035,11
0.2559862504385518,0.019323951898145487,-0.5756546742685082,-1.3566112201164715,-0.4035713690402173,-0.0667641824460845,-0.604770174374508,-0.23859219246570174,-0.22955146090628792,0.9868261043472969,0.9804548414379892,-0.9760876217763699,-0.44520425166760647,11
0.5269232998779889,-0.28390496519115455,-0.5756546742685082,-0.4541843506415027,0.08861119283080193,-0.7972388749332624,-0.16682823976132788,-0.23859219246570174,-0.04305912299970894,1.3360243333257569,0.5407387788747129,-0.2023849570001531,0.08852419266578616,11
0.7707666443734823,-0.25358207348222456,-0.5559060421048556,-0.3576784288111792,-0.5497343222740234,-0.9748106891500646,-0.24572269924118506,-0.10092097029903549,0.020937195061832885,1.512369438966776,0.4857742710592505,-0.6348158715102301,0.003144238829091226,11
1.1229848086447507,0.20126130215172552,-0.4966601456138976,-1.372571382486396,0.0015587030073034725,-0.9664640323157394,-0.6102498086844692,0.287061564897933,-0.06543820354510446,1.545543270737125,0.7854503267559637,-0.742555289780799,-0.4529721332794427,11
0.9875162839250321,-0.16261339835543454,-0.45716288128659227,-1.375238100447839,-0.4538881126463025,0.24199947452748963,-0.17914465467722637,0.09932808012520632,0.043070890956687494,1.2005354205112793,0.21007229984739142,-1.0143965384295104,0.07545435682129104,11
0.6894855295416512,-0.28390496519115455,-0.6151519385958135,-1.0270246173805833,-0.40107960210080756,-0.7935745662340272,-0.6949685642449476,-0.18852992985964126,0.009943962511098508,1.8577675695457956,0.7683565053646666,-0.8253231420841811,-0.5774541493651988,11
0.6352981196537638,0.04964684360707549,-0.5756546742685082,-1.49447122848283,-0.38583069082503096,-0.23342067455391505,-0.34993551435833053,-0.050858707692975035,-0.1384646769167852,1.475703624917141,1.024426447694317,-1.0282780721100249,-0.11609557691887858,11
0.8249540542613698,-0.25358207348222456,-0.4966601456138976,-1.2423628038644787,-0.15487329943774125,-0.35814648840176916,-0.3500527764361743,-0.03834314204145992,0.0382122747838825,1.2282283583146631,0.24058477096604733,-0.7713762977425398,-0.11623421076470017,11
0.8791414641492572,-0.25358207348222456,-0.5361574099412029,-1.339786341581023,-0.5719529768023567,-0.973500085507014,-0.43152204802846955,-0.03834314204145992,0.055487354505932195,1.5139491452469738,0.3962606440414676,-1.0694270018153087,-0.21517710531172268,11
0.2830799553824955,-0.28390496519115455,-0.6151519385958135,0.0955913159049183,0.004177689573391632,0.5974403339793436,-0.021792544860708085,-0.37626341463236795,-0.12256375126592015,1.2723470092031788,0.7683565053646666,0.01985548253642779,0.23580905492950782,11
0.6352981196537638,0.0799697353160055,-0.5164087777775502,-1.4483911333234736,-0.21664518575737732,0.4648965893388104,-0.409273922391079,-0.0007964450869145851,-0.14780331579237466,1.123330866600348,0.7326148789175871,-0.9088204141862873,-0.1876230455033343,11
0.3643610702143266,-0.5568109905715246,-0.4966601456138976,-0.5127526830197853,-0.4307096643746504,-1.0198475211131925,-0.7357277608378863,-0.37626341463236795,0.0493176831721161,0.737832584570859,-0.12265893289389702,-0.6141116405972794,-0.6404944468377282,11
0.3372673652703829,-0.3142278569000846,-0.6151519385958135,-1.2498217316418467,-0.2700632745296276,0.4368369439459838,-0.5850141089011042,-0.36374784898085283,-0.09195344219215013,1.3504030839155277,0.7192117689608399,-0.8457827447363138,-0.41746825208679633,11
0.2559862504385518,-0.28390496519115455,-0.4966601456138976,-0.162275616933644,-0.06452346692833733,-0.9652844987298994,-0.48657054335175204,-0.3136855863747924,-0.13139759885105465,0.6224453436899636,0.20426040058005282,-0.16800766321168736,-0.28518831207099027,11
0.31017366032643917,-0.041321831519714525,-0.6349005707594663,-0.6599333314129947,-0.56793932123986,0.6430631667183855,-0.7205897446797311,-0.27613888942024706,-0.19799121910660267,1.462608691305077,1.321234789897733,-0.7773821272738112,-0.6168275139130479,11
0.9875162839250321,0.019323951898145487,-0.5559060421048556,0.00016391352484236799,-0.3598855882232111,0.1382055114662293,0.09767282217419651,0.11184364577672143,-0.035206814032509214,1.7777600929911037,0.8617315045518409,-0.32649224963175283,0.34882816703072345,11
0.5540170048219326,0.20126130215172552,-0.5164087777775502,0.09055773197788296,-0.5440693099079277,-0.34206699544110836,-0.32225757651183135,0.011719120564600527,-0.20147945635700146,1.032856780000734,0.8845167914405366,-0.4378358774505507,-0.08366287412103221,11
1.3397344481963003,-0.16261339835543454,-0.6349005707594663,0.020288854846231733,-0.19137966575928372,-1.18845060072431,-0.5268591344651679,0.14939034273126678,0.14834090801307395,3.038365699554828,1.1123696601822382,-0.17928036995053537,-0.3381765184801271,11
0.9604225789810883,-0.49616520715366463,-0.6349005707594663,-1.007205479545222,-0.5512180065972484,-1.1734481640720467,-0.652524033427036,-0.16349879855661104,0.2420115260950737,2.4578236438838674,0.5379905534646269,-0.9144093369187541,-0.5140320924059513,11
0.2830799553824955,-0.37487364031794457,-0.6151519385958135,-0.09366388315659122,-0.2794374154889305,-0.5784439645810053,-0.4873720701764031,-0.4138101115869133,-0.08313462667957383,1.2723470092031788,0.6209222961531871,-0.3052228973573934,-0.28622770389009516,11
0.2559862504385518,-0.4658423154447346,-0.6151519385958135,-1.4215852383591492,-0.32553384009538755,0.006457350195924663,-0.4923121240653617,-0.4638723741929737,-0.0477085164677716,1.2333189718470046,0.4734880869417071,-0.9597312094152189,-0.29264682885050325,11
0.47273588999010147,-0.37487364031794457,-0.6349005707594663,-0.7583756247939163,-0.614292006855078,-0.40147944322322576,-0.025069861480566075,-0.33871671767782263,-0.01677303994257563,1.7114124294497748,0.7468556831801216,-0.8514556622926857,0.23260825910942373,11
0.44564218504615777,-0.07164472322864453,-0.4769115134502449,-0.4174270189248432,-0.45651791248755486,-1.1441617224846232,-0.704069704844658,-0.1259521016020657,-0.1507974209972083,0.7438423367034276,0.381341706214992,-0.5907014100607588,-0.5913437291979668,11
0.31017366032643917,-0.16261339835543454,-0.5559060421048556,-0.7732057092016037,-0.4945054643398313,0.30883776472295604,-0.14104366605131308,-0.27613888942024706,-0.15937144953636337,0.9484142991650788,0.6110933488901137,-0.7749070703005869,0.11558811339721747,11
1.2855470383084129,-0.5568109905715246,-0.5954033064321609,-0.35925888426180436,0.15038389860342258,-0.28003776421510373,-0.21294190153550002,-0.013312010738429698,0.4269015685230902,2.5038984102320447,0.23049466806142918,-0.10510204062430843,0.03910367181614761,11
1.3126407432523566,-0.10196761493757453,-0.6546492029231189,-1.4753578844453317,-0.01740105708398386,-1.1582293908086965,-0.28002305846505904,0.14939034273126678,0.10817634765989392,3.2705825218049664,1.3908564997912944,-0.8067325902890526,-0.03525257361892401,11
0.4998295949340452,-0.07164472322864453,-0.4966601456138976,-0.6713671297049925,0.06167681414865875,0.4292774415309907,0.05746853690142989,-0.1134365359505506,-0.13555470359535998,0.8820666356719779,0.4585309932820141,-0.3369421695438062,0.31156553655182934,11
1.177172218532638,-0.10196761493757453,-0.5756546742685082,-0.4568189388521204,0.09630842254283982,-0.7705699534505696,-0.10688409950685404,0.13687477707975165,0.06930741828519582,2.174100082874061,0.8045684164126787,-0.19807594440623286,0.1508383508594395,11
0.41854848010221407,-0.010998939810784519,-0.5756546742685082,-0.4983140043981078,-0.5106234886197112,-0.5633902899362161,-0.6909769518822808,-0.17601436420812616,-0.17740027683969883,1.1963450417343728,0.9364832351816617,-0.666390743080228,-0.5713954346497719,11
1.3126407432523566,-0.4658423154447346,-0.5361574099412029,-0.539828530309589,0.005186510326228881,-0.15121992733645429,-0.6503830981187112,0.07429694882217609,0.3512094429016109,2.0194551529135643,0.11777380441666334,-0.3087069003695561,-0.5108904103618661,11
0.5540170048219326,0.019323951898145487,-0.6349005707594663,-0.5931034911776253,-0.3500229441142282,-0.9299576023715117,-0.2858105487034517,-0.1384676672535808,-0.1503740121799336,1.8358142985221237,1.4256673547554806,-0.5920353150058715,-0.04181126868341377,11
0.9062351690932009,0.1102926270249355,-0.45716288128659227,-0.6086082568966854,-0.15675652684299535,0.02527948833629254,-0.7107900219765191,0.174421474034297,-0.08862317896217084,1.1209182243031848,0.5108380866444714,-0.4605382617403444,-0.6016677895947289,11
0.6352981196537638,-0.4355194237358046,-0.4966601456138976,-0.5905530277646152,-0.2563958055327796,0.4022637395112807,-0.2782945777969799,-0.20104549551115639,0.07608456494123926,1.0263006867730966,0.022638548650080755,-0.5234196956637817,-0.03329830649051623,11
0.6352981196537638,-0.16261339835543454,-0.6151519385958135,-0.7870695228587933,-0.5033577759310133,-0.05022682892439025,-0.6232608179629516,-0.16349879855661104,-0.062199126099698965,1.779711494833447,0.9649354509799729,-0.7870735022361435,-0.47154931662195554,11
0.41854848010221407,0.019323951898145487,-0.5361574099412029,-0.08417754163353913,-0.5068393320073842,-0.7113746784542153,-0.5703774375516237,-0.1384676672535808,-0.1863637616010037,0.9768490121012215,0.7543151521305014,-0.4830957229240095,-0.39718665818888343,11
0.7165792344855949,-0.5264880988625946,-0.4966601456138976,-0.17818293884098887,-0.6625490571800983,0.23165432532543026,-0.2731784860124732,-0.20104549551115639,0.16993475765989263,1.1128411174337682,-0.08633456250790253,-0.6465764254481879,-0.027526088640745565,11
1.2313596284205255,0.019323951898145487,-0.5164087777775502,0.016932629192640065,-0.4558779924865364,0.6344048351437581,-0.3686634235264699,0.24951486794338767,0.029574734925416932,1.7868075016641838,0.6566639226561126,-0.39732727702864423,-0.13837066244417784,11
0.60820441470982,-0.25358207348222456,-0.5361574099412029,-0.1996843810272608,0.09465516716012026,0.21624634783294933,-0.1250630679553667,-0.16349879855661104,-0.030888044104316125,1.1980078904553548,0.3962606440414676,-0.062296629772206735,0.13216332765924396,11
1.0417036938129194,0.20126130215172552,-0.6151519385958135,-0.047555891251206704,-0.6411646156743752,-0.6274895019413134,-0.03209020010686199,0.174421474034297,-0.08487266823251834,2.3651320551760637,1.5546722878258918,-0.5756424434982857,0.22573297749309007,11
1.0417036938129194,0.20126130215172552,-0.5756546742685082,-0.08381461332310036,-0.21526316122602693,-0.7183290553439264,-0.4622230323695972,0.19945260533732723,-0.08487266823251834,1.9995009683848313,1.244284478975955,-0.2491032582774029,-0.2538928101046392,11
0.9062351690932009,-0.28390496519115455,-0.5361574099412029,-0.7401279213485615,-0.43000300073666403,-0.8000398248800312,0.0692415216092949,-0.03834314204145992,0.08061474319217513,1.5455432707261358,0.3564768098093524,-0.7155173204550797,0.3225557304838783,11
0.6352981196537638,0.14061551873386552,-0.5954033064321609,-1.1019958690233822,-0.6795399997090293,0.3332074875898341,0.10119928751773075,-0.02582757638994481,-0.1655145274529919,1.619262896822532,1.2980275532813728,-1.0369014541560864,0.352060777339883,11
1.1500785135886944,-0.37487364031794457,-0.6151519385958135,0.0010810750988354842,-0.22362550642280735,-0.5448361503025458,0.036432472840343975,-0.013312010738429698,0.220232626975275,2.5212442046007615,0.6209222961531871,-0.21493043050407024,0.29176267932448396,11
0.8791414641492572,0.14061551873386552,-0.4966601456138976,-1.1602957779355934,-0.5309888298201019,-0.11408958055353988,-0.6907711749142595,0.14939034273126678,-0.10520067152656969,1.2859219787551108,0.7128015859839751,-0.9673295595229983,-0.5710836355881833,11
1.0146099888689757,-0.4658423154447346,-0.6546492029231189,-0.10544915911562838,-0.24978134501730206,-0.018563114303389156,-0.7456743789510349,-0.1384676672535808,0.2386941210281953,2.7840329894351408,0.7224880847044951,-0.2871119927888649,-0.6562130370643725,11
0.8791414641492572,0.1102926270249355,-0.5756546742685082,0.022557682208437454,-0.03299316551309342,0.5277967371990435,-0.08601082758420711,0.0868125144736912,-0.09544228937880124,1.789982030997755,1.1123696602069721,-0.04844016636227026,0.17204925600349127,11
0.3372673652703829,-0.3142278569000846,-0.5756546742685082,-1.4020620691377288,-0.7165944695592897,0.2228415689601275,-0.22705252250073232,-0.33871671767782263,-0.09195344219215013,1.0915855730408348,0.49676717261838527,-1.1811860389589806,0.023711145726204606,11
0.7165792344855949,-0.041321831519714525,-0.6151519385958135,-0.14863802508714818,-0.2578659783162416,-0.9753393970982862,-0.5030575980120742,-0.07588983899600527,-0.08586930744873329,1.8967956069019702,1.161514396595279,-0.31412546901454586,-0.3066876154555724,11
0.8249540542613698,-0.13229050664650455,-0.5559060421048556,-1.496146700372896,-0.4882051175848985,-1.2352408379930468,0.013986596493990653,-0.02582757638994481,-0.01890125409193245,1.5787171024728577,0.6528663748337349,-1.0878397147251642,0.2703941568490468,11
1.2313596284205255,-0.22325918177329457,-0.5164087777775502,-0.9941741614402866,-0.11143899319742215,0.03936144400353755,-0.6764791216561079,0.14939034273126678,0.1497492025548994,1.7868075016641838,0.3528600976102141,-0.6206576752003762,-0.5495565943876313,11
1.3126407432523566,-0.5264880988625946,-0.5559060421048556,-0.9948301961976335,-0.2756641732356056,0.26055274179963894,-0.4571335127240731,0.03675025186763075,0.407467103836756,2.1758460740275964,0.1098170375666598,-0.7285764679807982,-0.24741785183551968,11
0.6623918245977075,-0.13229050664650455,-0.6546492029231189,-0.8060096593719868,0.0012256128900487767,-0.7123849777816809,-0.01780592504556799,-0.16349879855661104,-0.06649586148950258,2.2090199057253472,1.3351591318673945,-0.4494102452594948,0.2396950768862411,11
0.6894855295416512,-0.4355194237358046,-0.4769115134502449,-0.26893283931672857,-0.7113912270370185,0.6802658497188193,-0.7138877208156639,-0.16349879855661104,0.09601734923584382,0.9926460748533086,-0.03638855322470076,-0.7215675732850048,-0.6064462570137124,11
0.7436729394295386,-0.49616520715366463,-0.5164087777775502,-0.05413679744060127,-0.3667662779617228,-0.1795457993727957,-0.5267515313433737,-0.18852992985964126,0.1579705977179386,1.2439629820665001,0.011080794433578275,-0.35699777584827663,-0.3380329383997824,11
-1.0445115868707464,-1.0419772579144047,-0.33867108830467624,0.3234485360509405,-0.8454464456862457,-1.1667359612031656,-0.2109444262577327,-1.1271973537232747,-0.41594047896904646,-0.8515336043340733,-0.8819554493437772,-0.599196796509981,0.041272210202598025,12
-1.0716052918146903,-0.5264880988625946,-0.2991738239773709,2.049116623635038,-0.8650069483782691,-0.6343629223892673,-0.14727773176730707,-0.9019171719960027,-0.5426622808706976,-0.8872043911655008,-0.4826004212521973,0.03640148528889478,0.10908124856777827,12
-0.6651997176555345,-0.8903627993697547,-0.2794251918137183,1.1171273118553346,-0.8645443604292437,0.44175228627390317,-0.24969226282358317,-0.8518549093899422,-0.24034838574235615,-0.600998783878273,-0.8042750595404382,-0.3155738836232664,-0.0012584908417091689,12
-0.5568248978797596,-1.1026230413322646,-0.33867108830467624,1.1038874308584554,-0.7629437120343333,0.43289427308515427,-0.16077831718673016,-0.9269483032990329,0.024493829097149186,-0.46628910654998795,-0.9358561279816642,-0.2196534144111305,0.09491024775630842,12
-0.6110123077676471,-0.49616520715366463,-0.39791698479563425,1.28745229026183,-0.9414808442194895,-0.4802644828050297,-0.0879104515148077,-0.7392148185263062,-0.36728520463915626,-0.4448866344531653,-0.2900104964493714,-0.32985539263222485,0.17012902008383016,12
-0.7735745374313093,-1.0723001496233346,-0.2991738239773709,0.9473622910464587,-0.8536315963050531,0.19662832261130408,-0.1736234591198776,-0.9895261315566085,-0.18636376161859872,-0.6660455128075379,-0.9383061588279498,-0.3692186867928113,0.08132481675824028,12
-0.5297311929358159,-0.7387483408251047,-0.4374142491229396,0.515049906168453,-1.0816684455725587,-1.8679591440430925,-0.10365345825604833,-0.826823778086912,-0.2459330020287184,-0.3172949738648965,-0.46215208688140097,-0.738379037540744,0.15413733805786137,12
-0.3942626682160974,-0.8600399076608247,-0.2991738239773709,0.4676816521444536,-0.8154810959571279,-1.1901534090615633,-0.07005070199067427,-0.7266992528747911,-0.10171587097467032,-0.384570576715585,-0.7610872608818239,-0.5175051545573278,0.18810363856961593,12
-0.7464808324873656,-0.9206856910786847,-0.35841972046832893,1.423215381037534,-1.0794065095875713,-2.2154188687236935,-0.22880551855729836,-0.9519794346020631,-0.2727391602212736,-0.5996978493016903,-0.7534921652575023,-0.4243002360756915,0.021789842054460884,12
-0.31298155338426625,-0.8903627993697547,-0.33867108830467624,1.5685054110719805,-0.7975281681872566,-2.2130392396678102,-0.08714717759221978,-0.7266992528747911,-0.029808351633969592,-0.27366685765794524,-0.7472037527490601,-0.07325882626720073,0.1709008176057555,12
-1.3425423412541273,-0.7084254491161747,-0.37816835263198156,0.5366986324282846,-0.9023828028372713,-0.045598413409643025,-0.21459724098191651,-1.152228485026305,-0.6484721441677359,-1.0854847648658388,-0.529742394108474,-0.569237998425692,0.03730462462270747,12
-1.0716052918146903,-0.5264880988625946,-0.33867108830467624,0.45517916729902513,-0.8851404104410363,0.00771458986910589,-0.058331710213775236,-0.9269483032990329,-0.5426622808706976,-0.8729360764331893,-0.4237996809217392,-0.5842482973882027,0.1998029962157714,12
-1.2341675214783525,-1.1329459330411948,-0.33867108830467624,2.043279614212486,-1.0236423929603504,-2.4733601442927027,-0.09931975592532837,-1.252353010238426,-0.5399630496683598,-1.0013509090278843,-0.9628064673006076,-0.1474080899050501,0.15855342304938438,12
-0.7735745374313093,-1.1026230413322646,-0.4374142491229396,0.6087660566076557,-1.067581102613535,-2.2165026725869263,-0.06954480051779605,-1.0896506567687294,-0.15841877971785845,-0.5469599629270612,-0.8477492494423533,-0.6933422540213942,0.18861023686838727,12
-0.8006682423752531,-0.9813314744965447,-0.35841972046832893,0.41124123132708246,-0.9014812549495528,-1.3771315318394088,-0.048986095124791226,-1.0020416972081236,-0.2727391602228831,-0.643929624973149,-0.8091895331832589,-0.6151296177519733,0.2090797547279728,12
-1.369636046198071,-1.1026230413322646,-0.35841972046832893,1.9473282515653583,-1.0561901755424636,-0.24600120298751518,-0.10324575683699544,-1.3149308384960015,-0.6614284539591293,-1.1083632695234635,-0.920584269034772,-0.21799605025121352,0.15455324322357444,12
-0.6651997176555345,-0.5568109905715246,-0.33867108830467624,1.5466279721852871,-0.8276284019443293,-1.4602989460919027,-0.09851074992523944,-0.7517303841778213,-0.3726878357495609,-0.5518989949464513,-0.4507500202406825,-0.11381857197797007,0.15937663151933146,12
-1.1799801115904651,-1.1026230413322646,-0.4374142491229396,1.832265470769522,-1.0209757693998407,-0.07102116064043427,-0.2153556623128338,-1.277384141541456,-0.5013799212459976,-0.9297349446973354,-0.8477492494423533,-0.21884715982355793,0.036479771300232625,12
-1.1528864066465214,-0.4658423154447346,-0.3189224561410236,0.8168264970057124,-1.1116772065423821,-1.9226376800159546,-0.219446276609043,-0.9269483032990329,-0.5795991289602815,-0.9424941107551484,-0.40190253022409733,-0.6632201506183681,0.03202444190372127,12
-0.6922934225994782,-0.9510085827876147,-0.45716288128659227,1.5694034144968736,-1.1656634785863165,-0.6359402579993232,-0.14120064956672557,-1.0020416972081236,-0.21973607471243892,-0.44488663445600873,-0.6588066397886176,-0.4662273275335817,0.11542454341438031,12
-0.36716896327215365,-0.7084254491161747,-0.2794251918137183,0.37981126750216765,-0.8017648358130522,0.42428971387482967,-0.07479309325732085,-0.6390902933141853,-0.18204499167757732,-0.386344578413,-0.6568408503246222,-0.5394102366016956,0.18334789824464784,12
-0.4484500781039848,-0.5871338822804546,-0.2596765596500656,0.32751723191686627,-1.0923208860161986,-0.06044434840461084,-0.14934078664656178,-0.6140591620111551,-0.27273916021580613,-0.4638431097362843,-0.5824216780530997,-0.8119961425929466,0.10692282135611092,12
-1.0445115868707464,-0.7993941242429646,-0.4374142491229396,0.6869159195511358,-1.164291439790438,-1.4816034257801118,-0.131555865640246,-1.0896506567687294,-0.4886776567411918,-0.8021432841072441,-0.5264182806415597,-0.7559121670981022,0.12544699985142344,12
-0.7464808324873656,-0.9206856910786847,-0.4176656169592869,1.7990543106734302,-0.9009760280403492,-1.6908711660825209,-0.11194784270520773,-0.9895261315566085,-0.2727391602212736,-0.5431794692791423,-0.6823233062438938,-0.09792152188655281,0.1456555111808173,12
-1.1799801115904651,-0.7690712325340346,-0.2596765596500656,0.8700311915743446,-1.1095789423640665,-2.326777744133782,-0.12423939862188282,-1.027072828511154,-0.564256130523911,-0.9756679425084561,-0.7256434812914414,-0.6432103853546454,0.1330135983829197,12
-0.8819493572070842,-1.0116543662054747,-0.4374142491229396,1.194841754059059,-0.8758727170534673,-1.3358627821175637,-0.24539434496673634,-1.1021662224202444,-0.31160808959734065,-0.6490332913991343,-0.7513499588021152,-0.29759946381017416,0.00350795085787198,12
-0.6381060127115908,-0.9813314744965447,-0.35841972046832893,1.930886727613143,-0.8533069846509211,-1.8201961357934315,-0.2226707663540744,-0.9269483032990329,-0.16168507629824136,-0.5112342979587733,-0.8091895331832589,0.004874252368707326,0.028504815212613492,12
-0.6110123077676471,-0.7993941242429646,-0.2794251918137183,1.3507708065997397,-0.9337829266880877,0.07389132114924453,-0.15314955059600066,-0.7892770811323667,-0.25834326045060857,-0.5619707465209507,-0.7305579549325303,-0.2987383492834601,0.10293129675896083,12
-0.8819493572070842,-0.8297170159518947,-0.33867108830467624,1.3817052184987069,-1.0662149985621379,-1.3583054157304923,-0.22498036430291732,-0.9644950002535783,-0.3923358659854177,-0.7231187717393782,-0.6933030741111733,-0.424868326923454,0.025979661888919307,12
-0.4213563731600411,-1.0723001496233346,-0.4374142491229396,1.259958132025806,-0.926959724451756,-1.5380587902885854,-0.11058588203697567,-0.9144327376475178,0.09435628385535108,-0.21522164539282335,-0.8156161525622739,-0.32512331182571297,0.14705094501990248,12
-0.34007525832820995,-1.0419772579144047,-0.33867108830467624,1.8018408050907029,-1.0060373876763216,-0.7939921792653423,-0.233200919216957,-0.8017926467838817,0.11595013350946644,-0.2950693297570611,-0.8819554493437772,-0.21306775835446765,0.016963563483802038,12
-1.2612612264222962,-0.4051965320268746,-0.4374142491229396,0.3884064242342777,-1.029375680046623,0.3238228278108344,-0.13866533794724112,-1.027072828511154,-0.6225595245846255,-1.0062899410513904,-0.10868802120052808,-0.7359309061073153,0.11806444451463322,12
-0.9632304720389154,-0.5264880988625946,-0.4176656169592869,0.42920272597030185,-0.7867877394286008,-1.0672145832070017,-0.22662521179204387,-0.9269483032990329,-0.4994745815658133,-0.739765138929341,-0.2800645378926978,-0.5069797899602616,0.024179178170041702,12
-0.31298155338426625,-1.1329459330411948,-0.4176656169592869,1.9599041986979464,-0.832722361605508,-1.9831883036933786,-0.2169052084177347,-0.8768860406929725,0.28600169950887205,-0.15000812997874471,-0.8989241815099225,0.03919026800038057,0.034793342428983444,12
-0.8548556522631405,-0.9813314744965447,-0.2794251918137183,0.8690563441991036,-0.8216838114481012,-1.8031484882597917,-0.10437947061538846,-0.9770105659050934,-0.3097571881977637,-0.7375969146289013,-0.8779921641483461,-0.3684467622489987,0.15339648330777556,12
-1.1528864066465214,-0.49616520715366463,-0.2991738239773709,0.4862687544774124,-0.7420778360118976,-0.4411077410095057,-0.10937885450356272,-0.9269483032990329,-0.5773875255819941,-0.9475204488994906,-0.4572834358313223,-0.44471699039379214,0.14828675105362552,12
-1.2612612264222962,-1.0116543662054747,-0.45716288128659227,0.6550901865675579,-1.0576172578579348,-1.040233675518636,-0.06333923793120673,-1.2898997071929712,-0.5836905952120651,-1.0022070079126708,-0.72564348129908,-0.6681597428978355,0.19481298742355052,12
-0.6651997176555345,-0.6477796656983147,-0.3189224561410236,1.0465913149361779,-0.9682547147944789,0.4403241735950708,-0.24247812228183896,-0.7767615154808516,-0.3456184027932597,-0.5692885035264396,-0.5585513775156139,-0.4443188905872934,0.00673503619420796,12
-0.9903241769828591,-0.7387483408251047,-0.3189224561410236,1.9792268898097987,-1.0113461235388896,0.6113510069541189,-0.10818160003845127,-0.9644950002535783,-0.4737853466357179,-0.8180922416789121,-0.6368758011613722,-0.15604275985219593,0.1495117288884757,12
-0.34007525832820995,-1.1632688247501248,-0.4176656169592869,1.6058998485282718,-1.0323087390411978,0.39845346598956555,-0.2038234712006243,-0.9019171719960027,0.3232510901539385,-0.17458133868501965,-0.9298671636907838,-0.31093313498576625,0.04898220318435111,12
-0.4484500781039848,-0.4658423154447346,-0.33867108830467624,1.9281627406325392,-1.1636178022642074,-0.019947659309163045,-0.11006811743981038,-0.6140591620111551,-0.3136538227140266,-0.38067921815352457,-0.3698990022838523,-0.3456407026593272,0.14758115639257896,12
-0.9632304720389154,-0.7993941242429646,-0.39791698479563425,1.6173007230106813,-1.1390179988627498,-2.535607960883944,-0.23001104352172694,-1.027072828511154,-0.4454899574367075,-0.7529293578786609,-0.5883892531937851,-0.42176174719629217,0.020467403908398827,12
-0.7735745374313093,-0.4658423154447346,-0.33867108830467624,1.1688307296934835,-0.8276154371558178,-0.8379504531658603,-0.08905860604400516,-0.7642459498293365,-0.4363978102122982,-0.6375088833429149,-0.3698990022838523,-0.2589471364511695,0.16896743181576362,12
-1.0716052918146903,-0.5871338822804546,-0.3189224561410236,0.696639649089321,-0.9916075803094797,0.46813724826498965,-0.10759857269694485,-0.939463868950548,-0.535676035395113,-0.8802931762170303,-0.5063350950851084,-0.5924970883299665,0.15010796057466966,12
-1.3154486363101836,-0.4051965320268746,-0.4176656169592869,0.8140991856447669,-1.0752143017788338,-0.6653901478265417,-0.243289994556024,-1.039588394162669,-0.6419939892718775,-1.059216852110914,-0.15629260916925286,-0.6296244516328049,0.005837190438412267,12
-1.0445115868707464,-0.6781025574072447,-0.4374142491229396,2.009152359188498,-0.8778514102822262,-1.3882882073031835,-0.05910530392429027,-1.039588394162669,-0.5109680821879486,-0.8021432841072441,-0.39788589312124223,0.0066554167999734425,0.19903299512687772,12
-0.2858878484403225,-1.1329459330411948,-0.2596765596500656,1.2399403511072205,-1.0089190390246632,0.018962082690822557,-0.25242905245493796,-0.7642459498293365,0.31029478036702596,-0.3501042580091351,-1.0120870877681245,-0.41570720813054446,-0.004300091370984038,12
-0.36716896327215365,-0.5264880988625946,-0.4374142491229396,1.4373565345320742,-0.8476908465454316,-2.350780213138413,-0.16328865769670822,-0.6641214246172156,-0.2619422353889499,-0.16418498115678676,-0.23722040872084552,-0.1768061856811905,0.09226313189321521,12
-0.34007525832820995,-1.1632688247501248,-0.35841972046832893,0.6523086678568101,-1.0486677206859325,-1.8015564672512334,-0.11739437845615451,-0.8643704750414574,0.3232510901539385,-0.26795953176575144,-0.9762816369605284,-0.6608862726685982,0.14006447736272243,12
-0.7735745374313093,-0.7690712325340346,-0.4374142491229396,0.40617846277761754,-1.1709937825952166,-1.9667513725530952,-0.1931671154648481,-0.9519794346020631,-0.35602972316272874,-0.5469599629270612,-0.49428518376148023,-0.8544375473585063,0.06045983121413803,12
-0.6110123077676471,-0.9206856910786847,-0.39791698479563425,0.8695080767230912,-0.960676592394124,-1.0254415645834682,-0.13424486735358984,-0.9144327376475178,-0.18824148766956586,-0.4448866344531653,-0.7077407558915507,-0.5010953537628118,0.12265820383324366,12
-1.0445115868707464,-0.49616520715366463,-0.35841972046832893,1.0827539598483447,-1.0813640246289846,-2.4852790879632263,-0.23982522371948703,-0.9144327376475178,-0.5353670613934265,-0.8429726154947125,-0.3636105897772067,-0.5432209852890335,0.009665803234715518,12
-0.5839186028237033,-0.5871338822804546,-0.4374142491229396,1.6323248619480966,-0.7676809311048501,-0.25269585006538303,-0.2579297179987543,-0.7892770811323667,-0.32989935047217717,-0.3683316381009331,-0.30148660248100423,-0.016239543798840808,-0.010428696578848597,12
-1.0716052918146903,-0.7993941242429646,-0.35841972046832893,0.41088269996889704,-1.0296862729447533,-0.09658920582178526,-0.24764707297268193,-1.0521039598141841,-0.5030735565093533,-0.8650885033304416,-0.6420974294059894,-0.7283006548225532,0.0010111938410579631,12
-0.8819493572070842,-1.1026230413322646,-0.33867108830467624,1.2107771445609703,-1.1824787724461132,-1.0364590059785614,-0.1767054532375788,-1.0771350911172142,-0.24987508412536222,-0.7231187717393782,-0.9358561279816642,-0.601459862975626,0.07805017667512644,12
-0.31298155338426625,-0.49616520715366463,-0.45716288128659227,1.5237245757977775,-1.162254935591215,0.6252136729049711,-0.09423497676119218,-0.6390902933141853,-0.25172892812059533,-0.073339718818234,-0.1575303284601509,-0.47767099943365426,0.16372134097193794,12
-0.7193871275434219,-0.6174567739893846,-0.2596765596500656,0.7204968147399933,-0.7484337505745996,-1.456021716186336,-0.049230843155874913,-0.7517303841778213,-0.37874533123696436,-0.6534078626148664,-0.6062919785928234,-0.357423265892958,0.20883740735853254,12
-0.7464808324873656,-0.8903627993697547,-0.3189224561410236,0.4949169650013214,-1.1372108525455837,-1.0841323419255544,-0.18493066036435848,-0.9144327376475178,-0.28893454745967617,-0.6314894380645577,-0.767416507237636,-0.7950130166855743,0.06928210332285285,12
-0.8277619473191968,-0.7084254491161747,-0.4176656169592869,0.4333372813070262,-0.8934609379276693,-2.2233925128173313,-0.13767487799656447,-0.939463868950548,-0.40230225813126336,-0.6168990953979668,-0.46572243097786525,-0.5998032989668087,0.11909473263483536,12
-1.28835493136624,-1.0723001496233346,-0.33867108830467624,1.1924887031357176,-1.045663005379833,-0.09972848858462298,-0.22506138545787957,-1.252353010238426,-0.5966469050036024,-1.0441558532261161,-0.9089057886627206,-0.46957613669323367,0.02589101585308039,12
-0.9903241769828591,-1.0723001496233346,-0.35841972046832893,0.8278810394008759,-0.8690424946568585,-1.6519489486665568,-0.14045806617921142,-1.1271973537232747,-0.35911455883333715,-0.7987408398232537,-0.8927355850718935,-0.42924348012172353,0.11619815426433272,12
-0.5297311929358159,-0.5264880988625946,-0.37816835263198156,1.6435346862872904,-0.842818016092584,-0.011550475295403137,-0.10924316447998834,-0.7016681215717608,-0.3267237843462763,-0.39912962513709876,-0.35688849364942826,-0.09299924023796696,0.14842562420517472,12
-0.8548556522631405,-0.4658423154447346,-0.4374142491229396,1.1591427723050234,-1.0199366585378138,-2.5120880835664385,-0.1873012615947865,-0.8643704750414574,-0.46708380708686603,-0.6235149592811161,-0.1729542149606868,-0.45543000501525216,0.06674724003501586,12
-0.7735745374313093,-1.0723001496233346,-0.33867108830467624,1.0169300498456477,-1.0577352038286278,-0.6635802173713782,-0.23802725123784527,-1.0145572628596387,-0.18636376161859872,-0.6375088833429149,-0.9089057886627206,-0.5426760922351801,0.011649438540260522,12
-1.2341675214783525,-0.6477796656983147,-0.2991738239773709,1.3248886093796708,-0.848749423009947,-0.8099602658437215,-0.18375288942880902,-1.027072828511154,-0.6006957518118466,-1.0078365066334805,-0.583868362935698,-0.22073957098622413,0.07054018196956705,12
-1.3154486363101836,-0.8903627993697547,-0.2794251918137183,0.6474640521378264,-0.7491110657555102,0.004257877364687882,-0.15834532148802627,-1.152228485026305,-0.6290376794809159,-1.0693352321661413,-0.8042750595404382,-0.38703603421398386,0.0974721637415644,12
-1.2341675214783525,-1.0419772579144047,-0.45716288128659227,0.34268213258447305,-0.7656461812718042,-0.0363833187402051,-0.13077828182284937,-1.2898997071929712,-0.5591417977132614,-0.9756679425099727,-0.759061902054311,-0.5223806217567378,0.1262526515401257,12
-1.1257927017025777,-0.7387483408251047,-0.2794251918137183,0.7443752797330455,-1.1498548252132723,-0.9590258269241206,-0.04825091010595274,-1.0020416972081236,-0.5408007421083648,-0.932737101415513,-0.6814132185272582,-0.7234505470931707,0.20980753600923666,12
-0.3942626682160974,-0.8297170159518947,-0.4374142491229396,0.9000709797363341,-0.9163671791027018,0.4460677592162683,-0.14976937424769163,-0.8017926467838817,-0.12324327801170619,-0.18970331327480514,-0.558551377521639,-0.44744842279391117,0.10647410184555907,12
-0.8277619473191968,-1.0419772579144047,-0.2596765596500656,1.6910200284238972,-0.9371668384719155,-0.4595018649844263,-0.09931179336529454,-0.9770105659050934,-0.2522818289756579,-0.7292337637662993,-0.9404761861489538,-0.1775247123491088,0.15856152719663705,12
-0.7735745374313093,-0.13229050664650455,-0.5164087777775502,0.5172647335842643,-0.44565517138563915,-3.5649484990851183,-0.56049665056011,-0.7392148185263062,-0.4869148935013721,-0.4448866344596277,0.4667865320024261,-0.16594547020570632,-0.38362087668527695,13
-1.3154486363101836,-0.07164472322864453,-0.6151519385958135,0.05147135480092035,-1.1464416768384835,-0.8154594700463379,-1.1817280761072027,-1.027072828511154,-0.6461857365572808,-1.0303071948111147,1.1123696601914528,-0.9508542770758216,-1.5251093657419847,13
-0.7464808324873656,-0.49616520715366463,-0.4769115134502449,0.6245984525523609,-1.2245304620284192,1.9675595625001792,-1.2649788707271032,-0.8518549093899422,-0.4198107848748657,-0.4725314942515457,-0.10601026313131626,-0.8316591789298826,-1.750627528002834,13
-0.7735745374313093,-0.28390496519115455,-0.4769115134502449,-0.2581467342145302,-0.6807388136015933,-0.5674004479768819,-0.8093105312152897,-0.7767615154808516,-0.4670838070861686,-0.5001763540459769,0.1376657215418378,-0.6935007335867446,-0.7600966004752813,13
-0.6922934225994782,-0.5568109905715246,-0.5559060421048556,0.6491154474551141,-1.2636882650745558,3.1710220275118206,-0.5744463505002424,-0.9019171719960027,-0.3837932441422366,-0.27901747569743846,0.06804401162303858,-0.8598371762948663,-0.40280235542961135,13
-0.3942626682160974,0.0799697353160055,-0.5559060421048556,-0.04026931768126402,-0.9801554665169963,1.2505117248249669,-1.3029086806010388,-0.501419071147519,-0.41155676512124867,0.08589467358601263,0.945277556439083,-0.8468623933510556,-1.863354809243066,13
-1.0716052918146903,-0.25358207348222456,-0.5756546742685082,0.6091492452681627,-1.2184929489780654,-3.4137750023912283,-1.0801067549669714,-0.9644950002535783,-0.5664155154878561,-0.7242452176471575,0.5847103851310406,-0.8310900459780786,-1.28281445882947,13
-0.6110123077676471,0.1102926270249355,-0.6151519385958135,0.9602447942431559,-0.4447386024395011,3.808049375584318,-0.7570595594490723,-0.6265747276626702,-0.4704933622934765,-0.015578223550578633,1.407238078614412,0.03239724115992372,-0.6743719099884412,13
-0.9632304720389154,-0.25358207348222456,-0.4966601456138976,-0.2789116572694782,-0.45141762228250876,0.9753823489322803,-1.0454513095361138,-0.8643704750414574,-0.5318653560437567,-0.6756611162201067,0.24058477096604733,-0.525272332633204,-1.2070003421542759,13
-0.2858878484403225,0.04964684360707549,-0.5954033064321609,0.9414800933594516,-1.3877315953920994,0.8355465562883369,-1.010259074793501,-0.488903505496004,-0.37874533123353793,0.3660292528257234,1.1587841334700757,-0.8880391031520377,-1.1330910650287562,13
-1.2612612264222962,-0.19293629006436455,-0.5559060421048556,0.07175092425178768,-0.2931846877054353,-2.941849826944462,-0.5691270690200845,-1.0145572628596387,-0.6283485140658114,-0.9756679425112996,0.5693203229464925,-0.2384294185248767,-0.39546441440487856,13
-1.1799801115904651,-0.25358207348222456,-0.5164087777775502,-0.021707883989149687,-1.1973503835769743,4.4674373190997,-0.5302908167525372,-0.9770105659050934,-0.6009656749319554,-0.8972570674576977,0.314884619479477,-1.0165447603101385,-0.34276148496101977,13
-0.9632304720389154,0.019323951898145487,-0.6546492029231189,0.8611783311694582,-0.6491799840807813,2.436768160221943,-1.066560557952202,-0.8518549093899422,-0.5534592056959189,-0.4448866344737014,1.6136459714868943,-0.20686646794419328,-1.252805863284605,13
-0.9090430621510279,-0.3142278569000846,-0.5164087777775502,0.8780437837373489,-1.1492604684155683,-1.2550881805652498,-1.1358184654214878,-0.8768860406929725,-0.5077605936410555,-0.5956767787923176,0.23893366321800227,-0.6784707735143357,-1.4116692383037206,13
-0.7464808324873656,0.14061551873386552,-0.5756546742685082,-0.28548811317431566,-0.5943610008954481,-1.5842669633935575,-0.8057766620431632,-0.6516058589657004,-0.5072930443693838,-0.30520734287300544,1.1563412664632997,-0.6381873639463165,-0.7541707598915202,13
-0.7735745374313093,-0.07164472322864453,-0.6349005707594663,0.46410819808699977,-0.45522671605319426,2.8046179151779302,-0.6071233111524469,-0.7892770811323667,-0.4937585625387971,-0.19608289632623943,1.2690185074688591,-0.19816068006175142,-0.44853600774187763,13
-0.8006682423752531,-0.4658423154447346,-0.5559060421048556,0.29408544792682956,-0.35553951643571746,-0.8726075296683924,-0.7509361303844068,-0.9144327376475178,-0.4466264758371541,-0.4117128027096025,0.19336308945390202,-0.18766703385694303,-0.6645829633443543,13
-0.9903241769828591,0.14061551873386552,-0.6151519385958135,0.971951476162135,-0.5173305491195543,-2.408725250616747,-1.2735157595457136,-0.7892770811323667,-0.567606900295806,-0.5619707465370212,1.4563828150182387,-0.0329508360687915,-1.775401689029346,13
-1.0716052918146903,-0.28390496519115455,-0.6151519385958135,0.1430468867637401,-0.7138844073531225,1.9989753545610076,-1.2441062934878155,-1.0020416972081236,-0.564256130522649,-0.6790548586055445,0.7683565053646666,-0.5576666995009941,-1.6914281752338838,13
-0.5839186028237033,0.1102926270249355,-0.5559060421048556,-0.0012857790151341152,-0.9321624678444951,-0.7656166213937906,-0.9112811579670491,-0.5765124650566098,-0.46367425187684597,-0.14632214868527446,0.9870505823827042,-0.7937169358175303,-0.9398974969518601,13
-1.1799801115904651,0.0799697353160055,-0.4966601456138976,0.1427812583055024,-1.4139357974368691,-1.1945030940842936,-0.8728470394598371,-0.826823778086912,-0.6128422922406526,-0.9064355979818971,0.6401528452119861,-1.144756517515428,-0.8700421782353916,13
-0.6651997176555345,-0.10196761493757453,-0.5756546742685082,0.3361255972831679,-0.8901024269400727,-0.5999742243553424,-1.2904414000060183,-0.714183687223276,-0.4593100212106989,-0.2004478741794674,0.8045684164126787,-0.6331978236121213,-1.8255323392755438,13
-0.9090430621510279,0.0799697353160055,-0.6151519385958135,0.45958483049450294,-1.1711278314460332,-0.6628590121908265,-0.6151643263625778,-0.7767615154808516,-0.5434334897856857,-0.4448866344684977,1.3580933422105854,-0.836994621236491,-0.45996700848999744,13
-0.31298155338426625,-0.5264880988625946,-0.5164087777775502,0.7361695811701797,-0.4932248853026184,3.3634788300873133,-1.2636121173442836,-0.6891525559202458,-0.24034838573650777,0.0677998562715183,-0.026894683697158996,-0.11280681386207794,-1.7466920875756222,13
-1.1799801115904651,-0.4051965320268746,-0.6151519385958135,1.1053911588996959,-1.3727513141928391,2.665676616192318,-0.904088547877513,-1.1021662224202444,-0.5934078275537477,-0.8351670080302424,0.5717775597493604,-0.824979241921703,-0.9266206923323923,13
-0.3942626682160974,0.14061551873386552,-0.45716288128659227,0.6012719650638924,-0.5464308121261767,2.4938630432703053,-1.210961378327482,-0.4138101115869133,-0.4201730302534408,-0.15295691502632855,0.5442565073997024,-0.22044562662100606,-1.601180193949034,13
-0.9903241769828591,0.04964684360707549,-0.6546492029231189,0.3396606619574128,-0.7279932214179935,2.043037511856508,-0.5462810586987643,-0.8518549093899422,-0.5624893610051723,-0.48911841014368557,1.669343339410794,-0.4908054054268918,-0.364278018311397,13
-0.8819493572070842,-0.5264880988625946,-0.4966601456138976,-0.31564627535004175,-0.795891264575535,0.9623098228157514,-1.245399846863873,-0.939463868950548,-0.46708380708715014,-0.5891206855594354,-0.08633456250790253,-0.8049979818917959,-1.6950419610061473,13
-0.34007525832820995,-0.4658423154447346,-0.5954033064321609,0.1371378471251801,-0.46248273008452256,-0.22661981778367193,-1.2326601533875239,-0.7266992528747911,-0.27273916021460276,0.29230962670826405,0.3697380878727262,-0.3494771536214653,-1.6597577460642678,13
-1.0716052918146903,-0.010998939810784519,-0.4769115134502449,0.5743539241138864,-0.7057509950370158,1.1947076550907554,-0.7668325014444968,-0.8017926467838817,-0.5807570911058909,-0.8042698117847202,0.4509634161216075,-0.37667586733080405,-0.6901040427315718,13
-0.7735745374313093,0.04964684360707549,-0.4769115134502449,0.5830528437834482,-0.6368470108928844,2.8320079229415307,-0.7085766448618179,-0.6390902933141853,-0.505952736460054,-0.5001763540459769,0.5205851260282229,-0.31049892714636695,-0.5982610750539068,13
-0.4755437830479285,-0.19293629006436455,-0.6151519385958135,-0.1477905550088268,-1.0425768951205647,2.7812617264842854,-0.7197059742248432,-0.6891525559202458,-0.38851894983925667,0.17956196323029372,0.9157907145761462,-0.9349429474014274,-0.6154552086684741,13
-0.4213563731600411,0.1102926270249355,-0.45716288128659227,0.29221855256741397,-1.312729430822502,2.417950920229982,-0.5885162230176368,-0.43884124288994353,-0.4227595893770632,-0.17949598042902673,0.5108380866444714,-1.01416899139231,-0.4223544621830183,13
-0.3942626682160974,-0.3142278569000846,-0.4769115134502449,0.2918979622060219,-1.2502374807419703,-3.8242723435995005,-1.1270388498328334,-0.6140591620111551,-0.3360141615208555,-0.11314831692393996,0.10285486658853003,-0.9603666784415776,-1.3907523577143672,13
-0.7735745374313093,-0.3142278569000846,-0.4769115134502449,-0.03774218418876305,-0.8203943055847833,-2.514784976938311,-1.0422963935033904,-0.7892770811323667,-0.4625641641357397,-0.5001763540459769,0.10285486658853003,-0.7166443107472366,-1.2002516251932822,13
-0.6110123077676471,-0.16261339835543454,-0.6546492029231189,-0.0898728965036093,-0.7290355781943945,3.598794184363971,-1.138689719143195,-0.7642459498293365,-0.43469303260691233,0.13012644923609248,1.2794617639434946,-0.6635551648684173,-1.4185619145546675,13
-1.1528864066465214,0.20126130215172552,-0.5954033064321609,1.1061625652595386,-1.1439589396060632,-3.4391087558227587,-0.9162308901037618,-0.826823778086912,-0.6096032147926923,-0.8134847650536262,1.3908564998222375,-0.5973887164502489,-0.949090338164858,13
-0.5026374879918722,-0.3142278569000846,-0.5164087777775502,1.2608234783026366,-0.7805484266461686,-1.5492244051962971,-0.5794242665432495,-0.6891525559202458,-0.37217130512510815,-0.14330634579424775,0.23893366321800227,-0.17565938348046412,-0.4096960803296963,13
-0.2858878484403225,-0.13229050664650455,-0.6151519385958135,1.0678144454519878,-1.1496325463447499,0.28147573585508845,-0.9080900557926054,-0.5765124650566098,-0.3441310713086617,0.452758224723515,1.0140801873837995,-0.6157692797353135,-0.933995191299156,13
-0.2858878484403225,-0.25358207348222456,-0.5954033064321609,0.9521976269443815,-0.7312431324219859,-1.5614549331400014,-1.3202717488130649,-0.6140591620111551,-0.3159268595181358,0.3660292528257234,0.6946394007657525,-0.2487949412295607,-1.9173642899413426,13
-1.1257927017025777,-0.07164472322864453,-0.5756546742685082,0.2821260913739035,-0.9953695438527214,-1.2646908493046858,-1.0048353249115325,-0.9144327376475178,-0.5928362256508116,-0.7940848634428496,0.8485400226690064,-0.7440285440231339,-1.1219606502427657,13
-0.7735745374313093,0.1709384104427955,-0.4966601456138976,0.3369737172255011,-0.9076471251567162,-2.71108571197406,-1.2186508584602347,-0.6015435963596399,-0.5164934630699821,-0.4737334446785403,0.7491259563699693,-0.648140601281607,-1.6217251832742567,13
-0.6651997176555345,-0.07164472322864453,-0.45716288128659227,0.6219427111693847,-0.8470539914064,1.7098647762336694,-0.8780926532003973,-0.6265747276626702,-0.4632731277351003,-0.41834756905331055,0.31032756211308477,-0.486850959576033,-0.8794209054301061,13
-0.9361367670949716,-0.07164472322864453,-0.5361574099412029,1.0673162170344388,-0.9661380803132236,-3.7963511452114034,-1.285822861300266,-0.8017926467838817,-0.5394867147443422,-0.6028572618568733,0.6349636494341567,-0.4347363864220233,-1.8117165666698447,13
-0.34007525832820995,0.0799697353160055,-0.45716288128659227,0.02463347230525052,-1.172429155582501,1.824471603512273,-0.6557136259346041,-0.4138101115869133,-0.3976750046302553,-0.09987878422093219,0.47741966588924023,-0.9810811412938008,-0.5187226146053366,13
-0.5026374879918722,-0.16261339835543454,-0.5954033064321609,0.16608744988903268,-0.6774646254043937,-0.6151331264780523,-0.7152850510041249,-0.6766369902687307,-0.4023022581280243,0.0711507483558859,0.8338828205770493,-0.5177183895573729,-0.6086058408920412,13
-0.4213563731600411,-0.041321831519714525,-0.6546492029231189,0.6088117505413727,-0.46427742332203126,4.478911702168356,-0.6877262878441729,-0.6265747276626702,-0.3998106600907675,0.4397488789259816,1.5022512356390945,-0.1421525626393394,-0.5664761217927523,13
-0.8548556522631405,-0.5264880988625946,-0.5164087777775502,-0.03345181951076948,-0.580811720021244,-0.3935542378109159,-0.8447471445346453,-0.939463868950548,-0.4562868822609291,-0.5353607210592417,-0.026894683697158996,-0.5209092621579638,-0.820602547592912,13
-0.9090430621510279,0.14061551873386552,-0.45716288128659227,1.0889121008564207,-1.2531651719600831,-0.017947861630112326,-1.2866516136338912,-0.6516058589657004,-0.5475022816536653,-0.6571991576775943,0.5442565073997024,-0.7113563786583224,-1.8141880240306258,13
-1.0716052918146903,-0.4051965320268746,-0.4966601456138976,0.7893747636306384,-0.37892008970477775,-0.8596883143045659,-0.969423229892619,-0.9770105659050934,-0.5545388981792438,-0.7910483571010019,0.058962919036075055,0.01825524422168485,-1.05090388499424,13
-0.4213563731600411,-0.4658423154447346,-0.5756546742685082,-0.05715563700728328,-0.37288597217287917,3.4161568911701057,-1.2876732755506333,-0.7517303841778213,-0.3034251570891706,0.11383053190114661,0.27690914133674727,-0.36331585344268114,-1.8172393560914488,13
-0.5568248978797596,-0.37487364031794457,-0.6546492029231189,-0.1548962807079633,-1.2269749019638452,-0.7552496321363475,-0.935148391955824,-0.826823778086912,-0.37702165365770857,0.21859000057606073,0.889580188476195,-1.0831952226669106,-0.984655523530507,13
-0.3942626682160974,-0.28390496519115455,-0.5361574099412029,-0.09697684050870638,-0.9052567731616616,-2.524454005895734,-1.182560841661356,-0.6390902933141853,-0.3434099408942845,0.029025247726364722,0.3564768098093524,-0.8073468775803899,-1.527233287123729,13
-0.6381060127115908,-0.3142278569000846,-0.4966601456138976,1.2025903355104088,-0.657160780915854,-0.7678672003940358,-1.0650564419914268,-0.7392148185263062,-0.417367734630424,-0.3294993935774213,0.16793603019405834,-0.07393941326785182,-1.249503915137242,13
-0.8277619473191968,-0.25358207348222456,-0.6349005707594663,0.8539895018875907,-0.7576186342845207,-2.382215923474498,-1.0560744220250917,-0.8894016063444876,-0.48867765673863256,-0.27901747570780533,0.9557208128956168,-0.31318860747001254,-1.2299087107586095,13
-1.2070738165344088,-0.5264880988625946,-0.5164087777775502,-0.2765656244824141,-0.5251604695648792,3.1017980366242672,-1.1141108705945424,-1.1021662224202444,-0.5966469050018028,-0.9274150963242357,-0.026894683697158996,-0.5810772868095981,-1.3603801361387973,13
-0.4484500781039848,0.019323951898145487,-0.4769115134502449,1.10529936807707,-1.3442998463482667,-1.8655307803491556,-0.6308430611523008,-0.501419071147519,-0.41669815789585246,-0.16843803651280242,0.4857742710749152,-0.7967368137547506,-0.48246270577724326,13
-1.28835493136624,0.14061551873386552,-0.5361574099412029,-0.0503375166265641,-1.1076655335709071,3.478088181398589,-0.8710099683350869,-0.8768860406929725,-0.6413238353169886,-1.0135808930859778,0.913450489058961,-0.9534296201108459,-0.8667689527385207,13
-0.6381060127115908,0.1709384104427955,-0.5559060421048556,0.47270799670491026,-0.8478588501315348,-2.677544082148894,-1.2276007743003232,-0.5765124650566098,-0.4835536924133578,-0.2126698121913564,1.0705966342699467,-0.544434177198906,-1.6459313363896517,13
-0.7464808324873656,-0.5568109905715246,-0.5954033064321609,0.17275505860410784,-1.0834584035938046,-1.36345232287073,-1.2097359632517193,-0.9519794346020631,-0.406004060927588,-0.26058756917268117,0.23049466806142918,-0.8573765816523712,-1.5979272500295592,13
-1.2612612264222962,0.1709384104427955,-0.5164087777775502,0.7350357561197018,-1.009874648795586,3.1593636498278133,-1.110603631618509,-0.8393393437384271,-0.6350766374338298,-0.9877311540573116,0.8465413133097992,-0.5958211097303433,-1.35222644583717,13
-0.7735745374313093,-0.3445507486090146,-0.5164087777775502,-0.014568110551481054,-0.652119770766393,1.8328362723503786,-1.0009061352267092,-0.826823778086912,-0.45782930009243844,-0.4448866344596277,0.20095818508726482,-0.5708858484637854,-1.1139393025099251,13
-0.5839186028237033,0.019323951898145487,-0.6349005707594663,0.4274626311288043,-0.7561735617413431,2.175789621662388,-1.299704011626404,-0.6641214246172156,-0.45268790731692254,0.09418813150924103,1.4256673547554806,-0.48058561712114,-1.8535579496205348,13
-1.369636046198071,0.04964684360707549,-0.45716288128659227,0.5054027025620558,-1.2496006287477692,-2.514092280532342,-1.0497950056977536,-0.9019171719960027,-0.6614284539591293,-1.1083632695234635,0.4440012451340091,-0.8923132160108433,-1.216332814684814,13
-0.9090430621510279,0.1102926270249355,-0.5559060421048556,0.5709589535283862,-1.1806967241229245,-3.4583058633784023,-0.6786222838823222,-0.7266992528747911,-0.5455035768764115,-0.5444081297217666,0.9870505823827042,-0.8090564188802514,-0.5527686171009399,13
-0.36716896327215365,0.1102926270249355,-0.5559060421048556,1.0833135994274052,-1.197780035266545,1.143513351720501,-0.5944813523630512,-0.47638793984448885,-0.4091213685438024,0.11906850533905367,0.9870505823827042,-0.6582883398102951,-0.43070720330418966,13
-1.2612612264222962,-0.3142278569000846,-0.5954033064321609,0.6742209919967507,-0.46668855815430715,3.0644783318181186,-0.5547910095639953,-1.0896506567687294,-0.6252713103548766,-0.9609240172885448,0.6018104542248878,-0.11542164326661268,-0.3758328042776969,13
-0.4213563731600411,0.04964684360707549,-0.5164087777775502,1.0414785621653535,-0.8470740859749959,2.798599964749497,-0.872573463616322,-0.501419071147519,-0.4140807215742368,-0.052832259194633704,0.6946394007868502,-0.32700750752972685,-0.8695543605239142,13
-0.8548556522631405,-0.07164472322864453,-0.45716288128659227,0.2347609642031909,-1.04416751850761,-3.8049359166776036,-1.0844419567727233,-0.714183687223276,-0.5166226386415695,-0.6041210268721979,0.31032756211308477,-0.8025845101695,-1.2925227910105364,13
-0.7193871275434219,-0.4658423154447346,-0.5164087777775502,-0.2246829449157136,-0.5824738285511811,2.2399994516934263,-1.246577574484086,-0.8518549093899422,-0.41594047896258624,-0.38457057672655176,0.04905627256431555,-0.6032781577771144,-1.6983383702601142,13
-0.36716896327215365,-0.13229050664650455,-0.45716288128659227,0.8490306305939758,0.6456815651727198,-0.06981538125042006,-1.1297083867623279,-0.5139346367990342,-0.3679283750074468,-0.12641784962363037,0.24349072060262253,1.0212235992999246,-1.3970871575093655,14
-1.1528864066465214,0.019323951898145487,-0.5559060421048556,0.5368389023161085,0.41740798923595207,0.7298554020642107,-1.1769034406643275,-0.8768860406929725,-0.6038448548854172,-0.8429726154991356,0.8617315045518409,0.6212567494185555,-1.512852578343997,14
-0.5839186028237033,-0.5264880988625946,-0.45716288128659227,0.5271743518837093,0.7618405290431473,0.8540078016974483,-0.9991056020442909,-0.7767615154808516,-0.34831763399871846,-0.338730372845216,-0.190948749215382,0.9257439833166857,-1.1102752461938845,14
-0.4213563731600411,-0.16261339835543454,-0.6546492029231189,0.29469793784482273,0.7174476070231759,0.6620620375490672,-0.8813472643940446,-0.6766369902687307,-0.3780091772688582,0.4397488789259816,1.2794617639434946,0.738569445782258,-0.8852640865830589,14
-0.6922934225994782,0.1709384104427955,-0.5756546742685082,0.6814823828424054,0.5483300051364335,0.20309834112025615,-1.0830985001250568,-0.6140591620111551,-0.4967296006760076,-0.23536769707731342,1.2003128727196275,0.8269918778355021,-1.2895087298556842,14
-1.1257927017025777,-0.5568109905715246,-0.5559060421048556,0.35530982587975357,0.42672059035430004,0.5742455489685636,-1.1453434595108425,-1.1021662224202444,-0.5614797784250478,-0.8097987837460946,0.06804401162303858,0.523219896836486,-1.4346350385091569,14
-0.36716896327215365,-0.10196761493757453,-0.4966601456138976,0.7973624180029031,0.7639285150167511,0.07882353042567103,-0.8634771073593278,-0.5264502024505493,-0.373798376586363,-0.04103129137518346,0.42220662289601957,1.1007282468742234,-0.8534079385714531,14
-1.2612612264222962,-0.37487364031794457,-0.5559060421048556,0.49993407714721083,0.5534170201132685,0.23067234479159537,-1.201466440895736,-1.0896506567687294,-0.6235075472522732,-0.9756679425112996,0.3186821672847656,0.7215438661139466,-1.5761248351840407,14
-1.0174178819268027,-0.19293629006436455,-0.5559060421048556,0.7114048498098633,0.7392806060411226,0.09695758727562552,-1.0978980431457581,-0.9019171719960027,-0.5539186493058461,-0.6771034567339305,0.5693203229464925,1.022731239032283,-1.3229881542479056,14
-1.2612612264222962,-0.28390496519115455,-0.5756546742685082,0.4622434873768162,0.5411481143115539,0.5848231689465375,-1.0957394757655117,-1.0646195254656992,-0.6260930636185911,-0.9686839779320795,0.5407387788747129,0.6877559991361396,-1.3180668228356178,14
-1.0174178819268027,0.1102926270249355,-0.45716288128659227,0.5301964091661227,0.6615391979335616,0.5086910570082132,-0.9644089948499265,-0.714183687223276,-0.5727800185429334,-0.7633554192883871,0.5108380866444714,0.8373153785492596,-1.0410613662051484,14
-1.2070738165344088,-0.16261339835543454,-0.4769115134502449,0.5965390844743148,0.5899940885148985,0.4151875738678262,-1.000629082508451,-0.9269483032990329,-0.6128422922407971,-0.9424941107568763,0.2769091413550688,0.8135034826281282,-1.1133750278772296,14
-0.9090430621510279,0.14061551873386552,-0.5559060421048556,0.4839777033462078,0.6484854093702714,-0.051826384551735806,-1.1688833758812898,-0.714183687223276,-0.5475022816536653,-0.5444081297217666,1.0288236083263254,0.7968034207556278,-1.4926574708471543,14
-0.8006682423752531,-0.4658423154447346,-0.5361574099412029,0.8175931587656852,0.6725513804839789,0.21737623823236582,-1.199682457629815,-0.9019171719960027,-0.4466264758371541,-0.44488663446106375,0.11777380441666334,1.0271335271306983,-1.5714551998885196,14
-1.2612612264222962,-0.5264880988625946,-0.5164087777775502,0.39359835177470237,0.6582303213570381,0.7021028305123919,-1.0858544151154594,-1.1271973537232747,-0.618240754654245,-0.9877311540573116,-0.026894683697158996,0.7491455679986352,-1.2956970091569775,14
-0.7735745374313093,-0.49616520715366463,-0.5559060421048556,0.3972764497402749,0.6744264326776258,0.1760916696882307,-1.1684635798374958,-0.9144327376475178,-0.4303159009220076,-0.3785389709565614,0.15159006351028098,0.7656838921953535,-1.4916064939314686,14
-0.4755437830479285,0.20126130215172552,-0.6546492029231189,0.6588474751048957,0.457755872530996,0.05345425960245792,-0.8545246401003206,-0.5514813337535796,-0.4476493423975769,0.3512853275860133,1.9478301790302937,0.729798365255647,-0.8376545298298899,14
-0.6381060127115908,0.0799697353160055,-0.5559060421048556,0.71014491361089,0.7023394435365158,-0.06557195890795015,-0.9450236775356053,-0.6140591620111551,-0.47402468733071884,-0.2126698121913564,0.945277556439083,0.9875765513173018,-1.0034988729022742,14
-0.34007525832820995,-0.5264880988625946,-0.5361574099412029,0.4766885619245456,0.6021359395689064,0.11229929372485283,-1.2256279423550829,-0.714183687223276,-0.2511453105627289,0.0922134986846885,0.03820613595243358,0.7509114286130861,-1.6405680497756003,14
-0.9903241769828591,0.1102926270249355,-0.6546492029231189,0.8413581266879976,0.5241167265663739,0.19897366592073773,-1.1528288334099828,-0.826823778086912,-0.5659609081263028,-0.48911841014368557,1.7807380752585937,0.900837409481985,-1.4528870955565734,14
-0.4484500781039848,0.1709384104427955,-0.4966601456138976,0.581890553109022,0.5286360991823762,0.602671528043778,-0.8550411663884536,-0.45135680854145865,-0.43743801349408373,-0.12757172203585482,0.7491259563699693,0.7487390825634156,-0.8385597775958917,14
-0.8277619473191968,-0.4051965320268746,-0.6546492029231189,0.7816246197402805,0.7454720158663221,0.9434626097742322,-1.0632092352599283,-0.9644950002535783,-0.4670838070866103,-0.22372775612378076,0.8338828205522949,1.073269588834386,-1.2454569054131717,14
-0.8548556522631405,0.04964684360707549,-0.5559060421048556,0.35891657509765956,0.7333429472006548,0.9251185942452161,-0.8868720351046312,-0.7266992528747911,-0.5271539706644733,-0.47806046621568454,0.9035045304954621,0.7931136928631982,-0.8952258340978344,14
-0.4484500781039848,-0.25358207348222456,-0.5361574099412029,0.508064772711886,0.4997817385619939,-0.23534368632548364,-1.2094179036495825,-0.6516058589657004,-0.3677520986842848,-0.03416300323195907,0.3962606440414676,0.678347250560651,-1.5970838824591684,14
-0.4484500781039848,-0.5568109905715246,-0.5361574099412029,0.5588052362787965,0.5029310122932968,0.27773573073098534,-0.8240201111939958,-0.7767615154808516,-0.2838445686081552,-0.03416300323195907,-0.0015776982796813933,0.7115473674564302,-0.7849704769622433,14
-1.1257927017025777,-0.16261339835543454,-0.5559060421048556,0.7996630175919638,0.575059061876299,-0.11878529843671759,-0.8620886792005102,-0.939463868950548,-0.588549211381631,-0.8097987837460946,0.6110933488901137,0.923843105522411,-0.8509558764767272,14
-1.2070738165344088,-0.49616520715366463,-0.6151519385958135,0.48795660143749625,0.3984176843042017,0.3763615268785868,-1.1887855452587537,-1.152228485026305,-0.5983977576762779,-0.8741950453864169,0.4243433505378808,0.5756892138994057,-1.5431874327263682,14
-1.1257927017025777,-0.16261339835543454,-0.5164087777775502,0.42557579343787927,0.7016573495609766,-0.08601335253744283,-0.9819755896344436,-0.9144327376475178,-0.588549211381631,-0.8369410097246216,0.42881105387168866,0.8074803315354552,-1.0757772575437732,14
-0.5297311929358159,-0.010998939810784519,-0.6349005707594663,0.6174233434997594,0.6440154802292017,-0.022582679632246923,-0.9994862783332998,-0.6516058589657004,-0.4340818859181847,0.17712271089080678,1.3734510723266067,0.8757267187164384,-1.111049306355309,14
-1.3425423412541273,0.1709384104427955,-0.4966601456138976,0.36587660681603157,0.7051029386597801,0.9239520362292948,-1.0861492724389965,-0.8643704750414574,-0.6548404998278045,-1.0795164593032398,0.7491259563699693,0.7728443356572195,-1.2963603358557194,14
-1.1799801115904651,0.20126130215172552,-0.45716288128659227,0.525238908710271,0.5066963983106834,-0.09284945142084487,-0.862916143903859,-0.7517303841778213,-0.6160813696884969,-0.9225898117045763,0.6110933489101646,0.694843311563201,-0.8524168427767578,14
-0.8548556522631405,-0.5568109905715246,-0.4769115134502449,0.29511724037686066,0.5463452024004679,0.5348260686832313,-0.989045824980449,-0.9269483032990329,-0.45042569449829084,-0.5831109334292706,-0.17563197303793174,0.5911673182939181,-1.0899373857275287,14
-0.7193871275434219,-0.010998939810784519,-0.6151519385958135,0.6593983405321568,0.7905601570367022,-0.06230456048559542,-0.8336317102947822,-0.7266992528747911,-0.48541820773388183,-0.17169037297527648,1.2106591329991057,1.0368849804277256,-0.8014078415517022,14
-0.8548556522631405,-0.4355194237358046,-0.6151519385958135,0.7238611923351599,0.46359946949016057,0.5436769349694267,-1.0735902905466062,-0.9644950002535783,-0.472067003160386,-0.3668305597561488,0.5226328233455337,0.7736903524817197,-1.2683173744130267,14
-0.6381060127115908,-0.4051965320268746,-0.4769115134502449,0.4393043820482388,0.8317796588672628,0.7670862655728189,-0.9212224841472566,-0.7642459498293365,-0.39906318068122865,-0.36195205507382083,-0.0015776982713930144,0.9314622496046887,-0.9584078301035226,14
-0.4755437830479285,-0.49616520715366463,-0.5756546742685082,0.45639454534484963,0.6771512176325731,0.9223896561267195,-1.0916381343716142,-0.7892770811323667,-0.31475962440344674,0.043990886105454576,0.23293753508041964,0.8051293520696577,-1.3087523775037802,14
-0.6922934225994782,-0.4051965320268746,-0.5361574099412029,0.418174045792497,0.43386311868315713,-0.28507371860105163,-1.0790222748924434,-0.826823778086912,-0.4184976453684806,-0.3185101325444162,0.1973414728808931,0.5663852725510105,-1.280393868829968,14
-0.9903241769828591,-0.49616520715366463,-0.6546492029231189,0.4634207841816377,0.5613113116455528,0.14458107454659072,-0.9923754716227445,-1.0771350911172142,-0.5143568292991427,-0.48911841014368557,0.6667907167805954,0.7064164922253015,-1.0966439953371596,14
-1.1528864066465214,-0.25358207348222456,-0.5954033064321609,0.45709845670987553,0.626216982956845,0.6998930004881938,-1.0958543422140503,-1.0145572628596387,-0.5923281350709306,-0.8134847650536262,0.6946394007657525,0.7602827183927352,-1.3183283751602262,14
-0.6110123077676471,-0.25358207348222456,-0.4966601456138976,0.7968178181338379,0.3961095557005309,0.025562222644603526,-0.8499428475417108,-0.7016681215717608,-0.4195773378504339,-0.3006525833571975,0.24058477096604733,0.753197726909789,-0.829644125186173,14
-1.3154486363101836,-0.19293629006436455,-0.6546492029231189,0.8399555166969371,0.651855986174108,-0.08791382765679746,-0.8198922358805302,-1.1021662224202444,-0.6448884840124703,-1.0198997181834952,1.2237643960195945,1.021453215248473,-0.7779561259378014,14
-1.0716052918146903,-0.22325918177329457,-0.4769115134502449,0.4022753696443649,0.8232594521628548,-0.013218593368937284,-0.8542598792917817,-0.8894016063444876,-0.5684810141502302,-0.8042698117847202,0.20728743144845327,0.8998331791955996,-0.8371906915073534,14
-0.6922934225994782,-0.16261339835543454,-0.5361574099412029,0.5573923430292337,0.5394792560767661,-0.2607982766904601,-0.9265288008740018,-0.7266992528747911,-0.4589861134660784,-0.3185101325444162,0.515612146737812,0.7437889246236521,-0.9683649809653806,14
-1.098698996758634,0.1709384104427955,-0.6546492029231189,0.8324106211945341,0.8006964894574867,-0.18801078073937832,-0.811649045245212,-0.8518549093899422,-0.5955489126458806,-0.6660455128236222,1.8921328111063938,1.1580988711468292,-0.7640285396777288,14
-1.2341675214783525,-0.25358207348222456,-0.5361574099412029,0.5425416367969678,0.7425445124395184,0.022803080139198427,-1.0994880131974674,-1.0145572628596387,-0.6182407546540051,-0.9503926421276541,0.3962606440414676,0.9181617149031616,-1.3266216021353041,14
-0.5026374879918722,0.0799697353160055,-0.5361574099412029,0.34945422323548,0.7720496207124514,0.3015041677556714,-0.8219781186701195,-0.5389657681020644,-0.4393202861032354,-0.09735125419028286,0.833882820594731,0.8208422273484839,-0.7814972388431665,14
-0.9903241769828591,-0.37487364031794457,-0.6151519385958135,0.6939424487526955,0.7638050633463144,0.796759778491525,-1.219627513012375,-1.0020416972081236,-0.528705280485133,-0.5619707465370212,0.6209222961531871,1.0343546335505764,-1.6243511892998035,14
-0.6110123077676471,-0.22325918177329457,-0.6349005707594663,0.6699880978155145,0.6055647190992385,0.25163784288524005,-1.047458411010432,-0.7767615154808516,-0.42483497080920424,0.052720841818458083,1.0079370953244906,0.8728806296608084,-1.211306717339081,14
-0.5297311929358159,-0.4051965320268746,-0.5164087777775502,0.7491509861634954,0.6594644804492469,-0.1343649101510529,-0.9119659297580897,-0.7392148185263062,-0.36019425130672483,-0.1734643746607857,0.12500722882579027,0.9720398121749677,-0.941166539404566,14
-0.7193871275434219,-0.28390496519115455,-0.6151519385958135,0.8381956592735506,0.38426312598363,0.25447166470659804,-0.960923084309196,-0.8393393437384271,-0.4494161119158994,-0.17169037297527648,0.7683565053646666,0.7659940915183092,-1.0342498131098001,14
-0.5297311929358159,0.14061551873386552,-0.6546492029231189,0.2951095644754893,0.6058712780783153,0.8427545138104406,-0.9452476787944767,-0.6015435963596399,-0.453680727990342,0.262821776246045,1.8364354431824939,0.642535773743977,-1.0039285506180886,14
-0.7735745374313093,0.019323951898145487,-0.5559060421048556,0.5817673890641931,0.546133190505119,0.2847712269032722,-1.1365821166242969,-0.7016681215717608,-0.5030735565064208,-0.3785389709565614,0.8617315045518409,0.7645737986288073,-1.4134999173903284,14
-0.2858878484403225,-0.07164472322864453,-0.6151519385958135,0.6013947518320459,0.6577263218302657,0.5054820874221144,-0.9727443829070151,-0.5514813337535796,-0.35657410592216154,0.452758224723515,1.1123696601914528,0.8782770164029702,-1.0574522292521482,14
-0.7464808324873656,0.1709384104427955,-0.45716288128659227,0.43653843637053646,0.7749411904070389,-0.19219297493439408,-0.8512977337963048,-0.5639968994050947,-0.5099055089386573,-0.4979647652614051,0.5776749281549336,0.879310778964076,-0.8320092483089044,14
-1.2612612264222962,0.1709384104427955,-0.45716288128659227,0.4086651644571566,0.46996826977134937,-0.313204831727037,-0.8888966308789814,-0.8017926467838817,-0.6350766374338298,-1.0022070079126708,0.5776749281549336,0.5926197246029776,-0.8988899857147219,14
-0.5297311929358159,-0.49616520715366463,-0.5361574099412029,0.3205876154144788,0.6704087638621049,0.3152527934386364,-1.2039349708221458,-0.7892770811323667,-0.33576985649773056,-0.12894537966944483,0.07798997018454837,0.7141731806835203,-1.5826059659284664,14
-0.5839186028237033,-0.25358207348222456,-0.6349005707594663,0.5571430382068507,0.7382061805292327,0.14720535125286832,-1.0982261879414157,-0.7767615154808516,-0.41093979798940894,0.09418813150924103,0.9557208128956168,0.9235388806340218,-1.3237374514002695,14
-0.5568248978797596,-0.49616520715366463,-0.45716288128659227,0.8444375616294523,0.3891993948565533,0.8407657828450559,-0.8857375301843566,-0.7517303841778213,-0.34627497254487244,-0.31219130744251783,-0.1575303284601509,0.7743084148201564,-0.8931757817448227,14
-0.5026374879918722,0.1102926270249355,-0.5164087777775502,0.6071470577027184,0.7198332336857199,0.3876332907364647,-1.0719212094006774,-0.5139346367990342,-0.44321692062695467,-0.14330634579424775,0.7705903570483247,0.9385877145728606,-1.2646225557110249,14
-0.8006682423752531,-0.4355194237358046,-0.5559060421048556,0.4993961201130168,0.4779030707642785,0.7693609230434955,-1.032047124582081,-0.9019171719960027,-0.4521342188657814,-0.4117128027096025,0.23513611539752322,0.6535600606324005,-1.178497127040045,14
-0.9090430621510279,-0.041321831519714525,-0.6151519385958135,0.44785024985422434,0.6725308645080915,-0.13507113526876396,-1.070500038123401,-0.826823778086912,-0.5343569540802107,-0.4448866344684977,1.161514396595279,0.7956734218163715,-1.2614823881252042,14
-0.4484500781039848,0.20126130215172552,-0.45716288128659227,0.823277671375687,0.6149172748402724,0.4192190743947094,-1.1408481998927686,-0.4138101115869133,-0.4411711875017723,-0.2060350458317249,0.6110933489101646,0.9760455868574406,-1.4237606328193877,14
-0.7735745374313093,0.0799697353160055,-0.6151519385958135,0.8419860908755074,0.7118922867954021,0.5444826803821128,-1.0685328759373145,-0.714183687223276,-0.5087290885582022,-0.24974644768762538,1.3580933422105854,1.0798223439160481,-1.2571446722260866,14
-0.3942626682160974,-0.3142278569000846,-0.5361574099412029,0.542596981902609,0.6010032434920336,0.8671374267835531,-0.9196927801064257,-0.6516058589657004,-0.3360141615208555,0.029025247726364722,0.31669297557723763,0.7903963463293738,-0.9555473946413685,14
-0.4755437830479285,0.1102926270249355,-0.6151519385958135,0.4503848775232061,0.7743490911483978,0.40667897442507295,-0.831090665399117,-0.5639968994050947,-0.4363978102103242,0.17956196323029372,1.407238078614412,0.8876806763783902,-0.7970479040963641,14
-0.7193871275434219,-0.3445507486090146,-0.4966601456138976,0.5152431824415828,0.4886789485019869,-0.05353799792463372,-1.0820023503892784,-0.7892770811323667,-0.4393202861045574,-0.41603982423809266,0.13161165980806402,0.6726647239648814,-1.2870531691687197,14
-1.369636046198071,-0.13229050664650455,-0.5954033064321609,0.8034161580611383,0.7392239429338036,0.6728367879683532,-1.1218081223722531,-1.0646195254656992,-0.6614284539591293,-1.1083632695234635,0.8802972938474819,1.081262023976422,-1.378402949623135,14
-1.098698996758634,0.1709384104427955,-0.5164087777775502,0.5911525710563837,0.6969473894322756,0.8868426610174022,-1.210599697633509,-0.7642459498293365,-0.5955489126458806,-0.8067829808580836,0.8465413133097992,0.9076108193002651,-1.6002194887315528,14
-0.5297311929358159,-0.07164472322864453,-0.45716288128659227,0.37918981183113154,0.6329380676038268,0.9399458529492586,-0.9180788026204494,-0.5639968994050947,-0.4251663342304793,-0.2856522420398196,0.31032756211308477,0.7179889107559178,-0.9525342031010592,14
-0.7464808324873656,-0.25358207348222456,-0.4966601456138976,0.6242430421216502,0.6833070073100874,0.6638353275278609,-0.8615606681602944,-0.7642459498293365,-0.462765037155558,-0.44488663445831644,0.24058477096604733,0.9159583433726165,-0.8500242315283092,14
1.8816085470751744,-1.3755290667126348,-0.042441605849886266,0.7783220542865488,0.863821754945652,0.3403557497359893,-1.3667681146891848,0.27454599924641787,5.168910951633406,0.6224453437275901,-1.2487144148565659,1.1825201874259135,-2.070353948019166,15
1.8816085470751744,-0.8600399076608247,0.0365529228047244,0.4816368872486759,1.048333511657169,-0.18386743958803378,-1.4853695587931879,0.5373728779282353,1.204280155989067,0.48398065467027507,-0.9762816369549587,1.1524503152924246,-2.530527807208935,15
0.8249540542613698,-0.8600399076608247,0.016804290641071733,0.840026027929889,0.9780087303660214,-0.5079346245934083,-1.4050407783734733,0.03675025186763075,0.5979248577559033,-0.011595770716999404,-0.9677565296194439,1.3316214896518022,-2.2066263408201348,15
1.2855470383084129,-0.9510085827876147,-0.022692973686233596,0.6827343626515878,0.9180008554186719,-0.1655278763337543,-1.3582082823920103,0.1869370396858121,1.0700056726878968,0.275056097238834,-1.0029452705372925,1.1698832613480434,-2.041213644259678,15
1.2042659234765818,-1.4058519584215647,-0.06219023801353893,0.3326043753049634,0.8679001715540952,-0.5658256144289154,-1.4262905004278632,-0.06337427334449015,4.613640531958967,0.29230962675495314,-1.26405137124216,0.8933264237824888,-2.2869009052594325,15
1.6919526124675686,-0.7690712325340346,-0.0029443415225809313,0.6441389547728898,0.943746456261011,-0.38637156455672916,-1.4381597978784626,0.4622794840191446,0.9072104814951097,0.45357130889444036,-0.906659927047241,1.167865162695061,-2.3333175437655402,15
1.5022966778599627,-1.1329459330411948,0.11554745145933507,0.6605176335171716,0.908116655293417,0.15042413135204094,-1.4326426637709024,0.2995771305494481,1.9136381170051822,0.19401679193322124,-1.1464680389522282,1.145985278658517,-2.3115957710595683,15
1.2042659234765818,-1.1329459330411948,-0.042441605849886266,0.2884848369088638,0.8384049470342722,0.35826964321564136,-1.4379998427125682,0.06178138317066098,1.6464142275654896,0.26186021596695397,-1.1034169333094295,0.8388966881142325,-2.332684141659838,15
1.8003274322433434,-0.8600399076608247,0.11554745145933507,0.60571983781583,0.9447032242280938,-0.41200497611012415,-1.3531816466052657,0.5498884435797504,1.1576374407403622,0.32916943982023583,-1.007224619135774,1.1430110182981412,-2.0243147614933905,15
1.177172218532638,-1.4664977418394247,0.13529608362298773,0.5865014903709727,0.9169602202123581,-0.49601535524124984,-1.3937333720181342,0.02423468621611564,6.645930267168796,0.025578615889290772,-1.3180609401401564,1.1048922313637295,-2.1653011235021213,15
1.0417036938129194,-1.3452061750037048,-0.022692973686233596,0.7615297578388819,0.866576786431424,0.2570593526320043,-1.3597265568259136,-0.08840540464752038,3.18227678385526,0.14800737988311288,-1.2340300949128982,1.1740761372622188,-2.0463486528436317,15
1.746140022355456,-1.0723001496233346,0.0957988192956824,0.7020658851980854,1.020548027719828,-0.5906206917278831,-1.4813428457201745,0.4247327870645992,1.821864256002735,0.3312558443325684,-1.110270588098574,1.2779761690739195,-2.512854653173939,15
1.3939218580841877,-0.8600399076608247,0.0365529228047244,0.5113114636874678,0.962885317146836,-0.47794774649162713,-1.5124631532763388,0.31209269620096325,0.9244238644968377,0.24512906604121437,-0.9762816369549587,1.096100228808679,-2.6540861527881563,15
0.9875162839250321,-1.1935917164590548,-0.0029443415225809313,0.8051485513227473,0.94824934996501,0.17647961338103788,-1.3532110797404249,-0.03834314204145992,1.7539978713443187,0.0941881315593474,-1.1503359117254717,1.279943218853527,-2.0244132599404825,15
1.6377652025796812,-1.1632688247501248,0.11554745145933507,0.41275124072868374,0.9627708974296962,-0.35591043971353425,-1.4814861326713835,0.34963939315550857,2.214872319634306,0.255449813700046,-1.1619395300429454,1.0296934171690013,-2.513480622747697,15
0.8791414641492572,-1.2845603915858448,0.0957988192956824,0.775239936927682,0.9630371351886987,-0.39490037823146257,-1.4832472088581825,-0.06337427334449015,2.2714089441055836,-0.06933382213171888,-1.220614430217235,1.2737995530433623,-2.5211916377972208,15
1.1500785135886944,-1.0116543662054747,0.0365529228047244,0.8522045288991149,0.9770552586306006,-0.02673610528280288,-1.4398802637533081,0.13687477707975165,1.145976761910112,0.12570327172668386,-1.0598276888447073,1.3389357122080052,-2.34014423656597,15
1.8003274322433434,-1.0419772579144047,0.13529608362298773,0.6294941072871791,0.9120722927758961,-0.449407928760966,-1.4250392004345918,0.4873106153221748,1.7320793021941785,0.30303248146900746,-1.1053982626022274,1.1290152212043192,-2.2820752728967144,15
1.0417036938129194,-0.8600399076608247,0.0365529228047244,0.28293608069347,0.892461202789148,-0.12091148126850301,-1.4265339808483637,0.14939034273126678,0.7223054317524499,0.0726251409202259,-0.9762816369549587,0.8818215100809293,-2.287841363873448,15
1.7190463174115123,-0.7084254491161747,0.05630155496837707,0.717584495588456,0.8350963665210803,-0.5173533142261435,-1.411000545899017,0.5373728779282353,0.8155908622597063,0.3747021500693255,-0.9025645323461641,1.115882133306003,-2.2287881495253767,15
1.5022966778599627,-0.9813314744965447,0.07605018713202973,0.6477982797671206,1.0471455069964153,-0.23646128870510136,-1.4637563520884571,0.33712382750399345,1.3005270287095418,0.24410833275751498,-1.0566143791563807,1.2654299770892712,-2.4376038436832337,15
1.6377652025796812,-1.4664977418394247,0.07605018713202973,0.8430576494723235,1.01332439645778,-0.43099013729481916,-1.5008137417636476,0.19945260533732723,7.967473865670655,0.30790416305378754,-1.313679154201959,1.3672657633019383,-2.5999366873579173,15
1.4481092679720753,-0.8600399076608247,0.13529608362298773,0.8287686430263047,0.848521715015037,-0.4467493417528766,-1.4701005068261674,0.399701655761569,0.9555190079959742,0.14621073135873275,-1.0142571150859723,1.2011320920049455,-2.46439518383834,15
0.9333288740371446,-1.3452061750037048,0.0957988192956824,0.5115852500130919,0.9607999885550341,-0.028196172241139288,-1.3591025888475137,-0.06337427334449015,3.0095259866501194,-0.04429696797770086,-1.2521412422511382,1.094411951857918,-2.0442365685591257,15
1.0687973987568633,-1.1632688247501248,0.07605018713202973,0.28306232813563353,0.8940480905667795,-0.027680983957950822,-1.4524502428272497,0.06178138317066098,1.6707073084139261,0.039961675809442786,-1.1530136697984725,0.8832714686084356,-2.390807409886122,15
1.2855470383084129,-0.8297170159518947,0.07605018713202973,0.3402864375451492,0.8632924107803368,-0.4127745475983077,-1.3608389660106386,0.2995771305494481,0.8036311916755225,0.14203500428347904,-0.9762816369546374,0.8943666852596859,-2.0501201179893997,15
1.746140022355456,-1.2542374998769148,0.07605018713202973,0.3750403886329502,1.0548843217011408,0.2792501141487367,-1.5004885942800787,0.33712382750399345,3.0635106108801966,0.35894082729080573,-1.2012133151195186,1.0850080655149572,-2.598448017118135,15
1.0687973987568633,-0.9206856910786847,0.11554745145933507,0.5811800621177822,0.8525164391469741,-0.4012335729743111,-1.3867782076855342,0.1869370396858121,0.8595296519716104,-0.002568877720617978,-1.0381676013172083,1.0427632619659268,-2.140336996798586,15
1.2042659234765818,-0.9206856910786847,-0.06219023801353893,0.4361398801051224,0.8574249360214429,-0.2627053248923436,-1.4973549491715392,0.13687477707975165,0.9440273245233181,0.29230962675495314,-0.9669987423014911,0.9521158824832373,-2.584162397686669,15
0.9875162839250321,-0.9813314744965447,0.07605018713202973,0.3425881097061214,1.0247392507473452,-0.5193001007570982,-1.3877508599369794,0.09932808012520632,0.9488557629481761,0.0016841776316792914,-1.0566143791563807,1.0364478651772278,-2.1438077596648166,15
1.2855470383084129,-1.4058519584215647,-0.06219023801353893,0.429695265608656,0.9447416967370743,-0.40290856913381273,-1.3942702543304648,-0.02582757638994481,4.780221657830064,0.3365414024269033,-1.26405137124216,1.025141215528382,-2.1672423541717385,15
0.7978603493174261,-1.0723001496233346,0.07605018713202973,0.4458048374432557,0.8835498901337755,0.019798853156443,-1.4452685483845136,-0.02582757638994481,1.0660795181882545,-0.0876299847831024,-1.1048140244774265,0.9816349095206898,-2.361690505868701,15
1.746140022355456,-1.1026230413322646,0.13529608362298773,0.38755309352822376,1.0169933947670526,0.3968314279902773,-1.3719154317353999,0.43724835271611434,1.9679402977566047,0.278906058375119,-1.1357786451076457,1.0603457218287822,-2.088102564319687,15
1.3126407432523566,-1.4361748501304947,-0.042441605849886266,0.5922863585767209,1.0216544078547833,-0.09447540276930771,-1.3554772637102595,-0.013312010738429698,5.751944891925436,0.31955383640865564,-1.28503878524335,1.2041101809327497,-2.0320130084926316,15
1.2313596284205255,-1.2239146081679848,0.13529608362298773,0.7725849342958928,1.037471291698599,0.298357549401714,-1.4983502624418752,0.14939034273126678,2.2088924843167304,0.04970503898317925,-1.1965394101184825,1.3419804999465041,-2.5886877707253273,15
1.5293903828039064,-1.2542374998769148,-0.042441605849886266,0.7814484631370392,0.9945267892200167,0.11668104029524552,-1.381258182188263,0.16190590838278188,2.8043844150652864,0.4349410772920593,-1.1760656740829978,1.3076213126522447,-2.1207630761208844,15
1.827421137187287,-1.0723001496233346,0.07605018713202973,0.4806212683139377,0.8692998008467803,0.120647911110928,-1.5051428850642004,0.44976391836762947,1.8866458049582615,0.3972183254685693,-1.1048140244774265,0.9918879480536447,-2.6198734586511097,15
0.9875162839250321,-1.4361748501304947,-0.06219023801353893,0.8317963239039851,0.8674473280871131,-0.08879737608588406,-1.467291000208652,-0.17601436420812616,4.974566304545489,0.1743582249630866,-1.2826171605509515,1.22108358065362,-2.4524823380698346,15
1.8545148421312307,-1.4664977418394247,0.13529608362298773,0.8043742788453313,1.0251849590431057,-0.38864944136452395,-1.394542845933056,0.33712382750399345,8.589376735553882,0.32715890456289565,-1.3180609401401564,1.3521368063123156,-2.168228763529028,15
1.3939218580841877,-1.2845603915858448,-0.06219023801353893,0.6746397434283042,0.9723929736835496,-0.14738054924954416,-1.443378821462316,0.07429694882217609,2.942781360530036,0.3955171033228367,-1.1897882140069926,1.2147655015208942,-2.3541051521496676,15
1.3397344481963003,-1.1935917164590548,0.016804290641071733,0.7649404555285301,0.8802813356758487,-0.1337923514969249,-1.4094694364757132,0.13687477707975165,2.114923644090811,0.24567067962031927,-1.1553088910045177,1.1891829440498203,-2.223068999703629,15
1.3939218580841877,-1.2845603915858448,-0.022692973686233596,0.46844844624755383,0.9569486934048764,0.04578529843305873,-1.3889766087956295,0.09932808012520632,2.942781360530036,0.331522193841377,-1.1984785834704974,1.0619749882027916,-2.1481910351176827,15
1.8003274322433434,-0.8600399076608247,0.0957988192956824,0.6918071852347836,0.9274397713510276,-0.0717956716334214,-1.4367488513865685,0.5373728779282353,1.1576374407403622,0.3562926984865861,-0.999926745979913,1.1846709059976215,-2.327737906691,15
0.7978603493174261,-1.0723001496233346,0.05630155496837707,0.48148467882562634,0.9136095964597435,0.3057441807800695,-1.5050775347792003,-0.03834314204145992,1.0660795181882545,-0.06761560665133075,-1.0991434779691793,1.032027630040141,-2.61957088766597,15
1.6106714976357375,-1.1632688247501248,-0.0029443415225809313,0.5850664661901269,0.9607095697352761,-0.3320309465435637,-1.3807207154828838,0.2620304335949028,2.188959700052383,0.41210401920192963,-1.132930484248455,1.1437391147473446,-2.118868341680815,15
0.9062351690932009,-0.7387483408251047,0.016804290641071733,0.8547485213257915,1.0074973498431978,-0.28181773454458486,-1.5119136383555076,0.12435921142823654,0.46443018998133895,0.02902524775731415,-0.8995556709339627,1.3696712635255066,-2.6514956130569893,15
0.9062351690932009,-1.0723001496233346,-0.042441605849886266,0.29072748798569215,0.9857804489833734,0.4026695530452481,-1.4221636812442207,-0.050858707692975035,1.1524549167956237,0.10320275975227397,-1.0670925629226453,0.9674466066294087,-2.2710337297295418,15
1.4481092679720753,-0.8600399076608247,0.05630155496837707,0.6611962199384297,1.006482450582198,0.0006503432457849044,-1.454200562432812,0.34963939315550857,0.9555190079959742,0.24460869221030895,-0.9844724263557538,1.2371325405326006,-2.3979743885588682,15
1.8816085470751744,-1.1329459330411948,0.05630155496837707,0.47066242627229693,0.9057179910619968,0.10023994508262238,-1.4592076560868925,0.43724835271611434,2.2537412490193365,0.4527582247847356,-1.1319066355730154,1.0177989490684396,-2.4186328093791056,15
1.3397344481963003,-1.1026230413322646,-0.0029443415225809313,0.8121655419428038,1.0250239859502943,-0.13140922265584598,-1.4002868051682327,0.16190590838278188,1.6249791562284654,0.27387972022689394,-1.0981196292944222,1.357304227763194,-2.189138391987312,15
1.55648408774785,-0.9510085827876147,-0.022692973686233596,0.5766235317079608,0.9095590201375037,-0.39851605051409,-1.4256688035926752,0.31209269620096325,1.246682624386573,0.4162213387451909,-1.0029452705372925,1.0915967070178278,-2.2845017472698608,15
1.3126407432523566,-1.2542374998769148,0.07605018713202973,0.6085491521481637,1.0254761946107693,-0.6029669439203132,-1.4786469894458252,0.13687477707975165,2.545258219250377,0.15479417034273343,-1.2012133151195186,1.2186963211181103,-2.5011170703585694,15
0.8791414641492572,-1.1632688247501248,0.016804290641071733,0.6539755927511902,0.8945600339354829,-0.04067390417759863,-1.4607621965592923,-0.06337427334449015,1.4893189713404662,0.015484908265876202,-1.1382586763331473,1.1291579909653606,-2.425094209514037,15
0.9333288740371446,-0.9813314744965447,-0.022692973686233596,0.8408858928309338,0.8593269865852325,-0.3653705271008146,-1.433527443036338,0.011719120564600527,0.9118377349732956,0.0915412832805702,-1.0207210262584931,1.219336331448591,-2.3150620027205457,15
1.2042659234765818,-0.7993941242429646,0.13529608362298773,0.5641139102100218,0.8864577073706915,-0.39943256645443526,-1.5028866010147242,0.31209269620096325,0.7061820240162089,0.037641827436235016,-0.9838767325805536,1.0623496546681133,-2.6094556760556533,15
1.6377652025796812,-1.4664977418394247,0.0365529228047244,0.3905617327977671,0.91270396343716,-0.0899354434206446,-1.430880176741714,0.174421474034297,7.967473865670655,0.3645548603557447,-1.3104658445139536,0.970786212935222,-2.3047104735092985,15
1.55648408774785,-0.8297170159518947,0.07605018713202973,0.6340710363160078,1.0236816168334677,-0.3459494061526776,-1.4054783912163595,0.4247327870645992,0.95312707388314,0.26962666487602405,-0.9762816369546374,1.2344766708382309,-2.20824455537355,15
1.6377652025796812,-1.4664977418394247,-0.022692973686233596,0.47738748770669437,0.898153652453877,-0.25205077425949135,-1.497553281907587,0.13687477707975165,7.967473865670655,0.45857091119709803,-1.3051331177977001,1.01551073406572,-2.585063263153324,15
1.2855470383084129,-0.8297170159518947,0.016804290641071733,0.33068257927578004,0.8559115308033539,-0.4385323798755247,-1.4554008229458786,0.2620304335949028,0.8036311916755225,0.2185900006374437,-0.9507063149480737,0.8816476123553681,-2.402905296232083,15
1.366828153140244,-0.8600399076608247,0.07605018713202973,0.6879591211638841,1.0216475750365537,0.3627285763336242,-1.4730614515040377,0.3246082618524783,0.9088762927472696,0.18031250246124253,-0.9923481853949859,1.2693733822196223,-2.4770344761020393,15
1.7732337272993997,-0.8600399076608247,0.0365529228047244,0.7199237235684633,0.9633019272241785,-0.49187523084224727,-1.3605634498948438,0.4873106153221748,1.142089868990794,0.4309025238638171,-0.9762816369549587,1.2368311492048185,-2.049185296935934,15
1.3939218580841877,-0.8903627993697547,0.11554745145933507,0.41621708797218904,0.8741371032505508,0.2959419338175056,-1.4677168995289596,0.34963939315550857,0.9905010444297498,0.1448703745197614,-1.0226961102264913,0.9538009217540967,-2.454283263993256,15
1.8003274322433434,-0.8903627993697547,0.0957988192956824,0.7023992437083364,0.931421218008446,-0.22745213855932853,-1.4953027584338734,0.5248573122767202,1.2334318530163497,0.3562926984865861,-1.0156901519968646,1.195433625355663,-2.574866839158996,15
0.8249540542613698,-0.7084254491161747,-0.0029443415225809313,0.5743204946350374,0.9261573144007237,-0.553726748455871,-1.3394419996576563,0.0868125144736912,0.38803263914372776,0.011253552174325939,-0.8718490720932078,1.1051389598860721,-1.9789029649054144,15
1.2042659234765818,-0.9813314744965447,-0.022692973686233596,0.4572550798626121,0.9919619979677998,-0.04847640386422041,-1.5069801793175328,0.13687477707975165,1.0969278748476985,0.23270652478692694,-1.0207210262584931,1.0855881030120804,-2.628400602766349,15
1.6919526124675686,-1.4361748501304947,0.07605018713202973,0.4240764643241616,0.847931546233082,0.35088781822618226,-1.4240838566640248,0.23699930229187255,6.658886577202042,0.33342249517229666,-1.2976126057616104,0.935814866231065,-2.2783995233568053,15
1.2042659234765818,-0.8297170159518947,-0.06219023801353893,0.8494970946857507,1.0366788433732785,-0.4548558174278083,-1.3704951171190018,0.174421474034297,0.7587824270132373,0.29230962675495314,-0.9113013743751156,1.3938925834673244,-2.0831879514367437,15
1.0146099888689757,-1.1026230413322646,0.07605018713202973,0.8469792311379579,0.8657747400833106,0.22937597291905534,-1.4211319921910688,0.06178138317066098,1.350610243005954,0.014443343690933839,-1.1208805729177753,1.2294720090978453,-2.2670883539807694,15
1.746140022355456,-1.3452061750037048,0.07605018713202973,0.6817857271165936,0.8758387261268985,-0.5817134178993942,-1.3530433784091822,0.2995771305494481,4.305156965688678,0.35894082729080573,-1.2494129604405644,1.1302370559492374,-2.0238521155993565,15
0.8520477592053135,-1.2239146081679848,0.07605018713202973,0.296114113994045,1.0507013435207622,-0.03446798891959176,-1.4003667681914027,-0.06337427334449015,1.790304014151501,-0.0621116526645933,-1.1851467666791697,1.0271298417983223,-2.1894311690151906,15
-0.8006682423752531,-1.1026230413322646,-0.6546492029231189,-0.3226303164819935,0.9014672579570029,1.2749544365650238,0.2734783709810378,-1.2398374445869107,-0.18128285581973436,-0.1794959804537966,-0.44715664169740343,0.4881787665449639,0.5034232557627359,16
-1.1799801115904651,-1.1329459330411948,-0.7731409959050349,-1.3306740570427074,0.9237385192105261,1.7375328980204754,0.20387865855133316,-1.502664323268728,-0.4913768879520521,-0.5923258867299169,0.09125124816761751,-0.1666141679024644,0.44376940792421804,16
-1.2070738165344088,-1.4058519584215647,-0.8126382602323402,0.40797817325969354,1.032914628131374,0.9429596591077327,0.1917497000360801,-1.6528511110869095,-0.32826620221693376,-0.5396690109527108,-0.5585513776088574,1.088294903104308,0.4331722073417189,16
-0.31298155338426625,-0.9813314744965447,-0.7731409959050349,-2.4508762215633206,1.012901175946653,-0.14921583763870808,0.0510676931260509,-1.039588394162669,0.06042309155104216,1.7667021488977248,0.5553959808461552,-0.8756659087923522,0.3055625338131512,16
-0.8548556522631405,-0.8903627993697547,-0.6546492029231189,-1.0126616844588257,0.9992955792442744,0.8628714031694953,0.15243248737562068,-1.1772596163293352,-0.3537160964161028,-0.2679595317937649,-0.0572750662301038,0.09460426795128786,0.39839319547292085,16
-0.5839186028237033,-1.2845603915858448,-0.8521355245596456,-0.49043118355993504,0.9194102615402289,1.5124918714064413,0.01744914805652123,-1.3399619697990317,0.3632978658466139,2.7398012132520684,0.44400124483992726,0.3901663792542872,0.273706798698081,16
-0.6651997176555345,-0.7993941242429646,-0.7533923637413822,0.4844919670101109,0.9629063915547746,-0.5033610890190016,0.19419623396141275,-1.1146817880717597,-0.28713505998693145,0.6166759815484167,0.8617315044390538,1.0780763785601117,0.43531470593828686,16
-1.0716052918146903,-1.1935917164590548,-0.8521355245596456,-2.7877021908781905,1.051790332742859,0.6163068203947865,0.22030256927885883,-1.5276954545717583,-0.35602972317363585,0.35128532739139345,0.9452775560881895,-1.0907378719026635,0.45802224624457244,16
-1.2341675214783525,-1.0723001496233346,-0.6743978350867715,1.4793698439121312,0.9884964010078707,1.2466869959497136,0.28586767832841,-1.4400864950111525,-0.5534592056999178,-0.8714073284353911,-0.3198483721621757,1.774348038509338,0.5138416237988708,16
-0.6381060127115908,-0.7084254491161747,-0.8521355245596456,1.4026873482295406,0.8564857602363728,1.5347075630769345,0.17954612084382596,-1.1271973537232747,-0.31160808959151026,2.474410559267549,3.6187512160789232,1.5849497915203374,0.42244764793651757,16
-1.2341675214783525,-0.8600399076608247,-0.832386892395993,1.0083667206479678,1.0122553724169652,-0.592143343840491,0.06093533263895072,-1.4526020606626677,-0.5836905952112877,-0.5554660737039515,2.0870735984919353,1.478774909751255,0.31480867071428453,16
-1.1257927017025777,-1.3148832832947748,-0.7533923637413822,-0.6441631742681634,0.990187618538501,-0.5933198260995816,-0.035438433760451755,-1.5402110202232735,-0.31160808961483166,-0.5112342979985819,-0.558551377573052,0.3381903894520812,0.22244482623619244,16
-1.0445115868707464,-1.0116543662054747,-0.7533923637413822,-0.23010241374756157,0.9714605094161031,0.07608913843216765,0.1093339950747333,-1.377508666753577,-0.4282148777179369,-0.3121913074902881,0.27690914125759836,0.6039926174918898,0.3594959714995732,16
-0.4755437830479285,-1.2542374998769148,-0.7928896280686876,-0.07026372400228444,0.8459485477313206,0.4559569373277347,0.2530830335656513,-1.2398374445869107,0.40746710377737294,1.6284778498971564,-0.14082111818905657,0.6108137156797946,0.4861425189217684,16
-1.098698996758634,-1.4664977418394247,-0.8521355245596456,-0.8697460185169946,0.8927595663398504,1.7426118423822978,0.17325735459170485,-1.6528511110869095,0.11595013339490536,0.21859000039913362,-0.558551377656598,0.11964466705806567,0.41689646841536343,16
-0.9903241769828591,-1.0419772579144047,-0.6743978350867715,-1.5668153939925735,1.027747435700049,0.29684184257922036,0.08372165115059707,-1.3149308384960015,-0.37502581647069927,-0.44488663447686083,-0.26017262081542436,-0.2654343855212474,0.3359833710017004,16
-0.8277619473191968,-1.3755290667126348,-0.7138950994140769,-0.06265571070461219,1.0549747032321943,1.022196192950033,0.26407225819872454,-1.4025397980566072,0.31029478030629337,-0.0025688777922898425,-0.837038217173986,0.7841333174851512,0.4954737900590415,16
-0.5297311929358159,-0.8297170159518947,-0.7731409959050349,-2.749042786208826,0.9782493840300984,1.4173427693654976,-0.00478754979391378,-1.0771350911172142,-0.19799121911551493,1.1769451399908148,1.0195407135246926,-1.09156468799839,0.25232790307785774,16
-0.2858878484403225,-0.9510085827876147,-0.832386892395993,-0.21335750206520515,0.9177600759613732,0.024220723187361938,0.2277721225243316,-1.0521039598141841,0.04527935283557525,3.3148142970326333,1.6693433391044583,0.5733360139089162,0.46446793702875483,16
-0.8277619473191968,-0.7387483408251047,-0.7533923637413822,0.6830255096301082,0.9789458251717998,1.157994624090043,-0.04866547791583019,-1.1647440506778202,-0.3933668720685416,0.21859000053182895,1.0288236082051836,1.2264848469647849,0.2093971786493041,16
-0.8819493572070842,-1.4664977418394247,-0.7336437315777296,-0.9356402619782944,0.8740734393012001,-0.28160240987286406,-0.018355816882626056,-1.4776331919656978,0.7378530032781331,-0.02267423037744517,-1.0142571151135906,0.06363902224343336,0.23915955026373406,16
-0.8277619473191968,-1.0116543662054747,-0.7533923637413822,-2.7159821239514836,0.9974578692176618,0.655909510816292,0.04725545939976028,-1.277384141541456,-0.27273916022380856,0.21859000053182895,0.27690914125759836,-1.0619853197842157,0.30197788854689067,16
-0.31298155338426625,-0.8903627993697547,-0.6743978350867715,0.975483783358687,0.8725403514873159,0.9302340924934496,0.04745655721945394,-0.939463868950548,-0.029808351633969592,0.7398930709635012,0.03820613591833304,1.320492432626985,0.30216715608217976,16
-0.5026374879918722,-0.8600399076608247,-0.7731409959050349,-3.0142920813875573,1.000718375155726,1.7144216542263369,-0.04218623884126729,-1.0771350911172142,-0.1639061579729435,1.2506647661041783,0.9267117669889849,-1.263259062453644,0.21580013999683925,16
-0.6110123077676471,-1.4058519584215647,-0.7731409959050349,1.7729121342689076,0.9277483084285103,0.33767172466587836,0.22024162023244337,-1.3524775354505467,0.8933287208377834,0.9557862616507232,-0.7442092706537499,1.906142718423058,0.4579695582801313,16
-1.3425423412541273,-0.7084254491161747,-0.7533923637413822,-2.7094760785408005,0.8924516339683531,1.0622462923953278,0.002065511554643838,-1.390024232405092,-0.6484721441677359,-1.0420156060206989,1.1123696600882487,-1.097348948367439,0.25894320850392055,16
-1.3425423412541273,-1.1026230413322646,-0.832386892395993,-2.929197107919467,0.8941355200004836,0.4527841080640646,0.25599162383345814,-1.602788848480849,-0.6385643778572533,-0.9977838303595611,0.9731262401253312,-1.2420927940988398,0.48861691164425397,16
-1.1257927017025777,-1.3755290667126348,-0.6546492029231189,-2.226730193065727,1.0277112018611476,1.9708718584622724,0.12300567115948291,-1.502664323268728,-0.22415299853968915,-0.7102772884936063,-0.948432953012503,-0.7163036718373692,0.3719244976210923,16
-1.2612612264222962,-0.9206856910786847,-0.8521355245596456,-0.5807886214799189,0.9830609046638815,1.3033147726972805,0.12502498846868598,-1.502664323268728,-0.593830315917763,-0.5775819615544246,2.449106489832977,0.37595958339251795,0.3737530825453331,16
-0.9632304720389154,-1.3452061750037048,-0.7336437315777296,-2.778887014684926,1.018333451534913,1.8590685581509976,0.09764626696095437,-1.4651176263141827,-0.013612964439850116,-0.2036224035684483,-0.7104532900815015,-1.0969805355825542,0.3488038029951238,16
-0.7735745374313093,-1.1026230413322646,-0.8521355245596456,-0.29517596192289475,0.8644571724478675,0.6152834627846061,-0.011429851090778502,-1.3524775354505467,-0.15841877971785845,1.8109339243062506,1.4465538673364522,0.4779566552987335,0.24589319196854936,16
-0.4484500781039848,-0.7387483408251047,-0.7928896280686876,1.2369831735614105,0.8837289307272723,-0.024348268274273267,0.034217788803661636,-1.0145572628596387,-0.20572376474513024,1.7114124292735389,1.6345324842816915,1.5039618281018325,0.28966533212744977,16
-1.2070738165344088,-1.2239146081679848,-0.7731409959050349,1.7575948928351244,0.8571790646342465,1.7023912421389351,0.27051230963354156,-1.5527265858747885,-0.48203339531688805,-0.6660455128432808,-0.1872355914395049,1.818387936085305,0.5009202416054245,16
-0.7193871275434219,-0.7993941242429646,-0.7731409959050349,-1.3327963568599757,0.9778222491034786,-0.4036707210256905,0.2899223268815229,-1.152228485026305,-0.3159268595232544,0.6609077571972678,1.1123696600604,-0.13554178078103674,0.517238428823926,16
-0.31298155338426625,-0.7690712325340346,-0.7533923637413822,1.1324142289355785,0.8985543191389299,0.9207324936215313,0.103580562702661,-0.939463868950548,-0.1200397948200556,1.4791956070843568,0.9452775563221185,1.449743022106829,0.3542404060180433,16
-0.36716896327215365,-1.0723001496233346,-0.7138950994140769,-3.031123014127253,0.8405547194933974,1.2040420926937567,0.05881904175513626,-1.0646195254656992,0.1375439831590356,0.9373563551792077,-0.14082111813684028,-1.3270527032596817,0.31282959510374553,16
-0.8819493572070842,-1.1935917164590548,-0.7336437315777296,0.48033665948095045,0.8322316743452906,0.10511510708497018,0.24874458765959126,-1.364993101102062,-0.16168507631013998,-0.02267423037744517,-0.33069850879139,0.9586031142769801,0.48244550611151343,16
-1.369636046198071,-1.2542374998769148,-0.8126382602323402,-1.072951403891192,0.8613603459539204,0.6458959688460499,0.2429561135442691,-1.6653666767384245,-0.6614284539591293,-1.1083632695234635,0.038206135816031786,-0.034939820912149214,0.47750121559695324,16
-1.0445115868707464,-0.7387483408251047,-0.6941464672504243,-0.6242002189590639,0.9005913696401425,1.4239194046688708,0.26468353405553546,-1.2273218789353957,-0.5005915048247767,-0.49592329871457996,0.4697077225692188,0.28765803567230996,0.49599145088837254,16
-0.8277619473191968,-0.9206856910786847,-0.7336437315777296,1.231744258285056,0.8374424945613663,-0.0798236696657094,0.11796787730565164,-1.2273218789353957,-0.3234377637522983,0.09795788508322353,0.3528600975308108,1.4535703567128089,0.3673545788518078,16
-1.0174178819268027,-1.1329459330411948,-0.7928896280686876,1.8021984475771393,0.9722643667373433,0.6208092720751055,-0.05945612357062695,-1.4400864950111525,-0.34561840280312883,-0.030213737630492173,0.2769091412158253,1.9749104660829562,0.1986836981324286,16
-1.2612612264222962,-1.4361748501304947,-0.8126382602323402,-0.5147754232753394,0.8821637472222092,0.30940996021621375,0.16762260260175127,-1.6903978080414548,-0.4023022581658135,-0.7292337638096285,-0.6779028802938353,0.3466760061407183,0.4119082831846472,16
-0.9903241769828591,-0.9510085827876147,-0.7731409959050349,-1.6526688970317673,0.8830660974909756,0.09526413840822723,0.16462368893746865,-1.3399619697990317,-0.4140807215809827,-0.0762885039363702,0.6482249273818627,-0.40353727099600184,0.4092479413108077,16
-0.9361367670949716,-1.4058519584215647,-0.7928896280686876,-0.5578709893175304,0.8593132508639791,-0.0633563919758985,0.23741084958358677,-1.5151798889202432,0.22700421735339224,0.21859000049865512,-0.6629839424451589,0.301664797729694,0.47275213144909206,16
-1.0174178819268027,-1.3755290667126348,-0.7138950994140769,-0.08953457611372838,0.9463954669734784,0.8225073582591642,0.19743174582161319,-1.490148757617213,-0.02980835168660465,-0.38959691489820075,-0.837038217173986,0.678674975591941,0.438144296255086,16
-0.5026374879918722,-1.0723001496233346,-0.6941464672504243,-2.326575513219795,0.9104745072619379,-0.5496689594760279,0.08232946711531017,-1.1146817880717597,0.02957473489982416,0.5248099859668927,-0.23722040876533737,-0.836161643342744,0.3346966413090576,16
-0.5839186028237033,-0.8600399076608247,-0.6743978350867715,0.9630618283184579,0.8525414221300059,1.6962695272151658,0.17956855200023777,-1.0521039598141841,-0.21054887322164847,0.2659811887873564,0.09788188726508458,1.2929038284588776,0.4224674181800964,16
-0.8006682423752531,-0.7387483408251047,-0.7138950994140769,-0.654417793322502,0.9289870360609632,-0.03981984802993957,0.25306994432614555,-1.1271973537232747,-0.3799637929740122,0.052720841794268794,0.6250176908040199,0.28779376761860587,0.48613137610906443,16
-0.3942626682160974,-1.2845603915858448,-0.6941464672504243,-1.6346166663603978,0.9689309447584935,0.9334233854807449,0.16845248805002014,-1.152228485026305,0.6106455982135174,0.7289566429031874,-0.6870837650691459,-0.34422473762118777,0.4126437948843273,16
-1.2341675214783525,-0.9206856910786847,-0.6546492029231189,0.010422935457244452,0.9239030913372539,1.214145436205409,0.1652309826952757,-1.364993101102062,-0.5769307814074215,-0.8872043911735429,-0.11297243415400371,0.727275508724065,0.40978698443859074,16
-0.36716896327215365,-0.8903627993697547,-0.6941464672504243,-1.2784790160917414,0.8638667682528848,1.7901430144182777,0.08298024182709927,-0.9770105659050934,-0.06219912611218292,0.7799933071372609,0.1483767537807842,-0.16831712131637996,0.3352982338915653,16
-1.2070738165344088,-1.3452061750037048,-0.7138950994140769,1.079968397758773,0.8384049560195024,0.7227887955414204,0.11330801340289598,-1.5652421515263037,-0.4023022581514176,-0.7766249520041115,-0.7674165072702713,1.3554847248286068,0.36311732824122844,16
-0.8819493572070842,-1.2542374998769148,-0.7928896280686876,-2.572849960455895,0.9135691584316777,-0.340449737982969,0.28988545788626174,-1.4275709293596375,-0.07839451337558268,0.3844591592514199,-0.14082111818905657,-0.9985209142172351,0.5172075699394942,16
-1.2612612264222962,-1.2239146081679848,-0.832386892395993,-1.9721364948884457,1.0233225823135608,1.4108517573149342,-0.036273591667960174,-1.615304414132364,-0.5418317481976351,-0.6660455128678541,0.416152560942029,-0.5445510868354748,0.22162373533927404,16
-0.9361367670949716,-0.7387483408251047,-0.6941464672504243,1.3240633808477835,0.9971928022341411,-0.35226878656615834,0.2577079048644049,-1.1772596163293352,-0.4469791884466592,-0.29177664177828544,0.4697077225692188,1.6781727848281334,0.49007541969727436,16
-0.5297311929358159,-1.4664977418394247,-0.6743978350867715,-1.5704960894389242,0.9082665779009901,0.1472437765162964,0.131440119025228,-1.277384141541456,1.748445166838378,0.36076356522258546,-1.095633139669945,-0.3351410871890371,0.3795502117462235,16
-0.2858878484403225,-0.9813314744965447,-0.7928896280686876,1.8351071404191686,0.9612588867193192,1.2268397593532805,-0.023168647622319228,-1.039588394162669,0.0789321055384825,2.2090199055318336,0.7990719654719277,1.9848697745718809,0.23446576256945514,16
-0.8819493572070842,-0.9206856910786847,-0.7928896280686876,-0.8148104180654806,0.9864757305811305,-0.07228601506042395,-0.03606577997110605,-1.2898997071929712,-0.35723683277298135,0.3844591592514199,1.0079370951743685,0.22009793075378295,0.22182808111181754,16
-0.4755437830479285,-1.1935917164590548,-0.7928896280686876,-0.905512035027808,0.9651223299005725,1.5701736909192263,0.1313790371208472,-1.2148063132838804,0.254767738397351,1.6284778498971564,0.06804401151338448,0.144437115194925,0.37949510048556895,16
-1.0445115868707464,-1.3755290667126348,-0.7533923637413822,-1.870194259118993,0.8968617974021502,1.972660013481424,0.07216391454567964,-1.5276954545717583,-0.07839451339987576,-0.3121913074902881,-0.725643481339182,-0.5399862176389043,0.3252736393217958,16
-1.0174178819268027,-0.9510085827876147,-0.8521355245596456,-1.175125558151615,0.8544588783200644,1.6730731461058936,-0.05987451696190593,-1.4025397980566072,-0.4317484167508503,0.6166759813759128,2.282014386083557,-0.10632609129596213,0.19826703367857457,16
-1.1799801115904651,-1.0116543662054747,-0.7138950994140769,-1.79386958369719,1.0461422777522698,0.007489736424774974,0.11977480750808402,-1.4150553637081222,-0.525387201151767,-0.7213352324175528,-0.0015776983294111108,-0.41087501054734166,0.36899500404469987,16
-0.5297311929358159,-0.8600399076608247,-0.7138950994140769,-1.4942566054608275,0.8337357564886275,0.7069388163742053,0.15134403120799672,-1.0521039598141841,-0.1794537297225119,0.6056180376598556,0.34653085118916155,-0.32735187953374845,0.39742092947082075,16
-1.1528864066465214,-1.1329459330411948,-0.832386892395993,-2.6445084068424114,0.8438386777805468,0.8234709041785259,0.0901343957236862,-1.5276954545717583,-0.4670838070938982,-0.2237277562122443,0.8338828203295054,-1.073303531854253,0.3418987376837591,16
-1.369636046198071,-0.9206856910786847,-0.6546492029231189,-0.6023789291131277,0.9835731481392703,1.4594272262224313,0.11638575915967135,-1.4275709293596375,-0.6614284539591293,-1.1083632695234635,-0.11297243415400371,0.3617326017913337,0.36591704389399426,16
-0.2858878484403225,-1.1026230413322646,-0.6546492029231189,-0.842514126828726,0.8746006202723688,1.811388189031545,0.06592947446141995,-1.0020416972081236,0.2531345901159086,0.6609077572759021,-0.44715664169740343,0.1253145406040343,0.3194705548665896,16
-1.369636046198071,-1.0723001496233346,-0.6743978350867715,0.8207743932256617,0.9221281215783379,0.9544425951964809,0.1993328686812536,-1.502664323268728,-0.6614284539591293,-1.1083632695234635,-0.3198483721621757,1.2656620797750215,0.43980487363494364,16
-1.2341675214783525,-1.3755290667126348,-0.8521355245596456,-2.880451021698232,0.9320059682473888,0.12034053614364663,0.16940186012805833,-1.6778822423899398,-0.41849764539277357,-0.444886634562165,-0.057275066408335386,-1.1965372574909545,0.41348484372535244,16
-0.9361367670949716,-1.3755290667126348,-0.7731409959050349,-0.20014793752078236,0.8896414385609048,1.4626075048073173,0.14252485761526998,-1.490148757617213,0.11595013345320876,0.07115074829035735,-0.6513803241180424,0.5601036033824056,0.38952411635102346,16
-0.9632304720389154,-1.1935917164590548,-0.7928896280686876,-3.082494780088909,0.8420154824946372,-0.3212063629568994,0.2899297669275604,-1.4400864950111525,-0.2449756392516382,0.13565542112227275,0.06804401151338448,-1.3601344647620925,0.5172446559857405,16
0.20179884055066433,-0.22325918177329457,-0.06219023801353893,3.3140872203466283,0.8674566408288505,0.1380028909630636,-0.27295178318698304,-0.03834314204145992,-0.1713419531485702,-0.2532156065324302,-0.5399855881992798,2.852864310243861,-0.027270731620334,17
0.1476114306627769,0.1102926270249355,-0.0029443415225809313,1.174474887526075,0.9689091102000887,0.04735396341576582,-0.7250977785001368,0.11184364577672143,-0.2795582706278237,-0.33430719526326336,-0.401902530213763,1.548292535625882,-0.6238435429408042,17
-0.31298155338426625,0.5044902192410256,0.07605018713202973,0.12826450513992338,0.8677441641486986,0.23522902117182032,-0.8002403155818876,0.11184364577672143,-0.44487299029885935,-0.6107557932125375,-0.2693535055792966,0.7588554333879971,-0.7449253508165063,17
0.4998295949340452,0.4135215441142356,0.07605018713202973,0.41544794329713064,1.0313692867099404,0.46244962560480796,-0.37551565951767,0.44976391836762947,-0.26113649472513206,-0.22798081143490198,-0.3175531509003427,1.0920408038098153,-0.14658883512193452,17
-0.4484500781039848,-0.16261339835543454,-0.0029443415225809313,3.047052296389597,0.8936171396129363,0.43397979065413467,1.4207419928849034,-0.27613888942024706,-0.3861068708885802,-0.6384006530083421,-0.5585513775069112,2.7115048069603827,1.2804011738722705,17
0.22889254549460805,0.26190708556958553,0.07605018713202973,3.567190316155497,0.9716220382453957,0.17988433055388606,0.006550268659589569,0.2620304335949028,-0.2915467066823442,-0.3555724720274472,-0.39788589310208594,3.164074686476789,0.2632594922416239,17
-0.4484500781039848,0.4438444358231656,0.05630155496837707,0.34194002541275165,1.019634388857225,0.2812338888082809,-1.1486230629256726,0.011719120564600527,-0.4670838070846097,-0.6660455128028072,-0.2800645378732824,1.0315612048768716,-1.4426095517805158,17
0.09342402077488948,0.38319865240530554,0.07605018713202973,2.1632083535256363,1.0024486537279094,0.5144659442532586,0.01743904903121262,0.24951486794338767,-0.3434099408918753,-0.41936830232371974,-0.3336196993406912,2.2534614538547797,0.27369714560123454,17
-0.04204450394482909,0.23158419386065554,-0.06219023801353893,1.4126572083303293,1.0374344333862051,0.38090953004668904,2.493651854898961,0.03675025186763075,-0.3492026278333788,-0.38591093354828016,-0.26149874856740296,1.7802414920012926,1.7936892527391428,17
-0.5297311929358159,0.4438444358231656,-0.06219023801353893,3.4186024652671896,0.8353669985068632,0.6059142573746397,1.6885186080692958,-0.10092097029903549,-0.4842318641617732,-0.6513015875799801,-0.13153822340586035,2.8777207519829053,1.4225751939907334,17
-0.15041932372060396,-0.19293629006436455,0.13529608362298773,2.5289228798679,0.8832671941287987,0.3644181919798702,0.2875871224709059,-0.06337427334449015,-0.289279130159303,-0.5655187499109747,-0.6800729075263697,2.356061551661817,0.5152828663450653,17
-0.31298155338426625,0.32255286898744556,0.0957988192956824,-0.51432925311323,0.8801830857787967,0.1672093970948074,1.9086437521928374,0.04926581751914586,-0.4245709155810262,-0.6201446135201137,-0.385153911318802,0.34551936186652166,1.531720339737625,17
0.47273588999010147,0.47416732753209556,0.07605018713202973,0.007640186152941691,0.955275358279191,0.4444563343026554,-0.9192474678714748,0.4622794840191446,-0.2783723383802844,-0.24073997749415654,-0.2854200540196453,0.7510428156527663,-0.9547155308516537,17
-0.31298155338426625,-0.041321831519714525,0.0957988192956824,1.3621920303193935,1.0412651613446642,0.3033547799827364,-0.9535411661793769,-0.10092097029903549,-0.369911483648669,-0.6201446135201137,-0.5743147835222208,1.749649820756006,-1.0199083437507805,17
-0.15041932372060396,0.1102926270249355,-0.022692973686233596,-0.48348405430881863,0.867363685927896,0.24164900877811632,1.059688848959318,-0.03834314204145992,-0.3545684852107587,-0.4731196827448575,-0.38079382029527725,0.35640419058431816,1.0693892633764528,17
-0.4484500781039848,0.35287576069637555,-0.022692973686233596,-0.42088553791459454,0.9986480213484095,0.4708018435822973,1.607261075127704,-0.07588983899600527,-0.4581140541520775,-0.6284014484018501,-0.2385877745256737,0.49570710846328264,1.3805849677288495,17
0.3372673652703829,0.14061551873386552,0.0365529228047244,3.4410988769098325,1.0405395397696902,0.324730934186094,-1.126162293929437,0.23699930229187255,-0.23923146247417443,-0.27238270932175074,-0.42487769448261714,3.1734905791848105,-1.3886770572967666,17
0.22889254549460805,0.26190708556958553,0.016804290641071733,3.504973702520649,0.9825410727124119,0.6100285081770511,0.20591920947529105,0.22448373664035745,-0.2915467066823442,-0.30948323952863166,-0.3368985867787417,3.137203258529014,0.44554625690568234,17
-0.34007525832820995,-0.07164472322864453,0.07605018713202973,1.391649637114764,0.8674133396572138,0.5923319826336662,-0.447946105809743,-0.1384676672535808,-0.37181682332400995,-0.623514959271792,-0.574617925945921,1.5890755389055182,-0.2357870725073979,17
0.03923661088700205,-0.07164472322864453,0.0957988192956824,2.5216443930556034,0.9713935285690606,0.667290676563526,1.9439100254033694,0.04926581751914586,-0.2651178015110713,-0.457405061518997,-0.5900781895391725,2.458937542056234,1.5486182403014612,17
-0.4213563731600411,0.38319865240530554,-0.022692973686233596,1.202069353951353,0.9066341080510614,0.6254626578076206,-0.9941697726746233,-0.050858707692975035,-0.455305343637761,-0.6142849242512144,-0.2208120188044732,1.5040351436769055,-1.1002682908022077,17
-0.4213563731600411,0.4438444358231656,-0.06219023801353893,3.421131017003948,0.8361970603531667,0.1847461137614333,2.391133167384096,-0.050858707692975035,-0.46136778805888856,-0.592325886684047,-0.13153822340586035,2.8805044169854064,1.7504023076036852,17
-0.17751302866454766,0.1102926270249355,0.0957988192956824,3.2964726049405995,0.8550586922972699,0.5973944826576755,-0.5202730541091416,0.02423468621611564,-0.36138759562738915,-0.5575524781350688,-0.49549775343746294,2.8245881715216257,-0.32940903778588204,17
0.22889254549460805,-0.19293629006436455,0.0957988192956824,1.4314632279234738,0.897629347205602,0.4926363378224311,-1.0226807083037184,0.0868125144736912,-0.17349934053269042,-0.36977607197993423,-0.6531318136069787,1.6468585554738688,-1.1588396979151867,17
0.20179884055066433,0.04964684360707549,-0.022692973686233596,0.08642086557461055,0.9977800391355138,0.3528346461135339,2.497415517209242,0.09932808012520632,-0.2515379260070218,-0.28960486878659353,-0.41634533173767807,0.8391989752602389,1.7952591214760487,17
-0.0691382088887728,0.26190708556958553,-0.022692973686233596,-0.053072110810040596,0.9680206901828078,0.4311597069112861,1.2910441492654727,0.06178138317066098,-0.36050771041191426,-0.43077011029295037,-0.29191504168927507,0.720557859015922,1.207364248467531,17
0.09342402077488948,0.4135215441142356,0.07605018713202973,1.9872070085249016,0.9804970712371933,0.1507276188178975,0.6893046388018955,0.2620304335949028,-0.34815648586295755,-0.41936830232371974,-0.3175531509003427,2.1090039137461813,0.8243089736337214,17
-0.34007525832820995,0.4438444358231656,0.11554745145933507,0.7349708309518752,0.8686936262251866,0.3485439430688826,1.7943763856978059,0.09932808012520632,-0.444219730981725,-0.6414723040955955,-0.34195050223493756,1.1585979563989517,1.4758741651437313,17
0.09342402077488948,0.35287576069637555,-0.022692973686233596,0.45656706547500187,0.9018548632623207,0.3261414846119775,0.8453242769584844,0.174421474034297,-0.3385173483832236,-0.34607096538913634,-0.2385877745256737,1.0050116924270096,0.9315635148614809,17
-0.04204450394482909,0.04964684360707549,0.0957988192956824,2.5334085020153876,0.995366321948107,0.09634710997394734,-0.4686061780080666,0.06178138317066098,-0.31514162862027983,-0.494960342750024,-0.5270245654713661,2.4962050710962718,-0.2620459866492344,17
-0.4755437830479285,-0.19293629006436455,-0.042441605849886266,0.7084831500984662,1.0102346359487835,0.47813652744741997,1.9281635519792295,-0.3262011520263075,-0.38851894983925667,-0.6323909008794238,-0.5403891923142761,1.272765079191114,1.5410925212015412,17
0.3372673652703829,0.14061551873386552,-0.022692973686233596,0.23985645705991773,0.8658176930772806,0.5100583925828092,0.7498647134958236,0.19945260533732723,-0.23923146247417443,-0.21902224803341508,-0.3630180645740767,0.83057182309819,0.8666885472141241,17
0.5269232998779889,-0.10196761493757453,0.0957988192956824,2.339875344950232,0.8521546794067782,0.6000938444895608,1.253636644273158,0.2620304335949028,-0.11726344271335529,-0.23207337413283557,-0.6058415955561239,2.1942024502633792,1.1857469107644816,17
-0.17751302866454766,-0.19293629006436455,-0.06219023801353893,2.590754037231645,1.0447286804701328,0.14211252406514477,2.0871165775237968,-0.20104549551115639,-0.2975491151326325,-0.4596305596681969,-0.5214197988904881,2.595948497348229,1.615679577032705,17
-0.20460673360849138,0.32255286898744556,-0.022692973686233596,2.5625779563423983,0.9029700821681258,0.46032865497157827,-0.021709215617099785,0.02423468621611564,-0.4002778347217336,-0.5013527310461289,-0.256363530246874,2.402475388328457,0.23589036576944356,17
0.17470513560672063,0.32255286898744556,0.13529608362298773,0.2108840537480646,0.9648682365785731,0.14769459744293245,-0.7454015887894853,0.2995771305494481,-0.3152520517142095,-0.4207602113476444,-0.42183965623031316,0.8956736135999545,-0.6557801465346096,17
-0.17751302866454766,0.20126130215172552,0.13529608362298773,1.7114172410383954,0.8569140785177964,0.4599492138957523,-0.0896004665260829,0.0868125144736912,-0.3763896385437261,-0.577581961457919,-0.48260042124115005,1.7878196604063825,0.1684189757595846,17
0.1476114306627769,0.1709384104427955,0.13529608362298773,2.255615800311168,0.9125634402787948,0.10650897408136127,1.5479679485473594,0.22448373664035745,-0.29250302260493666,-0.4328234228945887,-0.4977906124938593,2.210242779422422,1.3493266088955318,17
0.2830799553824955,0.32255286898744556,0.07605018713202973,3.493425077800829,0.9592755297068765,0.22179777870448847,0.12919206033976027,0.31209269620096325,-0.29095897085491684,-0.33005413990893806,-0.36575279622138857,3.0973261048639342,0.37752080469220733,17
-0.014950799000885374,-0.19293629006436455,-0.0029443415225809313,-0.19347278919800479,0.8597905683007075,0.31442787158108365,2.088713997995385,-0.08840540464752038,-0.24792920529265564,-0.4172417746482848,-0.5759568049839278,0.5411036407262091,1.6164139647318594,17
0.5269232998779889,0.019323951898145487,-0.042441605849886266,2.7881431120434224,0.8823687677100173,0.5813964411231641,0.3512402397872993,0.22448373664035745,-0.15757196206414767,-0.0987249117936823,-0.4132538959605316,2.5259881031228,0.5678553288784903,17
-0.36716896327215365,-0.041321831519714525,-0.022692973686233596,3.4496091700931477,1.0073017130804451,0.0947278312218478,1.9726541427767144,-0.20104549551115639,-0.3848610718697182,-0.586051875949943,-0.46967259890127944,3.1337390813373402,1.562276792022668,17
-0.20460673360849138,-0.10196761493757453,-0.0029443415225809313,0.5266041623846219,0.8935280622880315,0.20766738564830214,1.3796922068030548,-0.1384676672535808,-0.32715566133672525,-0.5139987839308099,-0.5237405225528783,1.0439429334716508,1.2575978259225,17
-0.17751302866454766,0.0799697353160055,0.016804290641071733,2.6897616234159525,0.8883748054993305,0.06500646507332314,-0.7100767838195107,-0.03834314204145992,-0.35602972315727516,-0.5125883319001991,-0.4391998748069638,2.468580430595271,-0.6005693194390801,17
0.1476114306627769,0.35287576069637555,-0.06219023801353893,2.4859646366098658,1.0104798940940254,0.36421916948334354,2.0861835578952816,0.174421474034297,-0.3265576778063382,-0.2827034569803969,-0.18723559133223572,2.482419045186653,1.6152505005711053,17
0.41854848010221407,0.47416732753209556,-0.022692973686233596,-0.38006603860118804,0.994160743075801,0.5722945285763498,-0.28991638288053156,0.37467052445853877,-0.2896386947208387,-0.17667267558150798,-0.16748475164087184,0.5200190904229441,-0.04647848460547354,17
0.4998295949340452,0.38319865240530554,0.016804290641071733,2.8420483402644328,0.8395969326012218,0.0744802168730294,-0.20647368421211224,0.399701655761569,-0.25507146503986033,-0.17407984461425333,-0.2686977280932605,2.5070827075516946,0.046116552826733444,17
-0.5297311929358159,-0.16261339835543454,-0.06219023801353893,2.9969939312749885,0.9626656345605512,0.12103812165130784,0.5337742218916827,-0.35123228332933776,-0.41039995174774635,-0.6513015875799801,-0.5028540095816963,2.768045346848377,0.7107585595350504,17
-0.31298155338426625,0.47416732753209556,0.0957988192956824,0.06198291309833109,0.9677900784118902,0.6403461457044909,2.5180506850910356,0.11184364577672143,-0.4417345053183212,-0.6201446135201137,-0.3063368812340441,0.797865409610678,1.803842497088538,17
-0.4213563731600411,0.4135215441142356,0.016804290641071733,3.100593401261485,0.8836569729612774,0.19073907975583693,2.480241628729464,-0.013312010738429698,-0.45838180797086975,-0.6344513873231395,-0.2516475134218902,2.7338272108520822,1.7880847366324848,17
-0.09623191383271652,-0.22325918177329457,0.07605018713202973,-0.47835781044011344,0.8949844854231332,0.042402466549153764,1.8734113341037308,-0.08840540464752038,-0.2642893929574694,-0.5086824647385014,-0.6549506681476643,0.3801685786014998,1.5146817414579135,17
0.47273588999010147,-0.041321831519714525,0.016804290641071733,-0.2351818614815816,0.9342712620128646,0.13920577798998193,-0.7300029710050832,0.21196817098884232,-0.1531424544434549,-0.18762018410569112,-0.507400733492445,0.5716511306312217,-0.6315083018188007,17
-0.5026374879918722,0.04964684360707549,0.05630155496837707,0.7883194615104783,0.9737585336792642,0.13505482984615305,-0.7421218437808239,-0.17601436420812616,-0.4352819557786562,-0.6920642043746106,-0.49302506229821563,1.2927042221071676,-0.650583505097977,17
-0.15041932372060396,0.14061551873386552,0.016804290641071733,0.8871907816803736,0.8474727212984229,0.4631044020708388,-0.5135676614766753,-0.0007964450869145851,-0.3598591743270187,-0.49904799240876124,-0.40509944546422305,1.2383530797760118,-0.32052558020022814,17
0.44564218504615777,0.4438444358231656,0.016804290641071733,1.9065320189638029,0.9390037337370579,0.4553010183912058,0.8441970790442859,0.399701655761569,-0.2784551792358113,-0.20116052359712908,-0.2345972987505197,2.0079150590605153,0.9308107000845595,17
-0.0691382088887728,0.1102926270249355,0.11554745145933507,0.6729819146548238,0.8411158632865599,0.19156168953225394,0.4248421255139042,0.0868125144736912,-0.33411115396086727,-0.5186062605619459,-0.512136904232826,1.0923561831213353,0.6268233801401042,17
-0.2858878484403225,0.32255286898744556,-0.022692973686233596,1.359802249240108,0.9882454385892999,0.5480102467356543,-0.5774054504543691,-0.013312010738429698,-0.41849764536620315,-0.543702303498036,-0.256363530246874,1.6931563631846762,-0.4068971750628369,17
0.3914547751582703,0.26190708556958553,0.05630155496837707,1.1686083675614516,0.87121555298795,0.054467378919323454,1.885670504344472,0.3246082618524783,-0.2539316137389423,-0.2627557934398557,-0.37835401068479,1.4462742125272827,1.5206283207280715,17
0.1476114306627769,0.14061551873386552,0.016804290641071733,2.2746043191013015,1.0389549122266906,0.28778311645117083,1.2560565046870598,0.13687477707975165,-0.28614223930583604,-0.3501042580029452,-0.40509944546422305,2.3722653515096543,1.1871530534517238,17
-0.17751302866454766,0.32255286898744556,0.11554745145933507,0.8278752617345064,0.8939722368050133,0.35316979190216985,2.35214939181623,0.12435921142823654,-0.3942045645069105,-0.5677526779754057,-0.4038364665978061,1.2436754485368842,1.733670111412186,17
-0.04204450394482909,0.019323951898145487,0.0365529228047244,0.0016241342568691182,0.9749254890907243,0.37872382889603673,-0.11284352851758275,0.011719120564600527,-0.3087289096326421,-0.4581561671443536,-0.4917145359944161,0.7630322442717958,0.14473723283986809,17
-0.5026374879918722,0.04964684360707549,0.07605018713202973,2.3649427075120664,0.9216880308484368,0.643970213335941,1.0227166521791884,-0.16349879855661104,-0.4352819557786562,-0.7000699556273191,-0.5103517321845265,2.293823905747501,1.0463450855448193,17
-0.4484500781039848,0.35287576069637555,-0.0029443415225809313,3.121606983225344,0.8336879191235744,0.25271918216561895,1.7443702583642906,-0.06337427334449015,-0.4581140541520775,-0.6384006530083421,-0.2626591103976312,2.681808224589585,1.4508892040725945,17
0.20179884055066433,0.4135215441142356,-0.06219023801353893,2.5891024957443376,0.9094566554543275,0.30105452419399376,-0.7432745158448243,0.22448373664035745,-0.32495115489287074,-0.2532156065324302,-0.15010401271465226,2.4280598005564795,-0.6524081960184491,17
0.47273588999010147,0.26190708556958553,0.0365529228047244,1.4985073277310648,0.9561452929825873,0.6568174078247859,1.711949547966985,0.34963939315550857,-0.23512406726724142,-0.20603504581367835,-0.35804085297081817,1.7531072095452083,1.4345067859327325,17
0.20179884055066433,-0.07164472322864453,-0.022692973686233596,3.2628498557439807,0.9085269244938775,0.37219539835186555,1.709668081873234,0.04926581751914586,-0.2193896493055261,-0.28960486878659353,-0.48744835462247976,2.87427138172459,1.4333484144562143,17
-0.04204450394482909,0.04964684360707549,0.05630155496837707,-0.14698446882387436,1.0074160132940244,0.26765177561573833,0.577036668201212,0.03675025186763075,-0.31514162862027983,-0.47090532601428226,-0.49302506229821563,0.6884937177241441,0.7430560648932306,17
0.5269232998779889,0.35287576069637555,0.07605018713202973,0.9488957745633196,0.9724183830157496,0.14739480232799917,-0.5006871693150032,0.43724835271611434,-0.24283998376814048,-0.21522164537564745,-0.3496862477810399,1.3997147133134038,-0.3035809933397786,17
0.4998295949340452,0.20126130215172552,0.11554745145933507,2.114810942062524,0.9694867742373132,0.6726193282725782,0.6863121641989836,0.3871860901100539,-0.21443576614861065,-0.26058756914128195,-0.46572243096067467,2.1824797367900115,0.8221892500185557,17
-0.23170043855243508,-0.010998939810784519,-0.0029443415225809313,-0.4942457114873746,1.0260309970777892,0.3734993293985529,2.330504527060419,-0.1134365359505506,-0.35341052306494625,-0.5278212138283135,-0.4715242401218288,0.4660805274893861,1.7243135989762315,17
-0.7735745374313093,0.26190708556958553,-0.6349005707594663,1.7835304381623052,-0.7708587886501469,-2.1202183942819293,1.409338080323793,-0.6516058589657004,-0.523506446499989,-0.19608289632623943,1.8433976141864705,0.03980633483201431,1.2740946379928895,18
-1.3425423412541273,0.6864275694946056,-0.6151519385958135,0.5566437668464501,-0.8707438659467637,-0.5903121122555083,0.7931043027754641,-0.7266992528747911,-0.656314121146634,-1.069335232167289,2.3409880702871164,-0.5331767023810442,0.8963590948531357,18
-1.098698996758634,0.7773962446213957,-0.5954033064321609,-0.8991185543601634,-0.719353920430486,-1.0917426467985083,1.4770714568410097,-0.5639968994050947,-0.6122272775350995,-0.7397651389361668,2.2727314919604518,-0.9808163403928556,1.311238005022376,18
-0.4755437830479285,0.5954588943678156,-0.4966601456138976,0.7148822918915176,-0.5432516566643919,-0.6251114728610826,-0.0024292098976734042,-0.2886544550717622,-0.4857195951408935,-0.15641853225607863,1.2576671417738914,-0.16869148058276162,0.2546071181150471,18
-0.5297311929358159,0.5651360026588856,-0.6151519385958135,0.6075064878090056,-0.9888032634888246,-0.8225378644349902,-0.1292439808964312,-0.4012945459353982,-0.4940761191503785,0.10150588851794481,2.1444091246718107,-0.6218231479308217,0.12784129759290017,18
-1.369636046198071,0.5044902192410256,-0.5361574099412029,2.110429067050324,-0.6941794104802914,-2.3224758205813587,-0.03378335293207397,-0.7642459498293365,-0.6614284539591293,-1.1083632695234635,1.3908564998443396,0.2569952842045494,0.22407094430352795,18
-0.6651997176555345,0.32255286898744556,-0.5164087777775502,0.06604161014471455,-1.3881958842451831,-1.6856809407000009,0.1040744303378669,-0.501419071147519,-0.5035234283737272,-0.3242545189934757,1.0364187039634858,-1.1457227826068432,0.3546921287566747,18
-0.9090430621510279,0.4135215441142356,-0.5954033064321609,1.1067502833095184,-0.674480362279048,-1.1088284753343467,0.46844644448681544,-0.6265747276626702,-0.5628057973362605,-0.4817464475250592,1.7157578127152637,-0.13060507709391753,0.6608841700584045,18
-0.4484500781039848,0.0799697353160055,-0.6151519385958135,1.5400083388414179,-1.619708072259092,-2.4830355175800793,0.6589500026175961,-0.5639968994050947,-0.425438525612242,0.21859000058646827,1.3580933422105854,-0.9588716779593174,0.8026927515921112,18
-0.9361367670949716,0.0799697353160055,-0.6151519385958135,1.6165528361973212,-1.4128894723335945,1.2613246743398772,1.331363005423306,-0.7892770811323667,-0.5503743700311824,-0.4839146718246721,1.3580933422105854,-0.7166984628988231,1.2303821795584082,18
-1.2341675214783525,0.4438444358231656,-0.5559060421048556,-1.2982345502152768,-1.7240332881663811,-0.449509612512519,0.9446912368497885,-0.7392148185263062,-0.6328483588305235,-0.9424941107582586,1.4465538677625371,-1.7501950094699423,0.9967414457350202,18
-0.8277619473191968,0.7167504612035356,-0.4966601456138976,1.828358371787588,-1.4665656223054557,-1.6661569573429629,0.8151040566352769,-0.4012945459353982,-0.5604701958423222,-0.5314270651189879,1.4029646233178692,-0.714893509386327,0.9112728275844009,18
-0.8277619473191968,0.6257817860767456,-0.6349005707594663,2.059672508978942,-1.2519722213794207,-2.209969429191921,1.027014074093632,-0.5264502024505493,-0.5563772934862907,-0.27901747570780533,2.469993003332956,-0.4036182306293207,1.049038519972803,18
-0.9361367670949716,0.5348131109499555,-0.4769115134502449,-1.4389837315128255,-1.4857987454432147,-1.9684484840465042,0.6585510210489769,-0.5139346367990342,-0.5738365004381646,-0.6660455128125643,1.0775588052811464,-1.6449094591546511,0.8024069244789309,18
-0.6381060127115908,0.23158419386065554,-0.5954033064321609,1.5191557592051135,-0.1978534665408986,-1.5550691097957368,0.09182417068063836,-0.5765124650566098,-0.4893856518082056,-0.1131483169377624,1.4372709730926696,0.543382312455178,0.34345428125215205,18
-0.34007525832820995,0.5651360026588856,-0.5361574099412029,0.5171093805304935,-0.9901563955635265,-0.7332707717569988,1.5112539402924399,-0.26362332376873193,-0.4562868822580799,0.0922134986846885,1.4704241683085695,-0.655419868239261,1.329701064051791,18
-0.4213563731600411,0.5348131109499555,-0.6151519385958135,0.8447486371125877,-0.23038255535178867,0.5976579784865232,1.723088543565948,-0.36374784898085283,-0.4698210556320191,0.25761803794264265,2.0952643882679842,0.18488398986638127,1.440151918361258,18
-0.6381060127115908,0.6257817860767456,-0.5559060421048556,-0.18199493447157902,-0.5173285346309658,-0.7879255213389894,-0.20940109808758878,-0.3887789802838831,-0.5196093873207973,-0.2126698121913564,1.6971920234242643,-0.5339782046289197,0.04294595426345733,18
-0.9090430621510279,0.32255286898744556,-0.5954033064321609,2.1993908775606537,-0.5940938794390652,-0.5041545838911254,0.38472681685824267,-0.6641214246172156,-0.5581828603071357,-0.4817464475250592,1.5765143929039664,0.41017958354455686,0.5949192656520114,18
-0.4755437830479285,0.14061551873386552,-0.4769115134502449,1.9439943227657763,-0.1223641820977954,-1.5508337209336056,0.09408617399250996,-0.4638723741929737,-0.44027764889558146,-0.19608289630723363,0.6250176908881462,0.8349265445357001,0.34553453368869197,18
-1.3425423412541273,0.6864275694946056,-0.5756546742685082,-0.2826043722371477,-1.1139129362052598,0.25854126869243604,1.3444888300091105,-0.7016681215717608,-0.656314121146634,-1.0734434466256175,1.9478301790771968,-1.0369889572548343,1.2378137714509592,18
-1.2341675214783525,0.4438444358231656,-0.5559060421048556,-1.360243813774301,-0.455996686477635,-1.8977951462501128,0.6626035966538426,-0.7392148185263062,-0.6328483588305235,-0.9424941107582586,1.4465538677625371,-1.008990138379692,0.8053080866194908,18
-1.0174178819268027,0.6561046777856756,-0.5559060421048556,0.9765105704731352,-1.625954406549586,0.6591951331939667,1.3729179138479666,-0.5514813337535796,-0.5940556430425367,-0.6771034567339305,1.7389650493678854,-1.1094989878522672,1.2538072668828406,18
-0.6922934225994782,0.32255286898744556,-0.5559060421048556,1.488362798405761,-1.7531097645733598,-2.147564498351736,0.02865313304001212,-0.5389657681020644,-0.5095966985885504,-0.27901747569743846,1.2794617639880526,-1.1129047707412167,0.2843848898437505,18
-1.1799801115904651,0.6257817860767456,-0.6151519385958135,-0.6209681291834139,-0.40058197714553045,-1.036572747704949,-0.12223999016972695,-0.6766369902687307,-0.6246605477936358,-0.8351670080302424,2.242698597479464,-0.6410548848544613,0.13507594170707923,18
-0.6651997176555345,0.5954588943678156,-0.5361574099412029,1.1289588605023606,-0.6068394166551896,-1.9685854590219383,1.061378025145441,-0.4012945459353982,-0.5229911712538525,-0.2869160070652544,1.5102080025406843,-0.054058312058181755,1.0704352144461398,18
-0.4213563731600411,0.8077191363303257,-0.45716288128659227,0.4891651391213939,-1.1927245481143471,-2.033639825474736,1.7044174641193224,-0.15098323290509594,-0.49137688794354956,-0.17949598042902673,1.2794617640147872,-0.84658222276451,1.4306797292325812,18
-0.3942626682160974,0.8077191363303257,-0.5361574099412029,1.5864291839734364,-1.0363060504701422,0.7710476476190342,-0.05453232731064252,-0.18852992985964126,-0.4865182717716759,0.029025247726364722,1.7886948421654885,-0.3220527832755356,0.20358004857435963,18
-0.34007525832820995,0.23158419386065554,-0.5361574099412029,0.9199834649075185,-0.1839713134412703,-2.291353032139456,0.44249087747998284,-0.4012945459353982,-0.41929413982079217,0.0922134986846885,1.0328019917553057,0.2657577758343717,0.6406857032578774,18
-1.28835493136624,0.20126130215172552,-0.5756546742685082,0.02578727129156659,-1.3820415951010956,-2.130748680569838,-0.048857008142075053,-0.8768860406929725,-0.6419939892717155,-1.0036038008299255,1.244284478975955,-1.1525066817843939,0.20920756263559295,18
-0.6381060127115908,0.5651360026588856,-0.6151519385958135,0.6645105876337197,-0.6401584558974327,-0.1570906140930289,0.3144895627340527,-0.45135680854145865,-0.5156699688031204,-0.05460626090675302,2.1444091246718107,-0.2797550613483226,0.5376863036402694,18
-0.2858878484403225,0.1709384104427955,-0.4966601456138976,2.227195248086582,-0.39310368110084887,-1.5513759356229835,1.0967697945336912,-0.37626341463236795,-0.3979102887061346,0.04550913928548789,0.7491259563699693,0.65795442910537,1.092213996154485,18
-0.5839186028237033,0.5651360026588856,-0.4769115134502449,-0.48239036083017817,-1.5635786844637518,0.637026079909096,1.0761398881913034,-0.33871671767782263,-0.5048730439767495,-0.3066623354849584,1.1123696602344544,-1.4362565805405092,1.079550578051132,18
-1.3425423412541273,0.38319865240530554,-0.4966601456138976,-1.1995960887651351,-0.6538311691238283,-2.153008397418544,1.268611604214919,-0.7767615154808516,-0.6555392222356616,-1.0795164593032398,1.0033965490719303,-1.0607321839033765,1.1944313656247252,18
-0.6381060127115908,0.1102926270249355,-0.4769115134502449,0.33956977185815873,-1.2634949518923067,-0.48802787614004484,0.7073633285687704,-0.5514813337535796,-0.47731247271010696,-0.36195205507382083,0.5902068359348385,-0.9568357525212646,0.8370491273262044,18
-0.9090430621510279,0.5954588943678156,-0.5954033064321609,-1.207901965149398,-1.6609608064124386,-1.081892360502335,1.709165112557442,-0.5514813337535796,-0.5709117691133715,-0.4817464475250592,1.9942446523378574,-1.6893857235401628,1.4330929427899668,18
-0.34007525832820995,0.04964684360707549,-0.5756546742685082,1.494410373644599,-1.4937914400707246,-0.7817092204554997,1.7356387127893258,-0.501419071147519,-0.3928794873698175,0.21859000059468467,1.024426447694317,-0.837560446193658,1.4464914706869827,18
-0.36716896327215365,0.5954588943678156,-0.5361574099412029,0.7677489919899099,-0.3601570032717972,-1.1751103668882603,1.5662177062675608,-0.26362332376873193,-0.4644215516477741,0.060619373205526544,1.5102080025406843,0.026005642601016957,1.3590044596432338,18
-0.7193871275434219,0.2922299772785155,-0.5756546742685082,-1.238158752583866,-0.6969719139696725,-2.310664705964676,1.6585125566055663,-0.5765124650566098,-0.5133563420549063,-0.27028751997515943,1.3761992977449375,-1.1031988383831413,1.407181157283386,18
-0.7464808324873656,0.6561046777856756,-0.45716288128659227,1.0782697519945725,-1.090955297717009,0.7853708429109892,-0.2211464741823473,-0.36374784898085283,-0.542230403875927,-0.4979647652614051,1.1123696602386315,-0.5542485400944288,0.03016946742359413,18
-0.3942626682160974,0.23158419386065554,-0.5361574099412029,1.7623354078453917,-1.4572735910743762,-1.1017239320705816,1.1853692533556817,-0.4263256772384284,-0.43203805109123106,0.029025247726364722,1.0328019917553057,-0.7232429003058386,1.1456269371452428,18
-1.1257927017025777,0.38319865240530554,-0.5361574099412029,0.8892425050807611,-1.6779333525812627,-0.9687609472829446,0.9759085052407597,-0.7016681215717608,-0.6084253684479204,-0.8240161402110064,1.23172116291588,-1.181634264255355,1.0167487142834601,18
-0.9361367670949716,0.5954588943678156,-0.5756546742685082,-1.4221528363032705,-1.647728065760168,-2.307429593965398,1.0885451985535508,-0.5514813337535796,-0.5762362799866514,-0.5496461031579275,1.8159153603082139,-1.7351637014553685,1.0871759039518882,18
-1.0174178819268027,0.5954588943678156,-0.5559060421048556,0.9655053150288255,-1.6170233196490709,-1.3930898156590406,1.0761334436700178,-0.5765124650566098,-0.592209812606491,-0.6771034567339305,1.655418997480643,-1.1036382272774534,1.079546608466196,18
-0.6110123077676471,0.6561046777856756,-0.5361574099412029,-0.16632744991485346,-0.9405544912562954,-0.5970466850586246,0.19689337986800828,-0.35123228332933776,-0.5163177842926222,-0.22372775610693058,1.5897756710049138,-0.8609604408840872,0.4376737754108312,18
-0.5568248978797596,0.6561046777856756,-0.45716288128659227,0.9316407295077871,-1.308666436463003,-0.03022675329667338,0.8342078198942892,-0.27613888942024706,-0.5059527364593003,-0.31219130744251783,1.1123696602386315,-0.8145839937498667,0.9241256959919798,18
-1.2341675214783525,0.26190708556958553,-0.4966601456138976,0.4579830796520387,-0.22585310310465992,-2.258133794823649,0.7627362060773454,-0.7767615154808516,-0.6300825431729611,-0.9641292184223448,0.8580990675279527,0.0030969980379281325,0.8755711170039415,18
-0.8819493572070842,0.14061551873386552,-0.6349005707594663,-0.8177947555814027,-1.4682558779672041,-1.9473934919996596,1.399896687381882,-0.7517303841778213,-0.540800742106285,-0.36195205508937106,1.6345324844709757,-1.4601600169206523,1.2688569451346519,18
-1.1257927017025777,0.6864275694946056,-0.45716288128659227,0.645276953570047,-0.9595570367670113,-0.9821728737275682,1.3786640444918827,-0.5264502024505493,-0.6153994586466719,-0.8695116808991799,1.1457880809938628,-0.5814026382329486,1.2570230212559246,18
-0.8006682423752531,0.6257817860767456,-0.6546492029231189,0.7653627051642343,-0.1965849443346955,0.0030785350521890737,0.9061057931204931,-0.5264502024505493,-0.5511247354626488,-0.1794959804537966,2.727593329964893,0.17847434412079227,0.9717063978951441,18
-1.1528864066465214,0.1709384104427955,-0.5954033064321609,0.7681800533075537,-1.6066244751949443,-0.32654186431939414,1.5366485027124341,-0.8393393437384271,-0.6087248209085304,-0.8134847650536262,1.344442026551805,-1.1445748203685908,1.3432981403412139,18
-1.0716052918146903,0.5651360026588856,-0.5164087777775502,0.7429213798667904,-1.19767876049178,0.482402105187809,1.254652829347791,-0.5890280307081249,-0.6020453674140887,-0.7766249519915456,1.3402225290093843,-0.768658854585482,1.186337531187332,18
-0.3942626682160974,0.4135215441142356,-0.45716288128659227,2.0415453385180387,-1.5703473822942962,-0.06645121919550274,0.5929836788936322,-0.3011700207232773,-0.4525804752283481,-0.15295691502632855,0.8450222941967828,-0.7737223284098952,0.7548192531161423,18
-0.8277619473191968,0.5651360026588856,-0.6546492029231189,2.0518941681014313,-0.6949372414096053,1.090823133149041,0.5713982871868462,-0.5639968994050947,-0.5534592056954192,-0.22372775612378076,2.6161985941170927,0.23237991371883188,0.7388788361396204,18
-0.8277619473191968,0.4135215441142356,-0.5756546742685082,-1.2585666059808378,-0.9406110047595327,-1.0314039901702294,1.404706768143698,-0.5765124650566098,-0.5454017991086954,-0.4099668115665435,1.5520857227702483,-1.2607315218228414,1.2715272474010197,18
-0.6381060127115908,0.5348131109499555,-0.4769115134502449,1.1551253426110464,-1.047024810447889,0.7696081322058007,1.1273216465371476,-0.37626341463236795,-0.5136170323925013,-0.36195205507382083,1.0775588052811464,-0.4839814496644681,1.110808693424342,18
-0.9361367670949716,0.8077191363303257,-0.5559060421048556,1.1108868474963964,-0.6652704205594236,1.1241714088889996,0.33762335396330223,-0.45135680854145865,-0.58369059520915,-0.5775819614748074,1.947830179085991,-0.11975442710382952,0.5567348750138427,18
-0.6381060127115908,0.5348131109499555,-0.4966601456138976,-0.427143106141257,-1.1229125822084842,0.8272800313525803,0.8628044631065619,-0.3887789802838831,-0.5136170323925013,-0.3294993935774213,1.1850184010019027,-1.0925682338209661,0.9431985180136703,18
-1.2070738165344088,0.47416732753209556,-0.5756546742685082,0.2508717844087799,-1.3381523513859193,-2.2210335335279967,-0.1637278832168922,-0.7266992528747911,-0.6276293849374665,-0.8988443321363875,1.6400289352829034,-1.0485806292396902,0.09179958226475413,18
-0.2858878484403225,0.5044902192410256,-0.5559060421048556,1.2217164654742005,-1.1882929737757442,-1.0933468808683944,0.7930071490236114,-0.27613888942024706,-0.43932028610244217,0.21859000059817663,1.5300999196497795,-0.603768950210137,0.8962929641713399,18
-0.8277619473191968,0.20126130215172552,-0.5164087777775502,0.7968805586524318,-1.2841442357983506,0.5261211542956429,1.5189296199405808,-0.6265747276626702,-0.531865356043037,-0.5052026921927036,0.8845167914405366,-0.8327619590957602,1.3338215138369791,18
-0.9903241769828591,0.6257817860767456,-0.5756546742685082,-1.4258791486477866,-1.5569330928215463,0.20094823878169413,-0.18819146874508086,-0.5639968994050947,-0.5878926416281423,-0.6194857489536195,1.8598869665645417,-1.6829265285124049,0.06579444364955439,18
-0.5297311929358159,0.0799697353160055,-0.4966601456138976,1.155971499134449,-1.6212607393386256,-1.0438014570922118,1.2941593263888955,-0.5264502024505493,-0.4462611663487321,-0.21411215269652614,0.6401528452119861,-1.0589416624722654,1.2091530299962117,18
-0.36716896327215365,0.7167504612035356,-0.6151519385958135,2.092495234095937,-1.7762125549612622,-1.1015758244697222,1.5943355766934135,-0.26362332376873193,-0.4746556764430362,0.3356741126549917,2.3901328066909433,-0.9975498487595511,1.373816124650511,18
-0.7193871275434219,0.5044902192410256,-0.5361574099412029,-1.2777933305481135,-1.1729500657615832,-1.2307043577513774,0.5334550515605591,-0.4638723741929737,-0.528163553245117,-0.35010425802357814,1.3908564998443396,-1.4093878431033993,0.7105181571968547,18
-1.28835493136624,0.4438444358231656,-0.6349005707594663,-1.4413824526666368,-1.652564096304618,-1.944516075365107,0.07295367506856028,-0.8143082124353969,-0.6442803968819658,-0.9839614004511148,2.1566953087597134,-1.7428299698847,0.3260074483206476,18
-1.0174178819268027,0.4135215441142356,-0.5954033064321609,0.9795486274470332,-1.649951839226613,-1.4018748076649241,1.3488318440451985,-0.6766369902687307,-0.5860111283063472,-0.6291856997599778,1.7157578127152637,-1.1320804281536305,1.2402660875457143,18
-0.5026374879918722,0.5044902192410256,-0.5559060421048556,-0.9328840089531978,-1.1336311692205516,-0.33684379220822946,1.676305927196456,-0.37626341463236795,-0.4837419196737796,-0.046800653426151355,1.5300999196497795,-1.2699244330156152,1.4163252945636426,18
-1.1257927017025777,0.1709384104427955,-0.4769115134502449,-1.0234007366411666,-1.442545127238331,-2.225656093235244,0.6145010436824166,-0.7517303841778213,-0.6021368667772055,-0.8595595313735828,0.659828545841454,-1.501195552534065,0.7705727198155454,18
-0.6651997176555345,0.4135215441142356,-0.4769115134502449,2.2442431425686165,-1.5158914396937102,-1.0683739839812714,1.055904890319925,-0.43884124288994353,-0.5105938026535651,-0.38959691486825204,0.9383153854679156,-0.6560093760414173,1.0670440394958594,18
-0.8006682423752531,-0.9206856910786847,-0.12143613450449693,-1.1999695966246584,0.8453187105062586,0.5599539939059658,0.01656779561659531,-0.826823778086912,-0.30653822924195673,-0.7766249519843651,-0.936497802723488,-0.12829159362346118,0.2728641715669,19
-1.1528864066465214,-0.8600399076608247,-0.23992792748641292,-1.1264846728647941,1.0543509112699434,0.4640217722792839,0.010265565210710904,-1.039588394162669,-0.5370478799625829,-0.9609240172844493,-0.813830980507182,0.05226348182736018,0.2668275430483485,19
-0.8006682423752531,-1.3452061750037048,-0.16093339883180227,-0.21822134901829837,0.8609291636304025,-0.6630958706221071,0.03926298630408804,-1.027072828511154,0.24551323136786157,-0.7600380361078248,-1.2060332796527076,0.5257538245329679,0.29443974145237783,19
-1.1528864066465214,-0.9206856910786847,-0.08193887017719159,-1.4107618994070152,0.8179891753314225,0.8547306003917159,0.09122056054640797,-0.9644950002535783,-0.5262321778763969,-0.9877311540545699,-0.9572938978902977,-0.282179841044626,0.3428987718230338,19
-1.2612612264222962,-1.0419772579144047,-0.10168750234084425,-1.4903246891796569,0.9732697708564342,-0.8918153963494898,0.05271634581289159,-1.0771350911172142,-0.5795991289624349,-1.0466445127719692,-1.0248549229385726,-0.2445163746988555,0.3071105951265353,19
-0.2858878484403225,-1.3452061750037048,-0.14118476666814958,-0.24465227639816076,0.6253689861419999,-0.8875769496986726,0.04849648019048323,-0.7767615154808516,1.0660795180922817,-0.46106899139876933,-1.2106181239635956,0.3256015384304837,0.30314559038298744,19
-1.0174178819268027,-0.7084254491161747,-0.22017929532276026,-0.9385486997231941,0.9046400262679712,-0.248566549411209,0.061968379755300416,-0.9019171719960027,-0.49299642667101645,-0.8752498571994418,-0.7166114756807701,0.0820267670510384,0.31577396235028615,19
-0.2858878484403225,-1.0723001496233346,-0.10168750234084425,-1.2306341865660015,0.6877657107539314,-0.90739494990639,0.11737806438008365,-0.6390902933141853,0.2023255321145626,-0.49117570200852007,-1.0442842373314742,-0.24557231910975533,0.36681879820040464,19
-1.1528864066465214,-0.7690712325340346,-0.2004306631591076,-0.4721496812601367,1.0309623546239395,0.4845442709750904,0.040551348209665716,-0.9770105659050934,-0.5503743700331655,-0.9686839779284039,-0.7784094087989155,0.4848165383016506,0.29565696410914055,19
-0.8277619473191968,-0.7993941242429646,-0.14118476666814958,-1.007942838166532,0.9450206688134367,-0.9943517863016111,0.12945001044862162,-0.8017926467838817,-0.3735104585959002,-0.7847161304611164,-0.8438305790833821,0.06236338964361256,0.3777537800382301,19
-0.5839186028237033,-0.9510085827876147,-0.16093339883180227,-0.39312657688342323,0.8199421290207749,-0.41921903499334157,0.07680340022057777,-0.7642459498293365,-0.14906529403296853,-0.6273427090923435,-0.9345086110123819,0.38013417799434135,0.32958023714686735,19
-0.7464808324873656,-0.7084254491161747,-0.08193887017719159,-0.9238961980640885,0.6266007214683889,-0.44551048758344636,-0.00789980040216262,-0.6891525559202458,-0.36343332875708345,-0.7615459375503943,-0.8243797244296963,-0.0935875326365253,0.24931572966636895,19
-0.8277619473191968,-1.4058519584215647,-0.06219023801353893,-1.3254698808495797,0.7978654694314974,-0.5060912368121453,0.1640056719039158,-1.0020416972081236,0.4491123851815226,-0.813484765043797,-1.26405137124216,-0.2389033839596183,0.40869921733225034,19
-0.9903241769828591,-1.3755290667126348,-0.10168750234084425,-0.729092983513643,1.0325410370894432,0.7523954765207214,0.15019403996293268,-1.0896506567687294,0.018777810026666546,-0.8923476208932334,-1.2385773812604899,0.31024202677575574,0.39639313682501426,19
-0.4484500781039848,-1.3452061750037048,-0.23992792748641292,-0.5538617846501377,0.667627685542058,-0.25000085391827664,0.12702629897370724,-0.9144327376475178,0.80695332228457,-0.48174644750765305,-1.185146766680955,0.1650907630176272,0.3755635643232183,19
-0.31298155338426625,-0.8903627993697547,-0.18068203099545493,-0.3876473975980101,0.9814025847562162,-0.04938771794511143,0.11545834686526528,-0.6265747276626702,-0.029808351633969592,-0.4448866344464818,-0.8798823463158411,0.5052736700234515,0.36507385979480256,19
-0.5568248978797596,-1.0116543662054747,-0.2004306631591076,-0.59600670235664,0.9740735293401434,0.7608834533370612,0.12065749944749209,-0.8017926467838817,-0.07839451335614821,-0.5845659260419893,-0.9542958338288546,0.35920652132993575,0.3697958245206529,19
-0.9361367670949716,-1.1632688247501248,-0.12143613450449693,-1.1729005106859591,0.7910406902872833,0.5444879727086885,0.09251296643004213,-0.9895261315566085,-0.2468265406483639,-0.8556102656841506,-1.0956331396557364,-0.14459607894040094,0.3440879824988491,19
-0.9361367670949716,-1.3148832832947748,-0.14118476666814958,-0.1662386259485989,0.63589855625959,0.34831636527182336,0.04178520741008596,-1.0646195254656992,-0.03952558401371124,-0.8494455582735858,-1.190241038136917,0.38239306536469164,0.2968219366603366,19
-0.7735745374313093,-1.3452061750037048,-0.08193887017719159,-0.17656715567651218,0.781478425565376,-0.9371339959151201,0.15886529896133447,-0.9644950002535783,0.28870093066914687,-0.776624951984006,-1.2231222448115004,0.49056286820910655,0.4041288180558147,19
-0.9632304720389154,-1.2845603915858448,-0.2004306631591076,-0.4914792324866222,0.9525019758087243,0.2082889374179716,0.10791270422528873,-1.1021662224202444,-0.13139759888719318,-0.8464645977827264,-1.152168061987536,0.4138329386439294,0.35819907053809236,19
-0.6110123077676471,-1.4361748501304947,-0.16093339883180227,-0.6933258865298366,0.8921712134728988,0.38820165171618254,0.062003263160975416,-0.9770105659050934,1.152454916594081,-0.6439296249692786,-1.2686928185697057,0.23592252219473744,0.3158065489572963,19
-0.4484500781039848,-0.9813314744965447,-0.12143613450449693,-1.3544365124208748,0.829013124040655,0.23160514610609667,0.13751743909616584,-0.6891525559202458,-0.03212197838615926,-0.5712631363649232,-0.97628163695655,-0.2390191666153856,0.38502522191741156,19
-1.2070738165344088,-1.0723001496233346,-0.22017929532276026,-1.177131475027864,0.8291224859717718,-0.6873310430323931,0.08339543934733101,-1.13971291937479,-0.5318653560480755,-1.0007724638354536,-0.9875716439699429,-0.1234950849848294,0.33568194987598815,19
-1.3154486363101836,-0.8903627993697547,-0.2004306631591076,-0.20867303535689677,0.9054229093665888,-0.7063473158599815,0.15478511255939634,-1.1021662224202444,-0.6290376794809159,-1.0734434466246987,-0.8663526213138849,0.5668076619620197,0.40049292394958524,19
-1.0445115868707464,-1.0116543662054747,-0.18068203099545493,-1.1366710186677174,0.6611166059392808,-0.5718565507663667,0.13755599520558437,-1.0145572628596387,-0.4282148777179369,-0.9042166125766999,-0.9655706046638178,-0.20337513563459036,0.3850599046901376,19
-0.8006682423752531,-0.9813314744965447,-0.2004306631591076,-0.6051513833073051,0.8016698392174567,-0.18326868165567872,0.026060342514958416,-0.9019171719960027,-0.2727391602228831,-0.7417051290864316,-0.9323100307001122,0.22926152680541317,0.2819193233920982,19
-0.6922934225994782,-1.1026230413322646,-0.16093339883180227,-1.324168323724771,0.7308409164329023,0.17905227601004275,0.14225623154993672,-0.8768860406929725,-0.08982655141223057,-0.6936903726000841,-1.0389411758740457,-0.2784155803047521,0.3892830503175151,19
-1.0445115868707464,-0.7387483408251047,-0.16093339883180227,-1.171993622494115,0.8208434841753082,0.16097599275590863,0.14228905474716938,-0.8894016063444876,-0.5005915048247767,-0.9093202790002415,-0.7883030202060526,-0.12533692901155993,0.3893125076766444,19
-1.3425423412541273,-0.7993941242429646,-0.23992792748641292,-0.3220197247990022,0.9821120037150128,-1.0138583431063806,0.027802377971412804,-1.1021662224202444,-0.6470325541909678,-1.0899333629935868,-0.7674165072354603,0.550161905958015,0.28357624528716185,19
-1.1528864066465214,-0.8297170159518947,-0.23992792748641292,-1.3496327946787043,0.7152556511550369,0.4333388543652215,-0.017202003696104737,-1.027072828511154,-0.5418317481930353,-0.9609240172844493,-0.7906237438713212,-0.30391376994937636,0.24028304144461568,19
-1.2612612264222962,-1.0723001496233346,-0.22017929532276026,-0.5328908863076713,0.6256043380710566,0.8555533846404382,0.051288910737560756,-1.1647440506778202,-0.5750530553517601,-1.0366360657314568,-0.9875716439699429,0.14754105896689107,0.30577032991147385,19
-0.6651997176555345,-1.0723001496233346,-0.12143613450449693,-1.1634419809723013,0.8161986445017576,0.5698069722451798,0.08672298537780215,-0.826823778086912,-0.09998836301122958,-0.6976396382845799,-1.0359573883061433,-0.12269643597110926,0.33875429462477497,19
-0.8819493572070842,-0.9206856910786847,-0.08193887017719159,-0.3764791744319456,0.814787962926788,-0.36843378646475977,0.039790692680970983,-0.8393393437384271,-0.35723683277298135,-0.8369410097184529,-0.9572938978902977,0.3870597618623751,0.29493840725026005,19
-1.0716052918146903,-1.0723001496233346,-0.12143613450449693,-0.7973919351738018,1.0513122681842477,-0.68619481993451,-0.010998404859435835,-1.0145572628596387,-0.423896107788864,-0.9345955793839359,-1.0359573883061433,0.2764226738625949,0.24631184063933134,19
-1.3154486363101836,-0.9813314744965447,-0.08193887017719159,-1.3223788234161873,0.7112314684969551,0.12853309386893125,-0.012054183427597618,-1.0646195254656992,-0.6244104259842487,-1.0782052406562401,-0.9952693760218981,-0.2890904604424151,0.2452872093228518,19
-1.2341675214783525,-0.7387483408251047,-0.08193887017719159,-0.9070273342039515,0.9692893920936131,-1.1520139015445199,0.02404265408080516,-0.9269483032990329,-0.5944130584864824,-1.0329681973554052,-0.8433674634954965,0.1462061488241297,0.2799983436361404,19
-0.36716896327215365,-1.0723001496233346,-0.18068203099545493,-0.29022275965576755,1.0346172128766038,-0.05791117208912336,0.12317585675267333,-0.7266992528747911,0.1375439831590356,-0.47891107727094245,-1.0084147338378064,0.6120124759467137,0.3720786788970845,19
-0.2858878484403225,-0.7084254491161747,-0.2596765596500656,-0.9330212428501807,0.8803724207504192,-0.25823982127660694,0.01778209011669692,-0.5890280307081249,-0.14317606230339747,-0.3501042580091351,-0.6779028802119941,0.06955294984978319,0.2740250110576184,19
-0.5297311929358159,-1.2845603915858448,-0.06219023801353893,-0.15341920696757239,0.6921143734325242,-0.5620168271527588,0.07607340940217754,-0.8143082124353969,0.4339686465228719,-0.6513015875799801,-1.1897882140069926,0.43479427782942587,0.32890329398761214,19
-0.6381060127115908,-0.8903627993697547,-0.14118476666814958,-0.25452200805931613,0.8716189457918148,0.18193082865315688,0.1273432762384231,-0.7517303841778213,-0.2241529985032495,-0.6714396317892949,-0.9049618365634178,0.5102079684038537,0.37585015331837973,19
-0.7193871275434219,-0.9813314744965447,-0.12143613450449693,-0.9469716819974986,0.7074241299909697,0.6843634972197629,0.10882228443283702,-0.8143082124353969,-0.21721211826056228,-0.7292337637644939,-0.97628163695655,-0.05428651032043848,0.35902915088792364,19
-1.2612612264222962,-1.1935917164590548,-0.14118476666814958,-1.1387139619904947,0.8232961536829829,-0.0508122597574421,-0.011739177192690754,-1.1647440506778202,-0.5503743700371317,-1.0436338417109943,-1.108732694830203,-0.10216006870174428,0.24559298226716275,19
-1.2341675214783525,-0.8903627993697547,-0.16093339883180227,-0.18251220449726496,1.0058300936749367,-0.22173812663996842,0.022019660427914544,-1.039588394162669,-0.5804515177635959,-1.0254286901387877,-0.8927355850677163,0.6630910110247732,0.27807029072099565,19
-1.369636046198071,-0.7993941242429646,-0.2004306631591076,-0.6262459375369683,0.8275258123800389,0.3470527554209412,0.10786873551877726,-1.0896506567687294,-0.6614284539591293,-1.1083632695234635,-0.8003952119276578,0.23409363279740655,0.3581589352982286,19
-0.2858878484403225,-1.2845603915858448,-0.08193887017719159,-0.2287054155001444,0.6571333173096914,-0.19008956396933704,0.14403830639309026,-0.714183687223276,0.7519871595660337,-0.5052026921789954,-1.1851467666799,0.36019446054066495,0.3908816990677438,19
-0.34007525832820995,-1.1935917164590548,-0.22017929532276026,-0.7527782433433049,1.0402357841824046,0.24416110366964833,-0.014828601710577054,-0.7892770811323667,0.39358534329984807,-0.4269548334993997,-1.077891700066334,0.29938333184390126,0.24259190910177728,19
-0.7735745374313093,-0.8297170159518947,-0.2004306631591076,-0.5324777881004419,0.6131225582411653,0.6701742927806393,0.12339645193371719,-0.826823778086912,-0.33253751310237073,-0.7242452176370491,-0.8223810150564003,0.13868908378438094,0.37227850993622785,19
-0.2858878484403225,-0.7993941242429646,-0.06219023801353893,-0.7814158560737544,1.0473271798130699,-0.7545499141894062,0.1632754044497528,-0.501419071147519,-0.08559246323267111,-0.5186062605641302,-0.8927355850663239,0.28465030953754944,0.4080506169381654,19
-0.9632304720389154,-1.4361748501304947,-0.14118476666814958,-1.3051673567796085,0.7797338775492706,0.5529976099385575,0.09492505738295343,-1.1271973537232747,0.3102947802658048,-0.8656279152267032,-1.2717493814436311,-0.2367568510162523,0.3463054137801849,19
-1.1799801115904651,-0.9206856910786847,-0.2596765596500656,-1.158567098182625,0.7743081499474462,0.7558318041980143,-0.016559051224498696,-1.0896506567687294,-0.5431317123867384,-0.9756679425084561,-0.8449949839900592,-0.14587098019864833,0.2409087987442021,19
-1.369636046198071,-1.1026230413322646,-0.12143613450449693,-0.4767943600936836,0.8856133679937589,0.5044973385943793,0.10248220952663371,-1.1647440506778202,-0.6614284539591293,-1.1083632695234635,-1.0558493054226743,0.37428146451793065,0.35323538330176313,19
-1.2341675214783525,-1.1632688247501248,-0.2004306631591076,-1.452596511985898,0.7496382896054216,-0.982343169036032,0.0839374288654322,-1.1772596163293352,-0.5318653560495151,-1.0210637122765511,-1.0642248494725666,-0.3490839517077859,0.3361827233298831,19
-0.6922934225994782,-0.7993941242429646,-0.14118476666814958,-1.2672032335182206,1.0240833675865315,0.5867817730682632,0.08333106511338025,-0.7392148185263062,-0.3015309597550929,-0.7038043456955296,-0.8438305790833821,-0.06297948296656668,0.3356224619504572,19
-0.5297311929358159,-0.8600399076608247,-0.2004306631591076,-0.129086200615806,0.9400004051110153,0.03604030681895405,0.10834774126162935,-0.7266992528747911,-0.1794537297225119,-0.5671060145926068,-0.8443668181851427,0.6470899655408794,0.35859613099486043,19
-0.31298155338426625,-1.1026230413322646,-0.06219023801353893,-1.4852716231591514,0.8509010466253738,0.5880500704083987,0.025811474066988714,-0.6390902933141853,0.23027051401403265,-0.5333501857881136,-1.078393478154242,-0.3116053387254123,0.2816824920747517,19
-1.0174178819268027,-1.4058519584215647,-0.10168750234084425,-1.464453670015651,0.882396426943834,0.7030606421086716,0.11281537606884541,-1.1146817880717597,0.0604230914822944,-0.9077773100811068,-1.2580066956533913,-0.27972566811708405,0.3626687965272649,19
-1.0174178819268027,-1.1026230413322646,-0.06219023801353893,-0.8615947998912676,0.9510331503605158,0.8918002114267909,0.05122879159843284,-0.9644950002535783,-0.364195464634742,-0.9166922416116802,-1.078393478154242,0.16446508148956027,0.30571386059572797,19
-1.2070738165344088,-0.7084254491161747,-0.16093339883180227,-0.5621398314475714,0.8973192610744496,-0.13971432664913513,0.06374024091490117,-0.9519794346020631,-0.5836905952107695,-1.0088417742618525,-0.7674165072337198,0.3264139131194611,0.31742842855015535,19
-0.5026374879918722,-1.2239146081679848,-0.12143613450449693,-0.4177621532033214,0.9656200469544587,-0.8832460534045732,0.057427301793046795,-0.8143082124353969,0.2953451921328239,-0.6028572618448373,-1.1354169738887985,0.4731166053577201,0.3115269272068819,19
-0.5839186028237033,-1.1329459330411948,-0.23992792748641292,-1.1467530741359508,0.7838563482916326,-0.9423340460269748,-0.010984831507344936,-0.8894016063444876,0.043070890927333315,-0.573895980157037,-1.0226961102299295,-0.1322605493621305,0.24632500982810593,19
-1.2612612264222962,-0.8903627993697547,-0.10168750234084425,-0.6344585772005604,0.7488764773206503,0.9434741184844044,0.11658494236869209,-1.0145572628596387,-0.5966469050027027,-1.0466445127719692,-0.9277083509740648,0.17265331952634874,0.36609808659236853,19
-0.5839186028237033,-0.9510085827876147,-0.10168750234084425,-1.1758679280343192,0.7399248066057602,-1.173007332007949,0.04685381885187053,-0.7266992528747911,-0.14906529403296853,-0.6609022830751295,-0.9665669797598679,-0.1785070459361107,0.30159981743833925,19
-1.1257927017025777,-1.1329459330411948,-0.23992792748641292,-0.3627295175858613,0.9637598154485998,-0.744606035779456,0.06395505040456685,-1.13971291937479,-0.4427907262357443,-0.9424941107545726,-1.0226961102299295,0.5087555654727777,0.31762890439578945,19
-1.28835493136624,-0.8297170159518947,-0.18068203099545493,-0.2435615655780567,0.8856083740028692,0.7889937137916688,0.0025034805660743187,-1.0521039598141841,-0.616579689296844,-1.0573266052867727,-0.8370382171418528,0.5282792213774453,0.25936517274545345,19
-0.2858878484403225,-0.7387483408251047,-0.12143613450449693,-0.19435808175688632,0.7877335653813674,0.8201682804440503,0.13161971023434807,-0.5139346367990342,-0.125305290177954,-0.4764807599251808,-0.8171463000243016,0.4840192248093089,0.37971223865286685,19
-1.369636046198071,-1.4664977418394247,-0.23992792748641292,-0.24973458827448328,0.8717625086535228,-0.4091356976392925,0.03759206261838237,-1.390024232405092,-0.6614284539591293,-1.1083632695234635,-1.2779757132243983,0.513469557152292,0.29285987654743184,19
-1.1528864066465214,-0.9206856910786847,-0.2004306631591076,-1.247419083650175,0.7051490868015737,0.6926300660966915,0.036636105881204514,-1.039588394162669,-0.5262321778763969,-0.9686839779284039,-0.8883384244426273,-0.245439085459549,0.2919554032657753,19
-1.1528864066465214,-0.7690712325340346,-0.22017929532276026,-0.34215557949020076,0.6615087775385352,-0.500035511191167,0.08824177577380266,-0.9895261315566085,-0.5503743700331655,-0.9649088619394502,-0.7617715037289655,0.29278862875645784,0.34015489467430415,19
-1.28835493136624,-0.7993941242429646,-0.08193887017719159,-0.20703439041103294,0.9231566024638952,0.15744216866237487,0.13649306778692474,-0.9770105659050934,-0.618240754654645,-1.0631262262226284,-0.881342941627097,0.5817645353048089,0.3841035183920746,19
0.6352981196537638,-0.4355194237358046,-0.2004306631591076,-0.4691482556786554,0.5889925799423171,1.696350597387018,2.358350635608972,-0.013312010738429698,0.07608456494123926,0.18367017773083968,-0.5365655743827493,0.15987096194597689,1.736341974124248,20
1.1500785135886944,0.0799697353160055,-0.12143613450449693,-0.3474507880020623,0.48268434441797586,1.1803148828284709,1.6676618531216507,0.4873106153221748,-0.01592659112793763,0.360763565292544,-0.280064537877963,0.15367033670237112,1.4118887388943642,20
0.2559862504385518,-0.16261339835543454,-0.18068203099545493,-0.26353066200330744,0.396180209260377,0.7403040870090281,2.322697185169009,-0.06337427334449015,-0.1755668367758074,-0.08762998478964554,-0.3657527962279799,0.13676458678217457,1.720926939064318,20
0.44564218504615777,-0.19293629006436455,-0.08193887017719159,0.2201399641588737,0.46292752523054265,1.8080430367035132,3.2202729384949627,0.07429694882217609,-0.10733946074605463,-0.09806930247147935,-0.5015881603110931,0.47477554165684904,2.0742957762418577,20
1.095891103700807,0.0799697353160055,-0.22017929532276026,-0.43146378529643625,0.40824838951427117,-0.13700322347733954,3.0218864586704615,0.399701655761569,-0.029808351618930966,0.5234306167446895,-0.12953111105422876,0.0481282862523102,2.0018437397900324,20
0.6352981196537638,-0.5568109905715246,-0.16093339883180227,0.1728070378487258,0.38980549265442926,0.6603076771691355,2.537048032760063,-0.03834314204145992,0.16037176709887313,0.11906850536973954,-0.6629839423720562,0.3850808120370144,1.8117092474013332,20
0.9333288740371446,-0.041321831519714525,-0.06219023801353893,0.137737813827863,0.4890306142346882,0.9755010689350944,2.949664095433086,0.37467052445853877,-0.026070954564536328,0.1448703745151199,-0.42859085234652905,0.44784532477034883,1.9747404270700826,20
0.2559862504385518,-0.13229050664650455,-0.08193887017719159,-0.9561262313998499,0.5847571913640266,-0.2903200723701809,2.4863987636778413,0.011719120564600527,-0.18548237998342793,-0.20362240350676128,-0.4636126821794926,-0.14119787231755412,1.7906601057959814,20
0.3643610702143266,-0.25358207348222456,-0.10168750234084425,0.002677913443432727,0.5412093378724099,-1.2078677708440357,1.9371153978997542,-0.0007964450869145851,-0.10862590285353972,-0.12086316149955395,-0.519692748723132,0.4098716822444957,1.545374668081357,20
0.9604225789810883,0.1709384104427955,-0.2596765596500656,0.03376958453225388,0.47754076966396874,0.6166708148559046,2.548841583152914,0.34963939315550857,-0.09486439866519057,0.5218936052323431,0.014335835439990457,0.3764088986519816,1.8165760020842439,20
0.7436729394295386,-0.3445507486090146,-0.12143613450449693,-1.0836470613547404,0.45479162894757413,1.4978677734235164,2.898372672847019,0.12435921142823654,0.06042309156822921,0.12380762419318792,-0.5585513775093978,-0.30250140166533945,1.9552458073536978,20
0.5811107097658763,-0.25358207348222456,-0.2596765596500656,-0.036832607653695316,0.5150804131868957,-0.9188535361233422,1.6724415203293252,-0.0007964450869145851,-0.03952558396534102,0.25650295120232786,-0.31984837211614003,0.3648239128857687,1.4143432210317062,20
1.1500785135886944,0.14061551873386552,-0.2004306631591076,-0.9878386529881195,0.5522177025985571,0.5982722011270107,3.204634509535857,0.4622794840191446,-0.03818527605276732,0.5154084952691067,-0.11883531493664387,-0.18195436331913292,2.068687297224532,20
1.0417036938129194,0.019323951898145487,-0.2004306631591076,-0.21735150109987555,0.5415145284009416,0.2789829712025265,2.3110475654515064,0.3621549588070237,-0.0208109142640812,0.44556884947157666,-0.20677852745161338,0.2770391672575148,1.7158619235107064,20
0.6894855295416512,-0.4051965320268746,-0.10168750234084425,-0.09062314969109342,0.5227317342135217,-1.8084434319195795,2.328120367219675,0.0868125144736912,0.07708120415644287,0.06429310875492919,-0.6168393206876398,0.33864636904698664,1.7232800639691797,20
0.2559862504385518,-0.3142278569000846,-0.08193887017719159,-0.9079917541259405,0.515322625788395,1.2235872505266459,3.5478207450769657,-0.06337427334449015,-0.11907129989533959,-0.20362240350676128,-0.5775391165742938,-0.15821033969527634,2.1879881832497396,20
0.7707666443734823,-0.3445507486090146,-0.22017929532276026,-0.14680929985591018,0.5102912675731075,0.1530686145359745,3.496999881743131,0.07429694882217609,0.06967759856216968,0.3082490053686691,-0.4456513073915972,0.2949825589775484,2.1708035709183062,20
0.7165792344855949,-0.4658423154447346,-0.23992792748641292,-0.7409222961544017,0.3913302035382908,-0.6662861962269679,2.203829021966463,-0.013312010738429698,0.12617879915477986,0.3107395332770485,-0.5121369042409915,-0.14417277795504882,1.6685766848476704,20
1.177172218532638,-0.10196761493757453,-0.22017929532276026,0.009798961316253255,0.4125151140825356,0.6184587824788776,1.9314147556390715,0.3621549588070237,0.06930741828519582,0.5772260195886945,-0.26501119519881516,0.3090283291177639,1.5426489023675012,20
1.3126407432523566,0.1102926270249355,-0.2596765596500656,0.22543720522413538,0.4355842278280231,-0.6579673761257565,3.072772686303083,0.4873106153221748,0.013663477287286016,0.7683277839744997,-0.03340476563945673,0.4546212060184837,2.0207024002822496,20
0.8249540542613698,-0.25358207348222456,-0.2596765596500656,0.18024034044120235,0.38820217358651354,-0.40206573737108803,2.101206978234752,0.11184364577672143,0.0382122747838825,0.427111228793052,-0.31984837211614003,0.3880409510420323,1.622147285195228,20
0.4998295949340452,0.04964684360707549,-0.2004306631591076,-0.5742913205919767,0.501269576757094,-0.9934251225350703,3.0550271354797154,0.12435921142823654,-0.1738000672574842,0.09637062048392732,-0.18479272432287114,0.032055576868121084,2.0141478200157614,20
0.7165792344855949,-0.5264880988625946,-0.22017929532276026,0.2505047850657308,0.4482982030756363,-0.43081502267358346,1.658231208935096,-0.02582757638994481,0.16993475765989263,0.27238540347266593,-0.5811313915361835,0.4802362140456301,1.4070362039647375,20
0.7436729394295386,0.14061551873386552,-0.08193887017719159,0.23398110566064953,0.42253354545877825,-1.758678607281684,3.2936545329758684,0.34963939315550857,-0.13870836926347088,0.06779985629824932,-0.29272303058729077,0.448508366502878,2.100386270555022,20
0.3914547751582703,-0.49616520715366463,-0.16093339883180227,-0.4458560095052338,0.5442058936910554,-1.4683556325406293,1.5460664926328203,-0.1259521016020657,0.021404089105093872,-0.030213737522677062,-0.6212109164273906,0.14083295936121962,1.3483153223604265,20
0.47273588999010147,0.14061551873386552,-0.2004306631591076,-0.47253804710476427,0.5189620775162683,-0.17218030757582853,2.142936010672276,0.14939034273126678,-0.20572376473727325,0.07891070903454482,-0.11883531493664387,0.10601994223943163,1.6411688222205758,20
1.177172218532638,-0.010998939810784519,-0.16093339883180227,-1.05449823082758,0.5127110205888339,-0.9703928423212539,2.5208532055635606,0.43724835271611434,0.027945010423089858,0.45080682290844304,-0.2870267088700666,-0.24789003455613082,1.8050051372367386,20
0.8249540542613698,-0.010998939810784519,-0.12143613450449693,-0.38329926020686544,0.4292205877644806,-1.6693213188841132,2.3703288185337232,0.2995771305494481,-0.06739387294891912,0.17119881241305912,-0.33974028922755617,0.09203216908208502,1.7414918887794748,20
1.1500785135886944,-0.010998939810784519,-0.2004306631591076,0.2594926591634981,0.4686845342228023,0.7750346189366029,3.4072739657355946,0.399701655761569,0.02061125016370461,0.5154084952691067,-0.22876433058035578,0.5030144725451774,2.14006480118801,20
0.8791414641492572,0.14061551873386552,-0.06219023801353893,0.027464609812305203,0.5407532534329307,-0.7678517266391917,2.5879826043121783,0.4247327870645992,-0.10520067152656969,0.11538252406715319,-0.3171961164937783,0.4244883841771061,1.8326360905829355,20
0.2559862504385518,0.04964684360707549,-0.06219023801353893,-0.8311121047141246,0.532264359806159,-0.6897919567964435,3.350805967321484,0.09932808012520632,-0.23740376987074224,-0.22372775608446346,-0.3728934844201537,-0.10048906986089823,2.1204521703636896,20
0.31017366032643917,-0.3445507486090146,-0.23992792748641292,-0.5599705735234318,0.47556181945762893,-0.051010338811136015,2.643594453260319,-0.15098323290509594,-0.08764902033481875,0.03429093532889676,-0.4193079576975482,0.021980420638235448,1.8552151934701522,20
1.0146099888689757,-0.5568109905715246,-0.16093339883180227,-0.40232460594120023,0.5438680683575382,-0.7955264861279006,3.4185447527958495,0.13687477707975165,0.31584748459633316,0.351285327646832,-0.6629839423720562,0.1669275805587049,2.14395441877785,20
0.5269232998779889,-0.5264880988625946,-0.12143613450449693,-0.745699221326783,0.4154359154262079,0.6161196271205189,1.8003196357023556,-0.050858707692975035,0.09435628387634519,-0.0025688777264687,-0.6779028802085841,-0.1301858434095496,1.4788211335634858,20
0.7436729394295386,-0.4051965320268746,-0.2004306631591076,0.16751069750683745,0.5559452787676832,1.3962871414640317,2.634627929264625,0.04926581751914586,0.09651566884369475,0.2535098235283694,-0.5145797712540069,0.5219748367966455,1.8515934182713596,20
0.8520477592053135,-0.4051965320268746,-0.16093339883180227,-0.35269816533746784,0.5989474439604325,-0.25589429961770643,3.5507012222353924,0.12435921142823654,0.1353845982181986,0.25176383238522093,-0.5585513775103923,0.23874719432384314,2.188957385057281,20
0.2559862504385518,0.04964684360707549,-0.08193887017719159,-0.5158981413794947,0.4869538121769902,1.771510463053722,2.9210660344625294,0.0868125144736912,-0.23740376987074224,-0.20362240350676128,-0.34968624778469143,0.056511219287813774,1.9638965714119323,20
0.8249540542613698,-0.37487364031794457,-0.2004306631591076,-0.5802915643978083,0.5502089780352349,1.3629518102766929,1.773556648983136,0.09932808012520632,0.10646990685470666,0.30588955787651695,-0.49259396812526446,0.06379723939818092,1.465513159329925,20
0.6623918245977075,0.019323951898145487,-0.23992792748641292,0.13400447939652893,0.5879671329197035,0.7165723938517077,2.803263661494792,0.16190590838278188,-0.12158221264307756,0.27387972021729506,-0.1408211180672184,0.5284357362616257,1.9185394771173752,20
0.47273588999010147,0.1102926270249355,-0.10168750234084425,0.09331867429527375,0.3997537844259873,-0.9854930028499462,1.4457985027630011,0.19945260533732723,-0.19772894562825818,-0.05914440474805952,-0.28654097600831335,0.34720914469715725,1.2941820968024185,20
0.6894855295416512,0.20126130215172552,-0.18068203099545493,-1.1003895770339156,0.39831421623476926,0.3835288711253257,1.9131066496126177,0.287061564897933,-0.16908868187797832,0.18456555780603937,-0.10868802118404945,-0.34843384656078646,1.5338673700574013,20
0.8791414641492572,-0.37487364031794457,-0.10168750234084425,-0.9014558722535446,0.5030208533627596,-0.2784469606355145,2.3594833152792045,0.1869370396858121,0.12543036020813475,0.17230093307004432,-0.5974100062947383,-0.16252934667874877,1.7368295793813806,20
1.2042659234765818,-0.4355194237358046,-0.23992792748641292,-0.34625291480388315,0.5243209181667053,-1.1735930277804267,3.308449228318824,0.22448373664035745,0.2853788000345871,0.6424778508148306,-0.48892966760513057,0.1860135805968804,2.105601794123507,20
0.9062351690932009,-0.10196761493757453,-0.08193887017719159,-0.025742514339108267,0.4458721078352442,-0.6903102183769697,1.4412592229332044,0.3246082618524783,-0.008430440464200474,0.15827394289991953,-0.4446249431136924,0.31533388401372014,1.2916931899817359,20
1.095891103700807,-0.5568109905715246,-0.18068203099545493,-0.35995834929281395,0.40147806715412476,0.6479768134339805,1.8708863903194377,0.16190590838278188,0.3491637097743603,0.4397488789894939,-0.6442396358589048,0.08471325231310343,1.5134545637947276,20
0.6623918245977075,-0.4658423154447346,-0.18068203099545493,-0.42853017470360133,0.5980454571442234,-0.3287450463025889,3.284507169270178,-0.0007964450869145851,0.10572146790506783,0.16755333639380912,-0.5799734420979221,0.19150616751017405,2.0971541454072353,20
0.7436729394295386,-0.3142278569000846,-0.12143613450449693,-0.8478810495133065,0.5176132902495814,1.0523349420849062,1.6171562162393496,0.13687477707975165,0.043635846323797294,0.12380762419318792,-0.5386594603928667,-0.12055204893869088,1.3857500376472862,20
0.8791414641492572,0.20126130215172552,-0.23992792748641292,-0.0037914274898233373,0.3892093217387675,0.5615499954678466,1.7721294705238746,0.33712382750399345,-0.12374159760734599,0.42131897245630906,-0.0015776982520536488,0.2820998971573644,1.4648007711777313,20
0.5540170048219326,-0.22325918177329457,-0.16093339883180227,-1.0540142737397806,0.478093440834408,0.9915524343754657,1.6104918459605249,0.06178138317066098,-0.06149497882896222,0.06930775773893401,-0.4332322996763959,-0.2699488499104655,1.3822729667779365,20
0.4998295949340452,-0.49616520715366463,-0.12143613450449693,-0.5053127514193311,0.5340972847484828,0.7805676862749759,2.6861213232570043,-0.050858707692975035,0.06342455329366144,-0.01836594046642572,-0.6580109630920531,0.09742556044080376,1.8722959855197658,20
1.095891103700807,-0.5568109905715246,-0.2004306631591076,-0.14201435824080857,0.4063157738932494,-0.4331990368000577,1.4599027461819214,0.14939034273126678,0.3491637097743603,0.4804886723703417,-0.6245087868977188,0.21544899412675209,1.3018940317503302,20
0.2559862504385518,-0.5264880988625946,-0.10168750234084425,-0.4316015999229616,0.5203042215530812,-1.5292515007221614,2.1191970059133562,-0.16349879855661104,-0.013612964385865487,-0.18258191825104822,-0.6945565782592461,0.13163208069042973,1.63037196708381,20
0.6894855295416512,-0.13229050664650455,-0.12143613450449693,-0.1298670961753882,0.583943567546929,-1.6324235113736465,1.7015346228171075,0.1869370396858121,-0.0585634269232409,0.09221349871327372,-0.41930795769368034,0.3636645618793301,1.4292128397868489,20
1.095891103700807,-0.5264880988625946,-0.06219023801353893,-0.2316575738834776,0.49295428586256357,-0.6705325923529413,2.9940823550785005,0.24951486794338767,0.3210917052269875,0.23333392585902002,-0.7256434812871978,0.23059971569056945,1.991456895171512,20
1.2042659234765818,-0.041321831519714525,-0.23992792748641292,0.12106929375889684,0.5550391816579646,-1.1969056345847524,3.3313628229409247,0.3871860901100539,0.04867698654070993,0.6424778508148306,-0.18723559133894002,0.49302085560931386,2.1136502836227176,20
0.5811107097658763,-0.4051965320268746,-0.2004306631591076,-1.0274910143131608,0.4818889902692411,1.4513647343693155,2.578672546018555,-0.02582757638994481,0.038212274781939136,0.1487503548320747,-0.5145797712540069,-0.2517110999439182,1.8288287765395987,20
1.3126407432523566,-0.37487364031794457,-0.23992792748641292,-0.2287803750423834,0.5061639259375088,0.347874659553815,1.4395611216037913,0.2995771305494481,0.27711398703555906,0.7161974769343377,-0.44251519433340897,0.242602495411775,1.2907612448184014,20
0.4998295949340452,-0.22325918177329457,-0.14118476666814958,-0.3901150734715773,0.39553879232002354,-1.883448426921939,2.9055249794719025,0.04926581751914586,-0.07839451333967111,0.0082193602416341,-0.4566659483764904,0.0626840998915654,1.9579766901729818,20
1.2584533333644692,0.1709384104427955,-0.10168750234084425,0.14676808118225143,0.5643738338787628,-0.23648091102363342,3.055641436130195,0.5874351405342957,-0.022396903220617007,0.38831658170027444,-0.2476823472225101,0.5164533684548963,2.0143751128746046,20
0.7436729394295386,-0.5568109905715246,-0.08193887017719159,0.18315439388028604,0.5926548492127683,0.7795365148903217,1.458864361087336,0.06178138317066098,0.20479340066957594,0.06779985629824932,-0.7294410291006954,0.5624923754564699,1.3013273668800838,20
0.44564218504615777,-0.3142278569000846,-0.18068203099545493,0.08443803961113322,0.6059321233609841,-0.6067901710413598,1.5158551792531803,-0.03834314204145992,-0.05579629858789745,0.031455565095966684,-0.4728631191629511,0.5129795942589316,1.3321722072830202,20
0.60820441470982,-0.5568109905715246,-0.2004306631591076,-0.1436085121927231,0.471611903320416,-1.8922789122581718,1.5011582782922643,-0.07588983899600527,0.14926635870619742,0.1662102662814572,-0.6245087868977188,0.26625559201702137,1.3242673875674482,20
0.44564218504615777,-0.25358207348222456,-0.2004306631591076,-0.5705239996554972,0.48021152912589254,1.0738844933265892,2.8650701877762557,-0.02582757638994481,-0.08271328327046522,0.06145079758516231,-0.40465075561029495,0.019073699305799996,1.9424764791291527,20
1.3126407432523566,0.04964684360707549,-0.2596765596500656,-0.768856789603319,0.39342774710115247,0.04163781647235043,3.1758324952093457,0.4622794840191446,0.038212274786709376,0.7683277839744997,-0.0811453667189041,-0.1589418241630439,2.0583128038857152,20
1.2855470383084129,-0.010998939810784519,-0.2004306631591076,-1.056605362542267,0.4563226807083177,-1.8803885691217403,3.0389543610736753,0.4622794840191446,0.0572800514606311,0.6027080525160189,-0.22876433058035578,-0.2855357680499583,2.008190818279724,20
0.9333288740371446,0.14061551873386552,-0.14118476666814958,-0.7596460259762825,0.39705124690076776,0.7348725599672026,2.2420579094972903,0.399701655761569,-0.09179759243180924,0.2671370714915119,-0.21214091845634805,-0.1510794030017852,1.6855764831631523,20
1.3126407432523566,0.019323951898145487,-0.22017929532276026,-0.8834928685036231,0.3977424438129211,-1.130400167757688,1.7327852440171987,0.4747950496706597,0.05116858457805904,0.6668850243287029,-0.1746911391024242,-0.22263765169182956,1.4450520022618116,20
0.6894855295416512,-0.19293629006436455,-0.12143613450449693,-1.0928278028446328,0.5305494396877873,-0.9438370603123989,2.915114179629783,0.16190590838278188,-0.032909595986089335,0.09221349871327372,-0.45909179192674254,-0.25949018995758943,1.9616316547767207,20
0.2559862504385518,-0.07164472322864453,-0.23992792748641292,-0.5767130101917847,0.5089732753855424,-0.5701477147340842,2.7942545355916506,-0.06337427334449015,-0.2041469319036777,-0.0025688777308568154,-0.21044282797480093,0.03617270538476292,1.9150241026359758,20
1.2042659234765818,0.04964684360707549,-0.12143613450449693,0.232903243975496,0.4791961621836673,-0.6705158184563318,1.6358590705792648,0.4998261809736899,0.009943962514150214,0.392357690772458,-0.29995645499449397,0.49621087760139154,1.3954730070473669,20
1.2584533333644692,-0.8600399076608247,0.0365529228047244,0.11926998228147268,0.42318147624169256,-0.4855052405365345,-0.9896665528624792,0.24951486794338767,0.8466860057489963,0.17878140253314184,-0.9762816369549587,0.3818675119521857,-1.0911858039223243,21
0.9333288740371446,-0.7993941242429646,-0.06219023801353893,0.08990085378000934,0.7748317251457764,-0.0030813311488695734,-0.8311289798162378,0.06178138317066098,0.5622230263345944,0.1448703745151199,-0.8927355850663239,0.6565208340207415,-0.7971135672568098,21
1.6106714976357375,-1.4058519584215647,-0.06219023801353893,0.20190070697040605,0.5936402041386756,-0.36221243751591936,-1.003521150341339,0.12435921142823654,5.446546161314456,0.5134685051147032,-1.26405137124216,0.5748209052829754,-1.1192738872524202,21
1.7732337272993997,-1.4664977418394247,0.11554745145933507,-0.047452126338484196,0.42730860492733813,0.2384547685316933,-0.841434458212561,0.287061564897933,8.356163159347672,0.3168828354668708,-1.3166544409501166,0.28754168987792633,-0.8148609854110872,21
1.3939218580841877,-0.7690712325340346,0.11554745145933507,-0.09086498601551277,0.3950568434464402,0.5074907935278035,-0.8730086118529596,0.399701655761569,0.7545111160969096,0.1448703745197614,-0.9608101458636226,0.2362549389230709,-0.8703303416595123,21
1.8545148421312307,-1.0419772579144047,0.13529608362298773,-0.08462916946818713,0.5375161364980782,0.4507605950754505,-1.0299121522304189,0.512341746625205,1.7729939646925257,0.32715890456289565,-1.1053982626022274,0.35410824648057676,-1.1739978545941643,21
0.9062351690932009,-1.4058519584215647,0.05630155496837707,0.23684693089389605,0.7266879152264454,-0.09022288718879497,-0.8685438327640017,-0.1259521016020657,4.0028430704316085,-0.015578223507724162,-1.2793408447902768,0.7098267583094079,-0.8623840486924741,21
1.6919526124675686,-1.0419772579144047,-0.042441605849886266,-0.03903205956351736,0.4330634116397,-0.23662632787383964,-0.9817011260085273,0.3246082618524783,1.6502499771974841,0.521481507954612,-1.0489303777292533,0.29713615893165124,-1.075229765603454,21
0.8520477592053135,-0.9510085827876147,-0.06219023801353893,0.11992584519028193,0.6229855932076578,0.055205811624476346,-0.8892759165272915,-0.03834314204145992,0.7873225499700149,0.1006385988431699,-0.9855645316102829,0.5490485637080741,-0.8995772389895726,21
1.55648408774785,-0.9510085827876147,-0.042441605849886266,0.1107027262459328,0.6850223196337532,-0.4501534166091669,-0.9123302881770469,0.2995771305494481,1.246682624386573,0.44936448240248483,-0.9944438221490771,0.5950451637637291,-0.9418421389674356,21
1.3126407432523566,-1.4361748501304947,-0.06219023801353893,0.10066873306080962,0.6769928215037545,-0.6054892654736732,-1.1420608016367988,-0.02582757638994481,5.751944891925436,0.35128532765088655,-1.2826171605509515,0.5820660620150676,-1.4266876719054042,21
1.1229848086447507,-0.9813314744965447,-0.0029443415225809313,0.039639434803030546,0.47448645049657895,-0.11896806786877345,-0.8851256357190209,0.11184364577672143,1.0414008328853777,0.16330028104686523,-1.0284979193863562,0.3773884396552759,-0.8920710379645742,21
0.8791414641492572,-1.3148832832947748,0.0957988192956824,-0.1355620796945944,0.6076820899201004,-0.3545507098390361,-0.9956168568969792,-0.07588983899600527,2.5646926838827264,-0.06933382213171888,-1.2363778362341866,0.3790206136455388,-1.10319647210884,21
1.2042659234765818,-1.2542374998769148,0.05630155496837707,0.0293522771168626,0.5701541990781439,0.27414980145294926,-1.0782058348522252,0.07429694882217609,2.415695121342922,0.12752458013719406,-1.1974329507806871,0.44974467588641626,-1.2785736574127708,21
0.7978603493174261,-1.1329459330411948,-0.042441605849886266,-0.022160266377149143,0.44572110250744396,0.6083993400762452,-1.0007175435274536,-0.1259521016020657,1.282018014693181,0.045509139310572155,-1.1034169333094295,0.31732273460911903,-1.113555178002409,21
1.2584533333644692,-1.2542374998769148,-0.022692973686233596,-0.06486741521767803,0.8156297491505874,0.3820489828207873,-0.8222029596641283,0.04926581751914586,2.480476670296649,0.26093957308819843,-1.1807028277492968,0.5899351190085517,-0.7818793502183431,21
1.0146099888689757,-1.4664977418394247,-0.022692973686233596,0.04908766743129238,0.6825585654969661,0.24912652342617317,-1.1338081875498238,-0.15098323290509594,6.179503114756376,0.13389085573247714,-1.3051331177977001,0.5543245403761818,-1.4068587759472675,21
1.5835777926917938,-0.9813314744965447,0.13529608362298773,-0.14138663701157664,0.8200578057716064,0.3887475871890064,-0.8374462399159056,0.41221722141308414,1.3560540706718627,0.20652678909345382,-1.0750178800968089,0.5437832415686653,-0.8079723512416462,21
1.1229848086447507,-1.0116543662054747,0.13529608362298773,-0.10103436226911006,0.7208392932773462,0.15290390492603598,-0.8043996684051979,0.1869370396858121,1.1265422972233459,0.0014521927954024333,-1.0902080713495181,0.4907066211457233,-0.7518668942333431,21
1.827421137187287,-0.9813314744965447,0.05630155496837707,-0.23431736654635912,0.6674798816517422,0.27052903587141136,-0.9988232175357021,0.4747950496706597,1.5226351965588252,0.42673953321293223,-1.0499987415634255,0.3647422182918391,-1.1097012617224067,21
1.827421137187287,-1.2239146081679848,0.11554745145933507,-0.23764976648653305,0.8236742957439591,-0.5555914632147032,-1.0807944610990652,0.41221722141308414,2.866674366004948,0.3414560441736006,-1.1928825122243796,0.48404919470651925,-1.284351095274533,21
1.6106714976357375,-0.7690712325340346,-0.042441605849886266,-0.2617616314234703,0.7441403247969468,0.03801659080088412,-0.9500835276315914,0.399701655761569,0.8655652000228734,0.47821129262333567,-0.8854707109887249,0.40686638933583313,-1.0132292745496663,21
1.366828153140244,-1.3148832832947748,-0.022692973686233596,-0.014631688584790206,0.5317932938432739,0.6042138955268135,-0.8351892671889783,0.07429694882217609,3.264333412571322,0.31740566969074113,-1.216254339191698,0.391746740757825,-0.8040854383762942,21
1.366828153140244,-1.2845603915858448,0.05630155496837707,-0.02150560640810761,0.5733306041609958,0.4168666901584919,-1.0784564348216719,0.13687477707975165,2.9074459701919073,0.20558065485260404,-1.213814529582605,0.4213285640937994,-1.2791321651273746,21
1.366828153140244,-1.1026230413322646,0.13529608362298773,-0.24593336774476268,0.7028756259111986,-0.02323751554810043,-1.0705909300791678,0.2620304335949028,1.6478432323303414,0.11002109671790017,-1.1357786451076457,0.38494202031338987,-1.2616830587738523,21
1.6648589075236249,-0.8600399076608247,0.05630155496837707,-0.1123483347235141,0.6327825377634109,0.5984492659608971,-0.8506311038513774,0.44976391836762947,1.0798995819925206,0.3486834584975224,-0.9844724263557538,0.41332293673255643,-0.8308451813310098,21
1.2855470383084129,-0.8600399076608247,0.07605018713202973,-0.06639015721326803,0.5243850983175256,-0.3171695675186653,-0.9858623248295617,0.287061564897933,0.8622335774985644,0.14203500428347904,-0.9923481853949859,0.35456056378930045,-1.0835479994573525,21
0.8249540542613698,-1.1329459330411948,-0.06219023801353893,0.2544372899775266,0.6636707973155489,0.33342056996934333,-0.7953979809101194,-0.1259521016020657,1.306311095551335,0.08589467361918647,-1.0969592674630335,0.6670180546253925,-0.7368769405245723,21
1.2042659234765818,-1.1329459330411948,0.13529608362298773,-0.06852851400486663,0.7219080616883651,0.18528691716372372,-1.1527184952340825,0.174421474034297,1.6464142275654896,0.037641827436235016,-1.150968836360355,0.512166491709765,-1.452616727714093,21
1.4481092679720753,-1.1026230413322646,-0.042441605849886266,0.019140163909567482,0.3930116532252794,-0.3611759621732027,-1.0987906453793657,0.1869370396858121,1.716435460635969,0.3916708619607829,-1.0852547481160375,0.2985192801588537,-1.3250270696598756,21
1.746140022355456,-1.2845603915858448,-0.042441605849886266,-0.2370951302677847,0.804841921506108,0.19862329322325994,-1.149167467910775,0.24951486794338767,3.4021414349257144,0.5503283181754629,-1.1942278592763897,0.46977217162420515,-1.44393666092336,21
1.366828153140244,-1.0116543662054747,-0.0029443415225809313,-0.18544396031104954,0.5064226255377186,-0.3401984694317099,-0.8445864784876398,0.21196817098884232,1.3014524794042401,0.2877021501243974,-1.0459033468633727,0.2687702147593855,-0.8203236653561736,21
1.6919526124675686,-0.7084254491161747,0.0365529228047244,0.08363855280510046,0.5617774802087732,-0.24813324808873727,-1.0844582700928447,0.512341746625205,0.8026345524683131,0.39109392575897356,-0.8927355850652101,0.475885578779534,-1.2925594205980508,21
1.827421137187287,-1.1632688247501248,-0.06219023801353893,-0.2767920536965156,0.5716399212515559,0.08856251760772128,-1.0092158662267985,0.3246082618524783,2.3962606567077653,0.6314199069065698,-1.1155250567718253,0.264310052419727,-1.1309449782820955,21
1.6377652025796812,-1.4664977418394247,0.13529608362298773,0.13178988308737263,0.58147961303951,0.06614872749772334,-0.9587059531379976,0.23699930229187255,7.967473865670655,0.230653212187342,-1.3180609401401564,0.5216514921465819,-1.0299306111932889,21
1.4210155630281316,-1.1026230413322646,0.05630155496837707,-0.09962322701034079,0.38386853376338675,-0.3354930793209133,-1.0784624376357241,0.23699930229187255,1.6935713845340932,0.2315993464244074,-1.1155250567710973,0.2222202317153892,-1.27914554557891,21
1.8545148421312307,-1.4058519584215647,0.13529608362298773,0.0834420133850163,0.5910510678547644,-0.5661375347228301,-1.0749541095883726,0.3621549588070237,5.946289538927749,0.32715890456289565,-1.2876805576347379,0.5000315864310436,-1.2713419752621054,21
0.8791414641492572,-0.9510085827876147,0.11554745145933507,0.05558002421703958,0.47104480726157383,-0.2484418559936382,-0.891132148318549,0.0868125144736912,0.8049902451398827,-0.0885751081941726,-1.0536390924079255,0.38402026987606425,-0.9029443901887824,21
1.8816085470751744,-1.4058519584215647,-0.022692973686233596,-0.2702997996248373,0.519126152759772,0.2383001447133503,-0.8862880772113787,0.27454599924641787,6.001816580884782,0.5856196285528192,-1.2695816063552994,0.2277323283687087,-0.8941703349715527,21
1.0146099888689757,-0.7387483408251047,0.05630155496837707,-0.17725863073813236,0.7845859853659387,-0.4830816677228459,-1.0010550848391806,0.19945260533732723,0.5180425063594564,0.03645915963588243,-0.9189461111480821,0.49256325704440984,-1.1142427406947344,21
1.2313596284205255,-1.0723001496233346,0.0365529228047244,-0.056334568395182055,0.5761131277553048,0.5618804860769169,-1.127135460505004,0.14939034273126678,1.411581112617731,0.1655118698315274,-1.0932461096006068,0.4023280082034889,-1.39098123321507,21
1.2042659234765818,-1.2542374998769148,-0.042441605849886266,0.11860156652829519,0.4280704832535507,-0.18954514188221017,-0.8883178273287774,0.011719120564600527,2.415695121342922,0.26186021596695397,-1.1760656740829978,0.3855562872486743,-0.8978417086225688,21
1.8816085470751744,-1.0419772579144047,0.016804290641071733,0.03520819580442423,0.5744494719687445,0.3786586176104826,-0.8555937082869193,0.44976391836762947,1.7934512959416993,0.5164774694490759,-1.070057817647666,0.456840627389999,-0.8395286401063617,21
1.475202972916019,-1.1935917164590548,0.0365529228047244,0.1182475664407599,0.7281010034952982,-0.06517234883370478,-0.7972887908977271,0.21196817098884232,2.253741248993308,0.2849376641460579,-1.1600829511124058,0.635733565937232,-0.740015440506244,21
0.8520477592053135,-0.9206856910786847,0.016804290641071733,0.23655682290768726,0.7070518121561443,0.521871122683795,-0.9419935014821834,0.02423468621611564,0.7243333758888778,0.0019445687744383986,-1.0018569589621846,0.6928812810923443,-0.9976962797614808,21
1.475202972916019,-0.7084254491161747,0.0365529228047244,-0.0625561866977683,0.46244716853973267,-0.12055258915300592,-0.8448708229242075,0.41221722141308414,0.6989840741371668,0.2849376641460579,-0.8927355850652101,0.3069845601007703,-0.8208172559801972,21
0.7978603493174261,-0.8297170159518947,0.13529608362298773,-0.21368836580874678,0.786544255615942,-0.42568767452489364,-0.9891087687163114,0.11184364577672143,0.5345386037018109,-0.1433063457679279,-0.9990669238332629,0.47063163901849103,-1.0900639404995025,21
1.2584533333644692,-1.3755290667126348,0.07605018713202973,-0.13943854618078413,0.6959115181949611,-0.29934062008080475,-0.982382705022473,0.06178138317066098,4.05142923222817,0.12927583822422448,-1.2654795088809132,0.44660074377568254,-1.0765896604501508,21
1.8816085470751744,-0.8903627993697547,-0.022692973686233596,0.27057119319480555,0.8056188613242761,-0.2696451378679716,-0.817438450458272,0.4873106153221748,1.2820180147336697,0.5856196285528192,-0.9673937590948917,0.7990388639173933,-0.7737991746111702,21
1.5022966778599627,-1.1935917164590548,-0.06219023801353893,-0.22637762038610135,0.5697589698050868,-0.06780938657358504,-0.8407529640093161,0.16190590838278188,2.2815047699738074,0.4544928042187698,-1.1340908460806172,0.2935819989750547,-0.8136820427841024,21
1.4210155630281316,-1.1329459330411948,0.016804290641071733,-0.3059554320913033,0.4564035864157078,0.5767110209831228,-0.9411354557872575,0.19945260533732723,1.8407588744307204,0.28629169809463284,-1.121208461661777,0.15823935309919254,-0.9960565071528955,21
1.8545148421312307,-0.7084254491161747,0.016804290641071733,-0.051020519752779936,0.4032878308688185,0.5603018529098697,-1.0145047483485974,0.5749195748827806,0.8803724112166729,0.5029371299576383,-0.8825054562625922,0.2660582722486503,-1.1418512585048093,21
1.3939218580841877,-1.1935917164590548,0.07605018713202973,0.23281621750544518,0.8161452115846599,0.053349552956676975,-0.8321410715915699,0.19945260533732723,2.1704506860518102,0.19307166852049706,-1.1690802182388211,0.7835752533410053,-0.7988489396740861,21
1.5293903828039064,-1.3148832832947748,0.016804290641071733,0.04262342862187668,0.7872426438570063,0.369250548817748,-1.0595286066297829,0.174421474034297,3.4975469888008535,0.34045305606038406,-1.223509749689999,0.6363540833816274,-1.2374196153399848,21
0.9333288740371446,-0.9510085827876147,0.0957988192956824,0.06895640431025539,0.8216537991814206,0.49109642199837283,-0.8007926452716039,0.09932808012520632,0.8403256354796178,-0.04429696797770086,-1.0472169640307678,0.6817678770427346,-0.7458456223252489,21
1.0417036938129194,-0.9510085827876147,0.07605018713202973,-0.1421073915086131,0.6570921254208212,-0.3259133336575364,-0.9157625306518355,0.13687477707975165,0.9109964161590881,0.027202509750188387,-1.040547830716032,0.41415297336402734,-0.9482185056707233,21
1.4481092679720753,-0.9206856910786847,-0.022692973686233596,0.26979916462473813,0.6837267689568869,0.38894927717321265,-1.1020064673251657,0.27454599924641787,1.0961231351163916,0.3597552421426482,-0.9851695148160922,0.6938390890140944,-1.3323916225179397,21
1.55648408774785,-0.9206856910786847,0.05630155496837707,0.24244805943274755,0.555674502568957,-0.4691098609448995,-1.1508595795299357,0.37467052445853877,1.163721273157758,0.2966460753539157,-1.0172355839595897,0.5672424784749527,-1.4480677042165777,21
1.8816085470751744,-1.0116543662054747,-0.06219023801353893,0.00978085598635837,0.773477520683862,-0.4592516613604203,-0.8960893139493996,0.41221722141308414,1.670707308452795,0.6609077573545367,-1.0226961102278664,0.6039422904614936,-0.9119669645944147,21
1.0417036938129194,-0.8600399076608247,0.11554745145933507,-0.18222947612184454,0.6329149836491775,-0.1503985802225682,-0.9913342131561717,0.19945260533732723,0.7223054317524499,-0.014855482073982901,-1.007224619135774,0.37013259291263,-1.0945440446499417,21
1.1229848086447507,-1.4058519584215647,-0.0029443415225809313,0.13016291396575164,0.680663362127774,0.6294298543049378,-0.8931726213477001,-0.06337427334449015,4.447059406087869,0.16330028104686523,-1.2721739040645867,0.6036193922210388,-0.9066528967519079,21
1.095891103700807,-1.2542374998769148,-0.042441605849886266,-0.1919289730408785,0.629756925507668,-0.16224314958057529,-1.003741290165358,-0.03834314204145992,2.286132023435467,0.20416659552525218,-1.1760656740829978,0.3616454883753115,-1.1197236775487396,21
0.8520477592053135,-0.8600399076608247,0.05630155496837707,-0.25735684327284714,0.7184729844102559,-0.5108425570802424,-1.0073758955224625,0.07429694882217609,0.6134724295054717,-0.04159691507952753,-0.9844724263557538,0.3898079438822007,-1.1271659041223838,21
1.095891103700807,-1.4058519584215647,0.0957988192956824,-0.09459274030753294,0.7997280662991796,-0.015849232498592818,-1.0907944722803682,-0.013312010738429698,4.391532364130836,0.030813594484352908,-1.2836680542850414,0.5579180143326439,-1.306842211957239,21
0.8791414641492572,-0.7387483408251047,0.07605018713202973,0.029191156273075242,0.7238201972744197,0.3039808990496264,-1.0448901870150813,0.14939034273126678,0.4510271108868095,-0.04935248660533875,-0.9280819916335915,0.5756800747617751,-1.205798221409401,21
1.3397344481963003,-1.3148832832947748,0.0957988192956824,-0.21188217051344285,0.5897142888988445,-0.3330884477375758,-1.1185012302954158,0.13687477707975165,3.2254644831997332,0.1434794381774337,-1.2363778362341866,0.31800695805969326,-1.370638280433319,21
1.2584533333644692,-0.9510085827876147,0.0365529228047244,0.12721602362898426,0.6588006512001933,0.3882509382036712,-0.8096121874086852,0.21196817098884232,1.0523379775180293,0.17878140253314184,-1.026409268088808,0.5834942020322433,-0.7606033269316034,21
1.8545148421312307,-0.8600399076608247,0.05630155496837707,0.1692922098213026,0.4241372288777737,-0.23994689640794864,-0.9064594941746557,0.5373728779282353,1.188732584239499,0.4397488789988341,-0.9844724263557538,0.4119742055026856,-0.9309865996633622,21
0.8249540542613698,-1.0723001496233346,0.0365529228047244,0.23530656158388538,0.7523769095684159,-0.05129743234229045,-0.8128862688460982,-0.03834314204145992,1.0876733678400967,-0.03353112069269003,-1.0932461096006068,0.7307720348842338,-0.7661122020446112,21
0.9604225789810883,-1.1632688247501248,-0.022692973686233596,-0.31064799938415216,0.5706649213540772,-0.05890870392104846,-0.9040594286875449,-0.050858707692975035,1.5670568300862346,0.1056578074312058,-1.1273755605856957,0.24292213809439295,-0.9265671362376474,21
